2026-04-29 11:03:59.380 [background-preinit] INFO  [] [] [] [] o.h.validator.internal.util.Version - HV000001: Hibernate Validator 8.0.3.Final
2026-04-29 11:03:59.415 [restartedMain] INFO  [] [] [] [] c.o.s.Chap01SpringStabilityApplication - Starting Chap01SpringStabilityApplication using Java 17.0.18 with PID 4928 (C:\Lecture\10_Logging-Monitoring\module01-spring-stability\build\classes\java\main started by user in C:\Lecture\10_Logging-Monitoring\module01-spring-stability)
2026-04-29 11:03:59.416 [restartedMain] DEBUG [] [] [] [] c.o.s.Chap01SpringStabilityApplication - Running with Spring Boot v3.4.13, Spring v6.2.15
2026-04-29 11:03:59.416 [restartedMain] INFO  [] [] [] [] c.o.s.Chap01SpringStabilityApplication - The following 1 profile is active: "dev"
2026-04-29 11:03:59.440 [restartedMain] INFO  [] [] [] [] o.s.b.d.e.DevToolsPropertyDefaultsPostProcessor - Devtools property defaults active! Set 'spring.devtools.add-properties' to 'false' to disable
2026-04-29 11:03:59.441 [restartedMain] INFO  [] [] [] [] o.s.b.d.e.DevToolsPropertyDefaultsPostProcessor - For additional web related logging consider setting the 'logging.level.web' property to 'DEBUG'
2026-04-29 11:03:59.886 [restartedMain] INFO  [] [] [] [] o.s.d.r.c.RepositoryConfigurationDelegate - Bootstrapping Spring Data JPA repositories in DEFAULT mode.
2026-04-29 11:03:59.939 [restartedMain] INFO  [] [] [] [] o.s.d.r.c.RepositoryConfigurationDelegate - Finished Spring Data repository scanning in 46 ms. Found 4 JPA repository interfaces.
2026-04-29 11:04:00.397 [restartedMain] INFO  [] [] [] [] o.s.b.w.e.tomcat.TomcatWebServer - Tomcat initialized with port 8080 (http)
2026-04-29 11:04:00.405 [restartedMain] INFO  [] [] [] [] o.a.coyote.http11.Http11NioProtocol - Initializing ProtocolHandler ["http-nio-8080"]
2026-04-29 11:04:00.407 [restartedMain] INFO  [] [] [] [] o.a.catalina.core.StandardService - Starting service [Tomcat]
2026-04-29 11:04:00.407 [restartedMain] INFO  [] [] [] [] o.a.catalina.core.StandardEngine - Starting Servlet engine: [Apache Tomcat/10.1.50]
2026-04-29 11:04:00.438 [restartedMain] INFO  [] [] [] [] o.a.c.c.C.[Tomcat].[localhost].[/] - Initializing Spring embedded WebApplicationContext
2026-04-29 11:04:00.438 [restartedMain] INFO  [] [] [] [] o.s.b.w.s.c.ServletWebServerApplicationContext - Root WebApplicationContext: initialization completed in 997 ms
2026-04-29 11:04:00.478 [restartedMain] DEBUG [] [] [] [] c.o.s.s.l.config.LoggingConfig$1 - Filter 'mdcLoggingFilter' configured for use
2026-04-29 11:04:00.551 [restartedMain] INFO  [] [] [] [] o.h.jpa.internal.util.LogHelper - HHH000204: Processing PersistenceUnitInfo [name: default]
2026-04-29 11:04:00.585 [restartedMain] INFO  [] [] [] [] org.hibernate.Version - HHH000412: Hibernate ORM core version 6.6.39.Final
2026-04-29 11:04:00.609 [restartedMain] INFO  [] [] [] [] o.h.c.i.RegionFactoryInitiator - HHH000026: Second-level cache disabled
2026-04-29 11:04:00.853 [restartedMain] INFO  [] [] [] [] o.s.o.j.p.SpringPersistenceUnitInfo - No LoadTimeWeaver setup: ignoring JPA class transformer
2026-04-29 11:04:00.874 [restartedMain] INFO  [] [] [] [] com.zaxxer.hikari.HikariDataSource - HikariPool-1 - Starting...
2026-04-29 11:04:00.995 [restartedMain] INFO  [] [] [] [] com.zaxxer.hikari.pool.HikariPool - HikariPool-1 - Added connection conn0: url=jdbc:h2:mem:library user=OHGIRAFFERS
2026-04-29 11:04:00.999 [restartedMain] INFO  [] [] [] [] com.zaxxer.hikari.HikariDataSource - HikariPool-1 - Start completed.
2026-04-29 11:04:01.036 [restartedMain] INFO  [] [] [] [] o.hibernate.orm.connections.pooling - HHH10001005: Database info:
	Database JDBC URL [Connecting through datasource 'HikariDataSource (HikariPool-1)']
	Database driver: undefined/unknown
	Database version: 2.3.232
	Autocommit mode: undefined/unknown
	Isolation level: undefined/unknown
	Minimum pool size: undefined/unknown
	Maximum pool size: undefined/unknown
2026-04-29 11:04:01.691 [restartedMain] INFO  [] [] [] [] o.h.e.t.j.p.i.JtaPlatformInitiator - HHH000489: No JTA platform available (set 'hibernate.transaction.jta.platform' to enable JTA platform integration)
2026-04-29 11:04:01.703 [restartedMain] DEBUG [] [] [] [] org.hibernate.SQL - 
    drop table if exists tbl_book cascade 
2026-04-29 11:04:01.706 [restartedMain] DEBUG [] [] [] [] org.hibernate.SQL - 
    drop table if exists tbl_loan cascade 
2026-04-29 11:04:01.706 [restartedMain] DEBUG [] [] [] [] org.hibernate.SQL - 
    drop table if exists tbl_member cascade 
2026-04-29 11:04:01.706 [restartedMain] DEBUG [] [] [] [] org.hibernate.SQL - 
    drop table if exists tbl_review cascade 
2026-04-29 11:04:01.710 [restartedMain] DEBUG [] [] [] [] org.hibernate.SQL - 
    create table tbl_book (
        available boolean not null,
        publish_date date not null,
        stock_quantity integer not null,
        book_id bigint generated by default as identity,
        isbn varchar(13) not null unique,
        author varchar(100) not null,
        publisher varchar(100) not null,
        title varchar(200) not null,
        primary key (book_id)
    )
2026-04-29 11:04:01.729 [restartedMain] DEBUG [] [] [] [] org.hibernate.SQL - 
    create table tbl_loan (
        fine_amount integer,
        overdue_days integer,
        book_id bigint not null,
        due_date timestamp(6) not null,
        loan_date timestamp(6) not null,
        loan_id bigint generated by default as identity,
        member_id bigint not null,
        return_date timestamp(6),
        status enum ('ACTIVE','OVERDUE','RETURNED') not null,
        primary key (loan_id)
    )
2026-04-29 11:04:01.731 [restartedMain] DEBUG [] [] [] [] org.hibernate.SQL - 
    create table tbl_member (
        active boolean not null,
        join_date timestamp(6) not null,
        member_id bigint generated by default as identity,
        phone varchar(20),
        member_name varchar(50) not null,
        email varchar(100) not null unique,
        primary key (member_id)
    )
2026-04-29 11:04:01.733 [restartedMain] DEBUG [] [] [] [] org.hibernate.SQL - 
    create table tbl_review (
        helpful_count integer not null check (helpful_count>=0),
        rating float(53) not null,
        verified_purchase boolean not null,
        book_id bigint not null,
        created_at timestamp(6) not null,
        member_id bigint not null,
        review_id bigint generated by default as identity,
        updated_at timestamp(6),
        title varchar(100) not null,
        content varchar(2000) not null,
        status enum ('ACTIVE','DELETED','HIDDEN') not null,
        primary key (review_id),
        unique (member_id, book_id)
    )
2026-04-29 11:04:01.736 [restartedMain] DEBUG [] [] [] [] org.hibernate.SQL - 
    alter table if exists tbl_loan 
       add constraint FK963g40utp85k5mww691e4ma6g 
       foreign key (book_id) 
       references tbl_book
2026-04-29 11:04:01.745 [restartedMain] DEBUG [] [] [] [] org.hibernate.SQL - 
    alter table if exists tbl_loan 
       add constraint FKqtnm703pqo6mnin10corsjsc 
       foreign key (member_id) 
       references tbl_member
2026-04-29 11:04:01.746 [restartedMain] DEBUG [] [] [] [] org.hibernate.SQL - 
    alter table if exists tbl_review 
       add constraint FK6ykodvsh8wis5tfouaxwi9qbc 
       foreign key (book_id) 
       references tbl_book
2026-04-29 11:04:01.747 [restartedMain] DEBUG [] [] [] [] org.hibernate.SQL - 
    alter table if exists tbl_review 
       add constraint FKcgs2lvcrlf9x3jtif9sskpx0 
       foreign key (member_id) 
       references tbl_member
2026-04-29 11:04:01.751 [restartedMain] INFO  [] [] [] [] o.s.o.j.LocalContainerEntityManagerFactoryBean - Initialized JPA EntityManagerFactory for persistence unit 'default'
2026-04-29 11:04:02.004 [restartedMain] INFO  [] [] [] [] o.s.d.j.r.query.QueryEnhancerFactory - Hibernate is in classpath; If applicable, HQL parser will be used.
2026-04-29 11:04:02.493 [restartedMain] WARN  [] [] [] [] o.s.b.a.o.j.JpaBaseConfiguration$JpaWebConfiguration - spring.jpa.open-in-view is enabled by default. Therefore, database queries may be performed during view rendering. Explicitly configure spring.jpa.open-in-view to disable this warning
2026-04-29 11:04:02.578 [restartedMain] DEBUG [] [] [] [] o.s.w.s.m.m.a.RequestMappingHandlerMapping - 29 mappings in 'requestMappingHandlerMapping'
2026-04-29 11:04:02.667 [restartedMain] DEBUG [] [] [] [] o.s.w.s.h.SimpleUrlHandlerMapping - Patterns [/webjars/**, /**] in 'resourceHandlerMapping'
2026-04-29 11:04:02.697 [restartedMain] DEBUG [] [] [] [] o.s.w.s.m.m.a.RequestMappingHandlerAdapter - ControllerAdvice beans: 0 @ModelAttribute, 0 @InitBinder, 1 RequestBodyAdvice, 1 ResponseBodyAdvice
2026-04-29 11:04:02.741 [restartedMain] DEBUG [] [] [] [] o.s.w.s.m.m.a.ExceptionHandlerExceptionResolver - ControllerAdvice beans: 2 @ExceptionHandler, 1 ResponseBodyAdvice
2026-04-29 11:04:02.800 [restartedMain] INFO  [] [] [] [] o.s.b.a.h.H2ConsoleAutoConfiguration - H2 console available at '/h2-console'. Database available at 'jdbc:h2:mem:library'
2026-04-29 11:04:02.890 [restartedMain] INFO  [] [] [] [] o.s.b.d.a.OptionalLiveReloadServer - LiveReload server is running on port 35729
2026-04-29 11:04:02.903 [restartedMain] INFO  [] [] [] [] o.a.coyote.http11.Http11NioProtocol - Starting ProtocolHandler ["http-nio-8080"]
2026-04-29 11:04:02.919 [restartedMain] INFO  [] [] [] [] o.s.b.w.e.tomcat.TomcatWebServer - Tomcat started on port 8080 (http) with context path '/'
2026-04-29 11:04:02.926 [restartedMain] INFO  [] [] [] [] c.o.s.Chap01SpringStabilityApplication - Started Chap01SpringStabilityApplication in 3.899 seconds (process running for 5.57)
2026-04-29 11:07:22.528 [http-nio-8080-exec-1] INFO  [] [] [] [] o.a.c.c.C.[Tomcat].[localhost].[/] - Initializing Spring DispatcherServlet 'dispatcherServlet'
2026-04-29 11:07:22.528 [http-nio-8080-exec-1] INFO  [] [] [] [] o.s.web.servlet.DispatcherServlet - Initializing Servlet 'dispatcherServlet'
2026-04-29 11:07:22.528 [http-nio-8080-exec-1] DEBUG [] [] [] [] o.s.web.servlet.DispatcherServlet - Detected StandardServletMultipartResolver
2026-04-29 11:07:22.528 [http-nio-8080-exec-1] DEBUG [] [] [] [] o.s.web.servlet.DispatcherServlet - Detected AcceptHeaderLocaleResolver
2026-04-29 11:07:22.528 [http-nio-8080-exec-1] DEBUG [] [] [] [] o.s.web.servlet.DispatcherServlet - Detected FixedThemeResolver
2026-04-29 11:07:22.528 [http-nio-8080-exec-1] DEBUG [] [] [] [] o.s.web.servlet.DispatcherServlet - Detected org.springframework.web.servlet.view.DefaultRequestToViewNameTranslator@740b5b44
2026-04-29 11:07:22.528 [http-nio-8080-exec-1] DEBUG [] [] [] [] o.s.web.servlet.DispatcherServlet - Detected org.springframework.web.servlet.support.SessionFlashMapManager@3f1387d8
2026-04-29 11:07:22.528 [http-nio-8080-exec-1] DEBUG [] [] [] [] o.s.web.servlet.DispatcherServlet - enableLoggingRequestDetails='false': request parameters and headers will be masked to prevent unsafe logging of potentially sensitive data
2026-04-29 11:07:22.528 [http-nio-8080-exec-1] INFO  [] [] [] [] o.s.web.servlet.DispatcherServlet - Completed initialization in 0 ms
2026-04-29 11:07:22.545 [http-nio-8080-exec-1] DEBUG [ed6dd345] [GET] [/] [0:0:0:0:0:0:0:1] o.s.web.servlet.DispatcherServlet - GET "/", parameters={}
2026-04-29 11:07:22.562 [http-nio-8080-exec-1] DEBUG [ed6dd345] [GET] [/] [0:0:0:0:0:0:0:1] o.s.w.s.h.SimpleUrlHandlerMapping - Mapped to ResourceHttpRequestHandler [classpath [META-INF/resources/], classpath [resources/], classpath [static/], classpath [public/], ServletContext [/]]
2026-04-29 11:07:22.562 [http-nio-8080-exec-1] DEBUG [ed6dd345] [GET] [/] [0:0:0:0:0:0:0:1] o.s.w.s.r.ResourceHttpRequestHandler - Resource not found
2026-04-29 11:07:22.579 [http-nio-8080-exec-1] DEBUG [ed6dd345] [GET] [/] [0:0:0:0:0:0:0:1] o.s.w.s.m.m.a.ExceptionHandlerExceptionResolver - Using @ExceptionHandler com.ohgiraffers.stability.section01.exception.handler.GlobalExceptionHandler#handleGenericException(Exception, HttpServletRequest)
2026-04-29 11:07:22.580 [http-nio-8080-exec-1] ERROR [ed6dd345] [GET] [/] [0:0:0:0:0:0:0:1] c.o.s.s.e.h.GlobalExceptionHandler - [s1][GlobalExceptionHandler] 예상하지 못한 오류 발생
org.springframework.web.servlet.resource.NoResourceFoundException: No static resource .
	at org.springframework.web.servlet.resource.ResourceHttpRequestHandler.handleRequest(ResourceHttpRequestHandler.java:585)
	at org.springframework.web.servlet.mvc.HttpRequestHandlerAdapter.handle(HttpRequestHandlerAdapter.java:52)
	at org.springframework.web.servlet.DispatcherServlet.doDispatch(DispatcherServlet.java:1089)
	at org.springframework.web.servlet.DispatcherServlet.doService(DispatcherServlet.java:979)
	at org.springframework.web.servlet.FrameworkServlet.processRequest(FrameworkServlet.java:1014)
	at org.springframework.web.servlet.FrameworkServlet.doGet(FrameworkServlet.java:903)
	at jakarta.servlet.http.HttpServlet.service(HttpServlet.java:564)
	at org.springframework.web.servlet.FrameworkServlet.service(FrameworkServlet.java:885)
	at jakarta.servlet.http.HttpServlet.service(HttpServlet.java:658)
	at org.apache.catalina.core.ApplicationFilterChain.internalDoFilter(ApplicationFilterChain.java:193)
	at org.apache.catalina.core.ApplicationFilterChain.doFilter(ApplicationFilterChain.java:138)
	at org.apache.tomcat.websocket.server.WsFilter.doFilter(WsFilter.java:51)
	at org.apache.catalina.core.ApplicationFilterChain.internalDoFilter(ApplicationFilterChain.java:162)
	at org.apache.catalina.core.ApplicationFilterChain.doFilter(ApplicationFilterChain.java:138)
	at com.ohgiraffers.stability.section02.logging.config.LoggingConfig$1.doFilterInternal(LoggingConfig.java:74)
	at org.springframework.web.filter.OncePerRequestFilter.doFilter(OncePerRequestFilter.java:116)
	at org.apache.catalina.core.ApplicationFilterChain.internalDoFilter(ApplicationFilterChain.java:162)
	at org.apache.catalina.core.ApplicationFilterChain.doFilter(ApplicationFilterChain.java:138)
	at org.springframework.web.filter.RequestContextFilter.doFilterInternal(RequestContextFilter.java:100)
	at org.springframework.web.filter.OncePerRequestFilter.doFilter(OncePerRequestFilter.java:116)
	at org.apache.catalina.core.ApplicationFilterChain.internalDoFilter(ApplicationFilterChain.java:162)
	at org.apache.catalina.core.ApplicationFilterChain.doFilter(ApplicationFilterChain.java:138)
	at org.springframework.web.filter.FormContentFilter.doFilterInternal(FormContentFilter.java:93)
	at org.springframework.web.filter.OncePerRequestFilter.doFilter(OncePerRequestFilter.java:116)
	at org.apache.catalina.core.ApplicationFilterChain.internalDoFilter(ApplicationFilterChain.java:162)
	at org.apache.catalina.core.ApplicationFilterChain.doFilter(ApplicationFilterChain.java:138)
	at org.springframework.web.filter.CharacterEncodingFilter.doFilterInternal(CharacterEncodingFilter.java:201)
	at org.springframework.web.filter.OncePerRequestFilter.doFilter(OncePerRequestFilter.java:116)
	at org.apache.catalina.core.ApplicationFilterChain.internalDoFilter(ApplicationFilterChain.java:162)
	at org.apache.catalina.core.ApplicationFilterChain.doFilter(ApplicationFilterChain.java:138)
	at org.apache.catalina.core.StandardWrapperValve.invoke(StandardWrapperValve.java:165)
	at org.apache.catalina.core.StandardContextValve.invoke(StandardContextValve.java:88)
	at org.apache.catalina.authenticator.AuthenticatorBase.invoke(AuthenticatorBase.java:482)
	at org.apache.catalina.core.StandardHostValve.invoke(StandardHostValve.java:113)
	at org.apache.catalina.valves.ErrorReportValve.invoke(ErrorReportValve.java:83)
	at org.apache.catalina.core.StandardEngineValve.invoke(StandardEngineValve.java:72)
	at org.apache.catalina.connector.CoyoteAdapter.service(CoyoteAdapter.java:342)
	at org.apache.coyote.http11.Http11Processor.service(Http11Processor.java:399)
	at org.apache.coyote.AbstractProcessorLight.process(AbstractProcessorLight.java:63)
	at org.apache.coyote.AbstractProtocol$ConnectionHandler.process(AbstractProtocol.java:903)
	at org.apache.tomcat.util.net.NioEndpoint$SocketProcessor.doRun(NioEndpoint.java:1774)
	at org.apache.tomcat.util.net.SocketProcessorBase.run(SocketProcessorBase.java:52)
	at org.apache.tomcat.util.threads.ThreadPoolExecutor.runWorker(ThreadPoolExecutor.java:973)
	at org.apache.tomcat.util.threads.ThreadPoolExecutor$Worker.run(ThreadPoolExecutor.java:491)
	at org.apache.tomcat.util.threads.TaskThread$WrappingRunnable.run(TaskThread.java:63)
	at java.base/java.lang.Thread.run(Thread.java:840)
2026-04-29 11:07:22.629 [http-nio-8080-exec-1] DEBUG [ed6dd345] [GET] [/] [0:0:0:0:0:0:0:1] o.s.w.s.m.m.a.HttpEntityMethodProcessor - Using 'application/json;q=0.8', given [text/html, application/xhtml+xml, image/avif, image/webp, image/apng, application/xml;q=0.9, */*;q=0.8, application/signed-exchange;v=b3;q=0.7] and supported [application/json, application/*+json]
2026-04-29 11:07:22.632 [http-nio-8080-exec-1] DEBUG [ed6dd345] [GET] [/] [0:0:0:0:0:0:0:1] o.s.w.s.m.m.a.HttpEntityMethodProcessor - Writing [ErrorResponse{errorCode='INTERNAL_SERVER_ERROR', message='서버 내부 오류가 발생했습니다.', timestamp=2026-04-29T1 (truncated)...]
2026-04-29 11:07:22.654 [http-nio-8080-exec-1] WARN  [ed6dd345] [GET] [/] [0:0:0:0:0:0:0:1] o.s.w.s.m.m.a.ExceptionHandlerExceptionResolver - Resolved [org.springframework.web.servlet.resource.NoResourceFoundException: No static resource .]
2026-04-29 11:07:22.655 [http-nio-8080-exec-1] DEBUG [ed6dd345] [GET] [/] [0:0:0:0:0:0:0:1] o.s.web.servlet.DispatcherServlet - Completed 500 INTERNAL_SERVER_ERROR
2026-04-29 11:07:23.140 [http-nio-8080-exec-2] DEBUG [60aaf6df] [GET] [/] [0:0:0:0:0:0:0:1] o.s.web.servlet.DispatcherServlet - GET "/", parameters={}
2026-04-29 11:07:23.141 [http-nio-8080-exec-2] DEBUG [60aaf6df] [GET] [/] [0:0:0:0:0:0:0:1] o.s.w.s.h.SimpleUrlHandlerMapping - Mapped to ResourceHttpRequestHandler [classpath [META-INF/resources/], classpath [resources/], classpath [static/], classpath [public/], ServletContext [/]]
2026-04-29 11:07:23.141 [http-nio-8080-exec-2] DEBUG [60aaf6df] [GET] [/] [0:0:0:0:0:0:0:1] o.s.w.s.r.ResourceHttpRequestHandler - Resource not found
2026-04-29 11:07:23.142 [http-nio-8080-exec-2] DEBUG [60aaf6df] [GET] [/] [0:0:0:0:0:0:0:1] o.s.w.s.m.m.a.ExceptionHandlerExceptionResolver - Using @ExceptionHandler com.ohgiraffers.stability.section01.exception.handler.GlobalExceptionHandler#handleGenericException(Exception, HttpServletRequest)
2026-04-29 11:07:23.142 [http-nio-8080-exec-2] ERROR [60aaf6df] [GET] [/] [0:0:0:0:0:0:0:1] c.o.s.s.e.h.GlobalExceptionHandler - [s1][GlobalExceptionHandler] 예상하지 못한 오류 발생
org.springframework.web.servlet.resource.NoResourceFoundException: No static resource .
	at org.springframework.web.servlet.resource.ResourceHttpRequestHandler.handleRequest(ResourceHttpRequestHandler.java:585)
	at org.springframework.web.servlet.mvc.HttpRequestHandlerAdapter.handle(HttpRequestHandlerAdapter.java:52)
	at org.springframework.web.servlet.DispatcherServlet.doDispatch(DispatcherServlet.java:1089)
	at org.springframework.web.servlet.DispatcherServlet.doService(DispatcherServlet.java:979)
	at org.springframework.web.servlet.FrameworkServlet.processRequest(FrameworkServlet.java:1014)
	at org.springframework.web.servlet.FrameworkServlet.doGet(FrameworkServlet.java:903)
	at jakarta.servlet.http.HttpServlet.service(HttpServlet.java:564)
	at org.springframework.web.servlet.FrameworkServlet.service(FrameworkServlet.java:885)
	at jakarta.servlet.http.HttpServlet.service(HttpServlet.java:658)
	at org.apache.catalina.core.ApplicationFilterChain.internalDoFilter(ApplicationFilterChain.java:193)
	at org.apache.catalina.core.ApplicationFilterChain.doFilter(ApplicationFilterChain.java:138)
	at org.apache.tomcat.websocket.server.WsFilter.doFilter(WsFilter.java:51)
	at org.apache.catalina.core.ApplicationFilterChain.internalDoFilter(ApplicationFilterChain.java:162)
	at org.apache.catalina.core.ApplicationFilterChain.doFilter(ApplicationFilterChain.java:138)
	at com.ohgiraffers.stability.section02.logging.config.LoggingConfig$1.doFilterInternal(LoggingConfig.java:74)
	at org.springframework.web.filter.OncePerRequestFilter.doFilter(OncePerRequestFilter.java:116)
	at org.apache.catalina.core.ApplicationFilterChain.internalDoFilter(ApplicationFilterChain.java:162)
	at org.apache.catalina.core.ApplicationFilterChain.doFilter(ApplicationFilterChain.java:138)
	at org.springframework.web.filter.RequestContextFilter.doFilterInternal(RequestContextFilter.java:100)
	at org.springframework.web.filter.OncePerRequestFilter.doFilter(OncePerRequestFilter.java:116)
	at org.apache.catalina.core.ApplicationFilterChain.internalDoFilter(ApplicationFilterChain.java:162)
	at org.apache.catalina.core.ApplicationFilterChain.doFilter(ApplicationFilterChain.java:138)
	at org.springframework.web.filter.FormContentFilter.doFilterInternal(FormContentFilter.java:93)
	at org.springframework.web.filter.OncePerRequestFilter.doFilter(OncePerRequestFilter.java:116)
	at org.apache.catalina.core.ApplicationFilterChain.internalDoFilter(ApplicationFilterChain.java:162)
	at org.apache.catalina.core.ApplicationFilterChain.doFilter(ApplicationFilterChain.java:138)
	at org.springframework.web.filter.CharacterEncodingFilter.doFilterInternal(CharacterEncodingFilter.java:201)
	at org.springframework.web.filter.OncePerRequestFilter.doFilter(OncePerRequestFilter.java:116)
	at org.apache.catalina.core.ApplicationFilterChain.internalDoFilter(ApplicationFilterChain.java:162)
	at org.apache.catalina.core.ApplicationFilterChain.doFilter(ApplicationFilterChain.java:138)
	at org.apache.catalina.core.StandardWrapperValve.invoke(StandardWrapperValve.java:165)
	at org.apache.catalina.core.StandardContextValve.invoke(StandardContextValve.java:88)
	at org.apache.catalina.authenticator.AuthenticatorBase.invoke(AuthenticatorBase.java:482)
	at org.apache.catalina.core.StandardHostValve.invoke(StandardHostValve.java:113)
	at org.apache.catalina.valves.ErrorReportValve.invoke(ErrorReportValve.java:83)
	at org.apache.catalina.core.StandardEngineValve.invoke(StandardEngineValve.java:72)
	at org.apache.catalina.connector.CoyoteAdapter.service(CoyoteAdapter.java:342)
	at org.apache.coyote.http11.Http11Processor.service(Http11Processor.java:399)
	at org.apache.coyote.AbstractProcessorLight.process(AbstractProcessorLight.java:63)
	at org.apache.coyote.AbstractProtocol$ConnectionHandler.process(AbstractProtocol.java:903)
	at org.apache.tomcat.util.net.NioEndpoint$SocketProcessor.doRun(NioEndpoint.java:1774)
	at org.apache.tomcat.util.net.SocketProcessorBase.run(SocketProcessorBase.java:52)
	at org.apache.tomcat.util.threads.ThreadPoolExecutor.runWorker(ThreadPoolExecutor.java:973)
	at org.apache.tomcat.util.threads.ThreadPoolExecutor$Worker.run(ThreadPoolExecutor.java:491)
	at org.apache.tomcat.util.threads.TaskThread$WrappingRunnable.run(TaskThread.java:63)
	at java.base/java.lang.Thread.run(Thread.java:840)
2026-04-29 11:07:23.144 [http-nio-8080-exec-2] DEBUG [60aaf6df] [GET] [/] [0:0:0:0:0:0:0:1] o.s.w.s.m.m.a.HttpEntityMethodProcessor - Using 'application/json;q=0.8', given [text/html, application/xhtml+xml, image/avif, image/webp, image/apng, application/xml;q=0.9, */*;q=0.8, application/signed-exchange;v=b3;q=0.7] and supported [application/json, application/*+json]
2026-04-29 11:07:23.145 [http-nio-8080-exec-2] DEBUG [60aaf6df] [GET] [/] [0:0:0:0:0:0:0:1] o.s.w.s.m.m.a.HttpEntityMethodProcessor - Writing [ErrorResponse{errorCode='INTERNAL_SERVER_ERROR', message='서버 내부 오류가 발생했습니다.', timestamp=2026-04-29T1 (truncated)...]
2026-04-29 11:07:23.146 [http-nio-8080-exec-2] WARN  [60aaf6df] [GET] [/] [0:0:0:0:0:0:0:1] o.s.w.s.m.m.a.ExceptionHandlerExceptionResolver - Resolved [org.springframework.web.servlet.resource.NoResourceFoundException: No static resource .]
2026-04-29 11:07:23.146 [http-nio-8080-exec-2] DEBUG [60aaf6df] [GET] [/] [0:0:0:0:0:0:0:1] o.s.web.servlet.DispatcherServlet - Completed 500 INTERNAL_SERVER_ERROR
2026-04-29 11:07:23.167 [http-nio-8080-exec-4] DEBUG [fba33d63] [GET] [/favicon.ico] [0:0:0:0:0:0:0:1] o.s.web.servlet.DispatcherServlet - GET "/favicon.ico", parameters={}
2026-04-29 11:07:23.167 [http-nio-8080-exec-4] DEBUG [fba33d63] [GET] [/favicon.ico] [0:0:0:0:0:0:0:1] o.s.w.s.h.SimpleUrlHandlerMapping - Mapped to ResourceHttpRequestHandler [classpath [META-INF/resources/], classpath [resources/], classpath [static/], classpath [public/], ServletContext [/]]
2026-04-29 11:07:23.167 [http-nio-8080-exec-4] DEBUG [fba33d63] [GET] [/favicon.ico] [0:0:0:0:0:0:0:1] o.s.w.s.r.ResourceHttpRequestHandler - Resource not found
2026-04-29 11:07:23.167 [http-nio-8080-exec-4] DEBUG [fba33d63] [GET] [/favicon.ico] [0:0:0:0:0:0:0:1] o.s.w.s.m.m.a.ExceptionHandlerExceptionResolver - Using @ExceptionHandler com.ohgiraffers.stability.section01.exception.handler.GlobalExceptionHandler#handleGenericException(Exception, HttpServletRequest)
2026-04-29 11:07:23.167 [http-nio-8080-exec-4] ERROR [fba33d63] [GET] [/favicon.ico] [0:0:0:0:0:0:0:1] c.o.s.s.e.h.GlobalExceptionHandler - [s1][GlobalExceptionHandler] 예상하지 못한 오류 발생
org.springframework.web.servlet.resource.NoResourceFoundException: No static resource favicon.ico.
	at org.springframework.web.servlet.resource.ResourceHttpRequestHandler.handleRequest(ResourceHttpRequestHandler.java:585)
	at org.springframework.web.servlet.mvc.HttpRequestHandlerAdapter.handle(HttpRequestHandlerAdapter.java:52)
	at org.springframework.web.servlet.DispatcherServlet.doDispatch(DispatcherServlet.java:1089)
	at org.springframework.web.servlet.DispatcherServlet.doService(DispatcherServlet.java:979)
	at org.springframework.web.servlet.FrameworkServlet.processRequest(FrameworkServlet.java:1014)
	at org.springframework.web.servlet.FrameworkServlet.doGet(FrameworkServlet.java:903)
	at jakarta.servlet.http.HttpServlet.service(HttpServlet.java:564)
	at org.springframework.web.servlet.FrameworkServlet.service(FrameworkServlet.java:885)
	at jakarta.servlet.http.HttpServlet.service(HttpServlet.java:658)
	at org.apache.catalina.core.ApplicationFilterChain.internalDoFilter(ApplicationFilterChain.java:193)
	at org.apache.catalina.core.ApplicationFilterChain.doFilter(ApplicationFilterChain.java:138)
	at org.apache.tomcat.websocket.server.WsFilter.doFilter(WsFilter.java:51)
	at org.apache.catalina.core.ApplicationFilterChain.internalDoFilter(ApplicationFilterChain.java:162)
	at org.apache.catalina.core.ApplicationFilterChain.doFilter(ApplicationFilterChain.java:138)
	at com.ohgiraffers.stability.section02.logging.config.LoggingConfig$1.doFilterInternal(LoggingConfig.java:74)
	at org.springframework.web.filter.OncePerRequestFilter.doFilter(OncePerRequestFilter.java:116)
	at org.apache.catalina.core.ApplicationFilterChain.internalDoFilter(ApplicationFilterChain.java:162)
	at org.apache.catalina.core.ApplicationFilterChain.doFilter(ApplicationFilterChain.java:138)
	at org.springframework.web.filter.RequestContextFilter.doFilterInternal(RequestContextFilter.java:100)
	at org.springframework.web.filter.OncePerRequestFilter.doFilter(OncePerRequestFilter.java:116)
	at org.apache.catalina.core.ApplicationFilterChain.internalDoFilter(ApplicationFilterChain.java:162)
	at org.apache.catalina.core.ApplicationFilterChain.doFilter(ApplicationFilterChain.java:138)
	at org.springframework.web.filter.FormContentFilter.doFilterInternal(FormContentFilter.java:93)
	at org.springframework.web.filter.OncePerRequestFilter.doFilter(OncePerRequestFilter.java:116)
	at org.apache.catalina.core.ApplicationFilterChain.internalDoFilter(ApplicationFilterChain.java:162)
	at org.apache.catalina.core.ApplicationFilterChain.doFilter(ApplicationFilterChain.java:138)
	at org.springframework.web.filter.CharacterEncodingFilter.doFilterInternal(CharacterEncodingFilter.java:201)
	at org.springframework.web.filter.OncePerRequestFilter.doFilter(OncePerRequestFilter.java:116)
	at org.apache.catalina.core.ApplicationFilterChain.internalDoFilter(ApplicationFilterChain.java:162)
	at org.apache.catalina.core.ApplicationFilterChain.doFilter(ApplicationFilterChain.java:138)
	at org.apache.catalina.core.StandardWrapperValve.invoke(StandardWrapperValve.java:165)
	at org.apache.catalina.core.StandardContextValve.invoke(StandardContextValve.java:88)
	at org.apache.catalina.authenticator.AuthenticatorBase.invoke(AuthenticatorBase.java:482)
	at org.apache.catalina.core.StandardHostValve.invoke(StandardHostValve.java:113)
	at org.apache.catalina.valves.ErrorReportValve.invoke(ErrorReportValve.java:83)
	at org.apache.catalina.core.StandardEngineValve.invoke(StandardEngineValve.java:72)
	at org.apache.catalina.connector.CoyoteAdapter.service(CoyoteAdapter.java:342)
	at org.apache.coyote.http11.Http11Processor.service(Http11Processor.java:399)
	at org.apache.coyote.AbstractProcessorLight.process(AbstractProcessorLight.java:63)
	at org.apache.coyote.AbstractProtocol$ConnectionHandler.process(AbstractProtocol.java:903)
	at org.apache.tomcat.util.net.NioEndpoint$SocketProcessor.doRun(NioEndpoint.java:1774)
	at org.apache.tomcat.util.net.SocketProcessorBase.run(SocketProcessorBase.java:52)
	at org.apache.tomcat.util.threads.ThreadPoolExecutor.runWorker(ThreadPoolExecutor.java:973)
	at org.apache.tomcat.util.threads.ThreadPoolExecutor$Worker.run(ThreadPoolExecutor.java:491)
	at org.apache.tomcat.util.threads.TaskThread$WrappingRunnable.run(TaskThread.java:63)
	at java.base/java.lang.Thread.run(Thread.java:840)
2026-04-29 11:07:23.167 [http-nio-8080-exec-4] DEBUG [fba33d63] [GET] [/favicon.ico] [0:0:0:0:0:0:0:1] o.s.w.s.m.m.a.HttpEntityMethodProcessor - Using 'application/json;q=0.8', given [image/avif, image/webp, image/apng, image/svg+xml, image/*, */*;q=0.8] and supported [application/json, application/*+json]
2026-04-29 11:07:23.167 [http-nio-8080-exec-4] DEBUG [fba33d63] [GET] [/favicon.ico] [0:0:0:0:0:0:0:1] o.s.w.s.m.m.a.HttpEntityMethodProcessor - Writing [ErrorResponse{errorCode='INTERNAL_SERVER_ERROR', message='서버 내부 오류가 발생했습니다.', timestamp=2026-04-29T1 (truncated)...]
2026-04-29 11:07:23.178 [http-nio-8080-exec-4] WARN  [fba33d63] [GET] [/favicon.ico] [0:0:0:0:0:0:0:1] o.s.w.s.m.m.a.ExceptionHandlerExceptionResolver - Resolved [org.springframework.web.servlet.resource.NoResourceFoundException: No static resource favicon.ico.]
2026-04-29 11:07:23.178 [http-nio-8080-exec-4] DEBUG [fba33d63] [GET] [/favicon.ico] [0:0:0:0:0:0:0:1] o.s.web.servlet.DispatcherServlet - Completed 500 INTERNAL_SERVER_ERROR
2026-04-29 11:07:38.244 [http-nio-8080-exec-3] DEBUG [6dabfb00] [GET] [/h2-concole] [0:0:0:0:0:0:0:1] o.s.web.servlet.DispatcherServlet - GET "/h2-concole", parameters={}
2026-04-29 11:07:38.244 [http-nio-8080-exec-3] DEBUG [6dabfb00] [GET] [/h2-concole] [0:0:0:0:0:0:0:1] o.s.w.s.h.SimpleUrlHandlerMapping - Mapped to ResourceHttpRequestHandler [classpath [META-INF/resources/], classpath [resources/], classpath [static/], classpath [public/], ServletContext [/]]
2026-04-29 11:07:38.247 [http-nio-8080-exec-3] DEBUG [6dabfb00] [GET] [/h2-concole] [0:0:0:0:0:0:0:1] o.s.w.s.r.ResourceHttpRequestHandler - Resource not found
2026-04-29 11:07:38.248 [http-nio-8080-exec-3] DEBUG [6dabfb00] [GET] [/h2-concole] [0:0:0:0:0:0:0:1] o.s.w.s.m.m.a.ExceptionHandlerExceptionResolver - Using @ExceptionHandler com.ohgiraffers.stability.section01.exception.handler.GlobalExceptionHandler#handleGenericException(Exception, HttpServletRequest)
2026-04-29 11:07:38.248 [http-nio-8080-exec-3] ERROR [6dabfb00] [GET] [/h2-concole] [0:0:0:0:0:0:0:1] c.o.s.s.e.h.GlobalExceptionHandler - [s1][GlobalExceptionHandler] 예상하지 못한 오류 발생
org.springframework.web.servlet.resource.NoResourceFoundException: No static resource h2-concole.
	at org.springframework.web.servlet.resource.ResourceHttpRequestHandler.handleRequest(ResourceHttpRequestHandler.java:585)
	at org.springframework.web.servlet.mvc.HttpRequestHandlerAdapter.handle(HttpRequestHandlerAdapter.java:52)
	at org.springframework.web.servlet.DispatcherServlet.doDispatch(DispatcherServlet.java:1089)
	at org.springframework.web.servlet.DispatcherServlet.doService(DispatcherServlet.java:979)
	at org.springframework.web.servlet.FrameworkServlet.processRequest(FrameworkServlet.java:1014)
	at org.springframework.web.servlet.FrameworkServlet.doGet(FrameworkServlet.java:903)
	at jakarta.servlet.http.HttpServlet.service(HttpServlet.java:564)
	at org.springframework.web.servlet.FrameworkServlet.service(FrameworkServlet.java:885)
	at jakarta.servlet.http.HttpServlet.service(HttpServlet.java:658)
	at org.apache.catalina.core.ApplicationFilterChain.internalDoFilter(ApplicationFilterChain.java:193)
	at org.apache.catalina.core.ApplicationFilterChain.doFilter(ApplicationFilterChain.java:138)
	at org.apache.tomcat.websocket.server.WsFilter.doFilter(WsFilter.java:51)
	at org.apache.catalina.core.ApplicationFilterChain.internalDoFilter(ApplicationFilterChain.java:162)
	at org.apache.catalina.core.ApplicationFilterChain.doFilter(ApplicationFilterChain.java:138)
	at com.ohgiraffers.stability.section02.logging.config.LoggingConfig$1.doFilterInternal(LoggingConfig.java:74)
	at org.springframework.web.filter.OncePerRequestFilter.doFilter(OncePerRequestFilter.java:116)
	at org.apache.catalina.core.ApplicationFilterChain.internalDoFilter(ApplicationFilterChain.java:162)
	at org.apache.catalina.core.ApplicationFilterChain.doFilter(ApplicationFilterChain.java:138)
	at org.springframework.web.filter.RequestContextFilter.doFilterInternal(RequestContextFilter.java:100)
	at org.springframework.web.filter.OncePerRequestFilter.doFilter(OncePerRequestFilter.java:116)
	at org.apache.catalina.core.ApplicationFilterChain.internalDoFilter(ApplicationFilterChain.java:162)
	at org.apache.catalina.core.ApplicationFilterChain.doFilter(ApplicationFilterChain.java:138)
	at org.springframework.web.filter.FormContentFilter.doFilterInternal(FormContentFilter.java:93)
	at org.springframework.web.filter.OncePerRequestFilter.doFilter(OncePerRequestFilter.java:116)
	at org.apache.catalina.core.ApplicationFilterChain.internalDoFilter(ApplicationFilterChain.java:162)
	at org.apache.catalina.core.ApplicationFilterChain.doFilter(ApplicationFilterChain.java:138)
	at org.springframework.web.filter.CharacterEncodingFilter.doFilterInternal(CharacterEncodingFilter.java:201)
	at org.springframework.web.filter.OncePerRequestFilter.doFilter(OncePerRequestFilter.java:116)
	at org.apache.catalina.core.ApplicationFilterChain.internalDoFilter(ApplicationFilterChain.java:162)
	at org.apache.catalina.core.ApplicationFilterChain.doFilter(ApplicationFilterChain.java:138)
	at org.apache.catalina.core.StandardWrapperValve.invoke(StandardWrapperValve.java:165)
	at org.apache.catalina.core.StandardContextValve.invoke(StandardContextValve.java:88)
	at org.apache.catalina.authenticator.AuthenticatorBase.invoke(AuthenticatorBase.java:482)
	at org.apache.catalina.core.StandardHostValve.invoke(StandardHostValve.java:113)
	at org.apache.catalina.valves.ErrorReportValve.invoke(ErrorReportValve.java:83)
	at org.apache.catalina.core.StandardEngineValve.invoke(StandardEngineValve.java:72)
	at org.apache.catalina.connector.CoyoteAdapter.service(CoyoteAdapter.java:342)
	at org.apache.coyote.http11.Http11Processor.service(Http11Processor.java:399)
	at org.apache.coyote.AbstractProcessorLight.process(AbstractProcessorLight.java:63)
	at org.apache.coyote.AbstractProtocol$ConnectionHandler.process(AbstractProtocol.java:903)
	at org.apache.tomcat.util.net.NioEndpoint$SocketProcessor.doRun(NioEndpoint.java:1774)
	at org.apache.tomcat.util.net.SocketProcessorBase.run(SocketProcessorBase.java:52)
	at org.apache.tomcat.util.threads.ThreadPoolExecutor.runWorker(ThreadPoolExecutor.java:973)
	at org.apache.tomcat.util.threads.ThreadPoolExecutor$Worker.run(ThreadPoolExecutor.java:491)
	at org.apache.tomcat.util.threads.TaskThread$WrappingRunnable.run(TaskThread.java:63)
	at java.base/java.lang.Thread.run(Thread.java:840)
2026-04-29 11:07:38.250 [http-nio-8080-exec-3] DEBUG [6dabfb00] [GET] [/h2-concole] [0:0:0:0:0:0:0:1] o.s.w.s.m.m.a.HttpEntityMethodProcessor - Using 'application/json;q=0.8', given [text/html, application/xhtml+xml, image/avif, image/webp, image/apng, application/xml;q=0.9, */*;q=0.8, application/signed-exchange;v=b3;q=0.7] and supported [application/json, application/*+json]
2026-04-29 11:07:38.250 [http-nio-8080-exec-3] DEBUG [6dabfb00] [GET] [/h2-concole] [0:0:0:0:0:0:0:1] o.s.w.s.m.m.a.HttpEntityMethodProcessor - Writing [ErrorResponse{errorCode='INTERNAL_SERVER_ERROR', message='서버 내부 오류가 발생했습니다.', timestamp=2026-04-29T1 (truncated)...]
2026-04-29 11:07:38.251 [http-nio-8080-exec-3] WARN  [6dabfb00] [GET] [/h2-concole] [0:0:0:0:0:0:0:1] o.s.w.s.m.m.a.ExceptionHandlerExceptionResolver - Resolved [org.springframework.web.servlet.resource.NoResourceFoundException: No static resource h2-concole.]
2026-04-29 11:07:38.251 [http-nio-8080-exec-3] DEBUG [6dabfb00] [GET] [/h2-concole] [0:0:0:0:0:0:0:1] o.s.web.servlet.DispatcherServlet - Completed 500 INTERNAL_SERVER_ERROR
2026-04-29 11:07:38.274 [http-nio-8080-exec-5] DEBUG [1fa6cbf4] [GET] [/favicon.ico] [0:0:0:0:0:0:0:1] o.s.web.servlet.DispatcherServlet - GET "/favicon.ico", parameters={}
2026-04-29 11:07:38.274 [http-nio-8080-exec-5] DEBUG [1fa6cbf4] [GET] [/favicon.ico] [0:0:0:0:0:0:0:1] o.s.w.s.h.SimpleUrlHandlerMapping - Mapped to ResourceHttpRequestHandler [classpath [META-INF/resources/], classpath [resources/], classpath [static/], classpath [public/], ServletContext [/]]
2026-04-29 11:07:38.279 [http-nio-8080-exec-5] DEBUG [1fa6cbf4] [GET] [/favicon.ico] [0:0:0:0:0:0:0:1] o.s.w.s.r.ResourceHttpRequestHandler - Resource not found
2026-04-29 11:07:38.280 [http-nio-8080-exec-5] DEBUG [1fa6cbf4] [GET] [/favicon.ico] [0:0:0:0:0:0:0:1] o.s.w.s.m.m.a.ExceptionHandlerExceptionResolver - Using @ExceptionHandler com.ohgiraffers.stability.section01.exception.handler.GlobalExceptionHandler#handleGenericException(Exception, HttpServletRequest)
2026-04-29 11:07:38.280 [http-nio-8080-exec-5] ERROR [1fa6cbf4] [GET] [/favicon.ico] [0:0:0:0:0:0:0:1] c.o.s.s.e.h.GlobalExceptionHandler - [s1][GlobalExceptionHandler] 예상하지 못한 오류 발생
org.springframework.web.servlet.resource.NoResourceFoundException: No static resource favicon.ico.
	at org.springframework.web.servlet.resource.ResourceHttpRequestHandler.handleRequest(ResourceHttpRequestHandler.java:585)
	at org.springframework.web.servlet.mvc.HttpRequestHandlerAdapter.handle(HttpRequestHandlerAdapter.java:52)
	at org.springframework.web.servlet.DispatcherServlet.doDispatch(DispatcherServlet.java:1089)
	at org.springframework.web.servlet.DispatcherServlet.doService(DispatcherServlet.java:979)
	at org.springframework.web.servlet.FrameworkServlet.processRequest(FrameworkServlet.java:1014)
	at org.springframework.web.servlet.FrameworkServlet.doGet(FrameworkServlet.java:903)
	at jakarta.servlet.http.HttpServlet.service(HttpServlet.java:564)
	at org.springframework.web.servlet.FrameworkServlet.service(FrameworkServlet.java:885)
	at jakarta.servlet.http.HttpServlet.service(HttpServlet.java:658)
	at org.apache.catalina.core.ApplicationFilterChain.internalDoFilter(ApplicationFilterChain.java:193)
	at org.apache.catalina.core.ApplicationFilterChain.doFilter(ApplicationFilterChain.java:138)
	at org.apache.tomcat.websocket.server.WsFilter.doFilter(WsFilter.java:51)
	at org.apache.catalina.core.ApplicationFilterChain.internalDoFilter(ApplicationFilterChain.java:162)
	at org.apache.catalina.core.ApplicationFilterChain.doFilter(ApplicationFilterChain.java:138)
	at com.ohgiraffers.stability.section02.logging.config.LoggingConfig$1.doFilterInternal(LoggingConfig.java:74)
	at org.springframework.web.filter.OncePerRequestFilter.doFilter(OncePerRequestFilter.java:116)
	at org.apache.catalina.core.ApplicationFilterChain.internalDoFilter(ApplicationFilterChain.java:162)
	at org.apache.catalina.core.ApplicationFilterChain.doFilter(ApplicationFilterChain.java:138)
	at org.springframework.web.filter.RequestContextFilter.doFilterInternal(RequestContextFilter.java:100)
	at org.springframework.web.filter.OncePerRequestFilter.doFilter(OncePerRequestFilter.java:116)
	at org.apache.catalina.core.ApplicationFilterChain.internalDoFilter(ApplicationFilterChain.java:162)
	at org.apache.catalina.core.ApplicationFilterChain.doFilter(ApplicationFilterChain.java:138)
	at org.springframework.web.filter.FormContentFilter.doFilterInternal(FormContentFilter.java:93)
	at org.springframework.web.filter.OncePerRequestFilter.doFilter(OncePerRequestFilter.java:116)
	at org.apache.catalina.core.ApplicationFilterChain.internalDoFilter(ApplicationFilterChain.java:162)
	at org.apache.catalina.core.ApplicationFilterChain.doFilter(ApplicationFilterChain.java:138)
	at org.springframework.web.filter.CharacterEncodingFilter.doFilterInternal(CharacterEncodingFilter.java:201)
	at org.springframework.web.filter.OncePerRequestFilter.doFilter(OncePerRequestFilter.java:116)
	at org.apache.catalina.core.ApplicationFilterChain.internalDoFilter(ApplicationFilterChain.java:162)
	at org.apache.catalina.core.ApplicationFilterChain.doFilter(ApplicationFilterChain.java:138)
	at org.apache.catalina.core.StandardWrapperValve.invoke(StandardWrapperValve.java:165)
	at org.apache.catalina.core.StandardContextValve.invoke(StandardContextValve.java:88)
	at org.apache.catalina.authenticator.AuthenticatorBase.invoke(AuthenticatorBase.java:482)
	at org.apache.catalina.core.StandardHostValve.invoke(StandardHostValve.java:113)
	at org.apache.catalina.valves.ErrorReportValve.invoke(ErrorReportValve.java:83)
	at org.apache.catalina.core.StandardEngineValve.invoke(StandardEngineValve.java:72)
	at org.apache.catalina.connector.CoyoteAdapter.service(CoyoteAdapter.java:342)
	at org.apache.coyote.http11.Http11Processor.service(Http11Processor.java:399)
	at org.apache.coyote.AbstractProcessorLight.process(AbstractProcessorLight.java:63)
	at org.apache.coyote.AbstractProtocol$ConnectionHandler.process(AbstractProtocol.java:903)
	at org.apache.tomcat.util.net.NioEndpoint$SocketProcessor.doRun(NioEndpoint.java:1774)
	at org.apache.tomcat.util.net.SocketProcessorBase.run(SocketProcessorBase.java:52)
	at org.apache.tomcat.util.threads.ThreadPoolExecutor.runWorker(ThreadPoolExecutor.java:973)
	at org.apache.tomcat.util.threads.ThreadPoolExecutor$Worker.run(ThreadPoolExecutor.java:491)
	at org.apache.tomcat.util.threads.TaskThread$WrappingRunnable.run(TaskThread.java:63)
	at java.base/java.lang.Thread.run(Thread.java:840)
2026-04-29 11:07:38.281 [http-nio-8080-exec-5] DEBUG [1fa6cbf4] [GET] [/favicon.ico] [0:0:0:0:0:0:0:1] o.s.w.s.m.m.a.HttpEntityMethodProcessor - Using 'application/json;q=0.8', given [image/avif, image/webp, image/apng, image/svg+xml, image/*, */*;q=0.8] and supported [application/json, application/*+json]
2026-04-29 11:07:38.281 [http-nio-8080-exec-5] DEBUG [1fa6cbf4] [GET] [/favicon.ico] [0:0:0:0:0:0:0:1] o.s.w.s.m.m.a.HttpEntityMethodProcessor - Writing [ErrorResponse{errorCode='INTERNAL_SERVER_ERROR', message='서버 내부 오류가 발생했습니다.', timestamp=2026-04-29T1 (truncated)...]
2026-04-29 11:07:38.282 [http-nio-8080-exec-5] WARN  [1fa6cbf4] [GET] [/favicon.ico] [0:0:0:0:0:0:0:1] o.s.w.s.m.m.a.ExceptionHandlerExceptionResolver - Resolved [org.springframework.web.servlet.resource.NoResourceFoundException: No static resource favicon.ico.]
2026-04-29 11:07:38.282 [http-nio-8080-exec-5] DEBUG [1fa6cbf4] [GET] [/favicon.ico] [0:0:0:0:0:0:0:1] o.s.web.servlet.DispatcherServlet - Completed 500 INTERNAL_SERVER_ERROR
2026-04-29 11:07:45.523 [http-nio-8080-exec-1] DEBUG [e102b809] [GET] [/favicon.ico] [0:0:0:0:0:0:0:1] o.s.web.servlet.DispatcherServlet - GET "/favicon.ico", parameters={}
2026-04-29 11:07:45.523 [http-nio-8080-exec-1] DEBUG [e102b809] [GET] [/favicon.ico] [0:0:0:0:0:0:0:1] o.s.w.s.h.SimpleUrlHandlerMapping - Mapped to ResourceHttpRequestHandler [classpath [META-INF/resources/], classpath [resources/], classpath [static/], classpath [public/], ServletContext [/]]
2026-04-29 11:07:45.523 [http-nio-8080-exec-1] DEBUG [e102b809] [GET] [/favicon.ico] [0:0:0:0:0:0:0:1] o.s.w.s.r.ResourceHttpRequestHandler - Resource not found
2026-04-29 11:07:45.523 [http-nio-8080-exec-1] DEBUG [e102b809] [GET] [/favicon.ico] [0:0:0:0:0:0:0:1] o.s.w.s.m.m.a.ExceptionHandlerExceptionResolver - Using @ExceptionHandler com.ohgiraffers.stability.section01.exception.handler.GlobalExceptionHandler#handleGenericException(Exception, HttpServletRequest)
2026-04-29 11:07:45.523 [http-nio-8080-exec-1] ERROR [e102b809] [GET] [/favicon.ico] [0:0:0:0:0:0:0:1] c.o.s.s.e.h.GlobalExceptionHandler - [s1][GlobalExceptionHandler] 예상하지 못한 오류 발생
org.springframework.web.servlet.resource.NoResourceFoundException: No static resource favicon.ico.
	at org.springframework.web.servlet.resource.ResourceHttpRequestHandler.handleRequest(ResourceHttpRequestHandler.java:585)
	at org.springframework.web.servlet.mvc.HttpRequestHandlerAdapter.handle(HttpRequestHandlerAdapter.java:52)
	at org.springframework.web.servlet.DispatcherServlet.doDispatch(DispatcherServlet.java:1089)
	at org.springframework.web.servlet.DispatcherServlet.doService(DispatcherServlet.java:979)
	at org.springframework.web.servlet.FrameworkServlet.processRequest(FrameworkServlet.java:1014)
	at org.springframework.web.servlet.FrameworkServlet.doGet(FrameworkServlet.java:903)
	at jakarta.servlet.http.HttpServlet.service(HttpServlet.java:564)
	at org.springframework.web.servlet.FrameworkServlet.service(FrameworkServlet.java:885)
	at jakarta.servlet.http.HttpServlet.service(HttpServlet.java:658)
	at org.apache.catalina.core.ApplicationFilterChain.internalDoFilter(ApplicationFilterChain.java:193)
	at org.apache.catalina.core.ApplicationFilterChain.doFilter(ApplicationFilterChain.java:138)
	at org.apache.tomcat.websocket.server.WsFilter.doFilter(WsFilter.java:51)
	at org.apache.catalina.core.ApplicationFilterChain.internalDoFilter(ApplicationFilterChain.java:162)
	at org.apache.catalina.core.ApplicationFilterChain.doFilter(ApplicationFilterChain.java:138)
	at com.ohgiraffers.stability.section02.logging.config.LoggingConfig$1.doFilterInternal(LoggingConfig.java:74)
	at org.springframework.web.filter.OncePerRequestFilter.doFilter(OncePerRequestFilter.java:116)
	at org.apache.catalina.core.ApplicationFilterChain.internalDoFilter(ApplicationFilterChain.java:162)
	at org.apache.catalina.core.ApplicationFilterChain.doFilter(ApplicationFilterChain.java:138)
	at org.springframework.web.filter.RequestContextFilter.doFilterInternal(RequestContextFilter.java:100)
	at org.springframework.web.filter.OncePerRequestFilter.doFilter(OncePerRequestFilter.java:116)
	at org.apache.catalina.core.ApplicationFilterChain.internalDoFilter(ApplicationFilterChain.java:162)
	at org.apache.catalina.core.ApplicationFilterChain.doFilter(ApplicationFilterChain.java:138)
	at org.springframework.web.filter.FormContentFilter.doFilterInternal(FormContentFilter.java:93)
	at org.springframework.web.filter.OncePerRequestFilter.doFilter(OncePerRequestFilter.java:116)
	at org.apache.catalina.core.ApplicationFilterChain.internalDoFilter(ApplicationFilterChain.java:162)
	at org.apache.catalina.core.ApplicationFilterChain.doFilter(ApplicationFilterChain.java:138)
	at org.springframework.web.filter.CharacterEncodingFilter.doFilterInternal(CharacterEncodingFilter.java:201)
	at org.springframework.web.filter.OncePerRequestFilter.doFilter(OncePerRequestFilter.java:116)
	at org.apache.catalina.core.ApplicationFilterChain.internalDoFilter(ApplicationFilterChain.java:162)
	at org.apache.catalina.core.ApplicationFilterChain.doFilter(ApplicationFilterChain.java:138)
	at org.apache.catalina.core.StandardWrapperValve.invoke(StandardWrapperValve.java:165)
	at org.apache.catalina.core.StandardContextValve.invoke(StandardContextValve.java:88)
	at org.apache.catalina.authenticator.AuthenticatorBase.invoke(AuthenticatorBase.java:482)
	at org.apache.catalina.core.StandardHostValve.invoke(StandardHostValve.java:113)
	at org.apache.catalina.valves.ErrorReportValve.invoke(ErrorReportValve.java:83)
	at org.apache.catalina.core.StandardEngineValve.invoke(StandardEngineValve.java:72)
	at org.apache.catalina.connector.CoyoteAdapter.service(CoyoteAdapter.java:342)
	at org.apache.coyote.http11.Http11Processor.service(Http11Processor.java:399)
	at org.apache.coyote.AbstractProcessorLight.process(AbstractProcessorLight.java:63)
	at org.apache.coyote.AbstractProtocol$ConnectionHandler.process(AbstractProtocol.java:903)
	at org.apache.tomcat.util.net.NioEndpoint$SocketProcessor.doRun(NioEndpoint.java:1774)
	at org.apache.tomcat.util.net.SocketProcessorBase.run(SocketProcessorBase.java:52)
	at org.apache.tomcat.util.threads.ThreadPoolExecutor.runWorker(ThreadPoolExecutor.java:973)
	at org.apache.tomcat.util.threads.ThreadPoolExecutor$Worker.run(ThreadPoolExecutor.java:491)
	at org.apache.tomcat.util.threads.TaskThread$WrappingRunnable.run(TaskThread.java:63)
	at java.base/java.lang.Thread.run(Thread.java:840)
2026-04-29 11:07:45.523 [http-nio-8080-exec-1] DEBUG [e102b809] [GET] [/favicon.ico] [0:0:0:0:0:0:0:1] o.s.w.s.m.m.a.HttpEntityMethodProcessor - Using 'application/json;q=0.8', given [image/avif, image/webp, image/apng, image/svg+xml, image/*, */*;q=0.8] and supported [application/json, application/*+json]
2026-04-29 11:07:45.523 [http-nio-8080-exec-1] DEBUG [e102b809] [GET] [/favicon.ico] [0:0:0:0:0:0:0:1] o.s.w.s.m.m.a.HttpEntityMethodProcessor - Writing [ErrorResponse{errorCode='INTERNAL_SERVER_ERROR', message='서버 내부 오류가 발생했습니다.', timestamp=2026-04-29T1 (truncated)...]
2026-04-29 11:07:45.523 [http-nio-8080-exec-1] WARN  [e102b809] [GET] [/favicon.ico] [0:0:0:0:0:0:0:1] o.s.w.s.m.m.a.ExceptionHandlerExceptionResolver - Resolved [org.springframework.web.servlet.resource.NoResourceFoundException: No static resource favicon.ico.]
2026-04-29 11:07:45.523 [http-nio-8080-exec-1] DEBUG [e102b809] [GET] [/favicon.ico] [0:0:0:0:0:0:0:1] o.s.web.servlet.DispatcherServlet - Completed 500 INTERNAL_SERVER_ERROR
2026-04-29 11:08:09.400 [http-nio-8080-exec-3] DEBUG [3b2954bc] [GET] [/favicon.ico] [0:0:0:0:0:0:0:1] o.s.web.servlet.DispatcherServlet - GET "/favicon.ico", parameters={}
2026-04-29 11:08:09.402 [http-nio-8080-exec-3] DEBUG [3b2954bc] [GET] [/favicon.ico] [0:0:0:0:0:0:0:1] o.s.w.s.h.SimpleUrlHandlerMapping - Mapped to ResourceHttpRequestHandler [classpath [META-INF/resources/], classpath [resources/], classpath [static/], classpath [public/], ServletContext [/]]
2026-04-29 11:08:09.403 [http-nio-8080-exec-3] DEBUG [3b2954bc] [GET] [/favicon.ico] [0:0:0:0:0:0:0:1] o.s.w.s.r.ResourceHttpRequestHandler - Resource not found
2026-04-29 11:08:09.403 [http-nio-8080-exec-3] DEBUG [3b2954bc] [GET] [/favicon.ico] [0:0:0:0:0:0:0:1] o.s.w.s.m.m.a.ExceptionHandlerExceptionResolver - Using @ExceptionHandler com.ohgiraffers.stability.section01.exception.handler.GlobalExceptionHandler#handleGenericException(Exception, HttpServletRequest)
2026-04-29 11:08:09.403 [http-nio-8080-exec-3] ERROR [3b2954bc] [GET] [/favicon.ico] [0:0:0:0:0:0:0:1] c.o.s.s.e.h.GlobalExceptionHandler - [s1][GlobalExceptionHandler] 예상하지 못한 오류 발생
org.springframework.web.servlet.resource.NoResourceFoundException: No static resource favicon.ico.
	at org.springframework.web.servlet.resource.ResourceHttpRequestHandler.handleRequest(ResourceHttpRequestHandler.java:585)
	at org.springframework.web.servlet.mvc.HttpRequestHandlerAdapter.handle(HttpRequestHandlerAdapter.java:52)
	at org.springframework.web.servlet.DispatcherServlet.doDispatch(DispatcherServlet.java:1089)
	at org.springframework.web.servlet.DispatcherServlet.doService(DispatcherServlet.java:979)
	at org.springframework.web.servlet.FrameworkServlet.processRequest(FrameworkServlet.java:1014)
	at org.springframework.web.servlet.FrameworkServlet.doGet(FrameworkServlet.java:903)
	at jakarta.servlet.http.HttpServlet.service(HttpServlet.java:564)
	at org.springframework.web.servlet.FrameworkServlet.service(FrameworkServlet.java:885)
	at jakarta.servlet.http.HttpServlet.service(HttpServlet.java:658)
	at org.apache.catalina.core.ApplicationFilterChain.internalDoFilter(ApplicationFilterChain.java:193)
	at org.apache.catalina.core.ApplicationFilterChain.doFilter(ApplicationFilterChain.java:138)
	at org.apache.tomcat.websocket.server.WsFilter.doFilter(WsFilter.java:51)
	at org.apache.catalina.core.ApplicationFilterChain.internalDoFilter(ApplicationFilterChain.java:162)
	at org.apache.catalina.core.ApplicationFilterChain.doFilter(ApplicationFilterChain.java:138)
	at com.ohgiraffers.stability.section02.logging.config.LoggingConfig$1.doFilterInternal(LoggingConfig.java:74)
	at org.springframework.web.filter.OncePerRequestFilter.doFilter(OncePerRequestFilter.java:116)
	at org.apache.catalina.core.ApplicationFilterChain.internalDoFilter(ApplicationFilterChain.java:162)
	at org.apache.catalina.core.ApplicationFilterChain.doFilter(ApplicationFilterChain.java:138)
	at org.springframework.web.filter.RequestContextFilter.doFilterInternal(RequestContextFilter.java:100)
	at org.springframework.web.filter.OncePerRequestFilter.doFilter(OncePerRequestFilter.java:116)
	at org.apache.catalina.core.ApplicationFilterChain.internalDoFilter(ApplicationFilterChain.java:162)
	at org.apache.catalina.core.ApplicationFilterChain.doFilter(ApplicationFilterChain.java:138)
	at org.springframework.web.filter.FormContentFilter.doFilterInternal(FormContentFilter.java:93)
	at org.springframework.web.filter.OncePerRequestFilter.doFilter(OncePerRequestFilter.java:116)
	at org.apache.catalina.core.ApplicationFilterChain.internalDoFilter(ApplicationFilterChain.java:162)
	at org.apache.catalina.core.ApplicationFilterChain.doFilter(ApplicationFilterChain.java:138)
	at org.springframework.web.filter.CharacterEncodingFilter.doFilterInternal(CharacterEncodingFilter.java:201)
	at org.springframework.web.filter.OncePerRequestFilter.doFilter(OncePerRequestFilter.java:116)
	at org.apache.catalina.core.ApplicationFilterChain.internalDoFilter(ApplicationFilterChain.java:162)
	at org.apache.catalina.core.ApplicationFilterChain.doFilter(ApplicationFilterChain.java:138)
	at org.apache.catalina.core.StandardWrapperValve.invoke(StandardWrapperValve.java:165)
	at org.apache.catalina.core.StandardContextValve.invoke(StandardContextValve.java:88)
	at org.apache.catalina.authenticator.AuthenticatorBase.invoke(AuthenticatorBase.java:482)
	at org.apache.catalina.core.StandardHostValve.invoke(StandardHostValve.java:113)
	at org.apache.catalina.valves.ErrorReportValve.invoke(ErrorReportValve.java:83)
	at org.apache.catalina.core.StandardEngineValve.invoke(StandardEngineValve.java:72)
	at org.apache.catalina.connector.CoyoteAdapter.service(CoyoteAdapter.java:342)
	at org.apache.coyote.http11.Http11Processor.service(Http11Processor.java:399)
	at org.apache.coyote.AbstractProcessorLight.process(AbstractProcessorLight.java:63)
	at org.apache.coyote.AbstractProtocol$ConnectionHandler.process(AbstractProtocol.java:903)
	at org.apache.tomcat.util.net.NioEndpoint$SocketProcessor.doRun(NioEndpoint.java:1774)
	at org.apache.tomcat.util.net.SocketProcessorBase.run(SocketProcessorBase.java:52)
	at org.apache.tomcat.util.threads.ThreadPoolExecutor.runWorker(ThreadPoolExecutor.java:973)
	at org.apache.tomcat.util.threads.ThreadPoolExecutor$Worker.run(ThreadPoolExecutor.java:491)
	at org.apache.tomcat.util.threads.TaskThread$WrappingRunnable.run(TaskThread.java:63)
	at java.base/java.lang.Thread.run(Thread.java:840)
2026-04-29 11:08:09.404 [http-nio-8080-exec-3] DEBUG [3b2954bc] [GET] [/favicon.ico] [0:0:0:0:0:0:0:1] o.s.w.s.m.m.a.HttpEntityMethodProcessor - Using 'application/json;q=0.8', given [image/avif, image/webp, image/apng, image/svg+xml, image/*, */*;q=0.8] and supported [application/json, application/*+json]
2026-04-29 11:08:09.404 [http-nio-8080-exec-3] DEBUG [3b2954bc] [GET] [/favicon.ico] [0:0:0:0:0:0:0:1] o.s.w.s.m.m.a.HttpEntityMethodProcessor - Writing [ErrorResponse{errorCode='INTERNAL_SERVER_ERROR', message='서버 내부 오류가 발생했습니다.', timestamp=2026-04-29T1 (truncated)...]
2026-04-29 11:08:09.404 [http-nio-8080-exec-3] WARN  [3b2954bc] [GET] [/favicon.ico] [0:0:0:0:0:0:0:1] o.s.w.s.m.m.a.ExceptionHandlerExceptionResolver - Resolved [org.springframework.web.servlet.resource.NoResourceFoundException: No static resource favicon.ico.]
2026-04-29 11:08:09.404 [http-nio-8080-exec-3] DEBUG [3b2954bc] [GET] [/favicon.ico] [0:0:0:0:0:0:0:1] o.s.web.servlet.DispatcherServlet - Completed 500 INTERNAL_SERVER_ERROR
2026-04-29 11:08:10.826 [http-nio-8080-exec-7] DEBUG [eafae9ad] [GET] [/favicon.ico] [0:0:0:0:0:0:0:1] o.s.web.servlet.DispatcherServlet - GET "/favicon.ico", parameters={}
2026-04-29 11:08:10.826 [http-nio-8080-exec-7] DEBUG [eafae9ad] [GET] [/favicon.ico] [0:0:0:0:0:0:0:1] o.s.w.s.h.SimpleUrlHandlerMapping - Mapped to ResourceHttpRequestHandler [classpath [META-INF/resources/], classpath [resources/], classpath [static/], classpath [public/], ServletContext [/]]
2026-04-29 11:08:10.826 [http-nio-8080-exec-7] DEBUG [eafae9ad] [GET] [/favicon.ico] [0:0:0:0:0:0:0:1] o.s.w.s.r.ResourceHttpRequestHandler - Resource not found
2026-04-29 11:08:10.826 [http-nio-8080-exec-7] DEBUG [eafae9ad] [GET] [/favicon.ico] [0:0:0:0:0:0:0:1] o.s.w.s.m.m.a.ExceptionHandlerExceptionResolver - Using @ExceptionHandler com.ohgiraffers.stability.section01.exception.handler.GlobalExceptionHandler#handleGenericException(Exception, HttpServletRequest)
2026-04-29 11:08:10.826 [http-nio-8080-exec-7] ERROR [eafae9ad] [GET] [/favicon.ico] [0:0:0:0:0:0:0:1] c.o.s.s.e.h.GlobalExceptionHandler - [s1][GlobalExceptionHandler] 예상하지 못한 오류 발생
org.springframework.web.servlet.resource.NoResourceFoundException: No static resource favicon.ico.
	at org.springframework.web.servlet.resource.ResourceHttpRequestHandler.handleRequest(ResourceHttpRequestHandler.java:585)
	at org.springframework.web.servlet.mvc.HttpRequestHandlerAdapter.handle(HttpRequestHandlerAdapter.java:52)
	at org.springframework.web.servlet.DispatcherServlet.doDispatch(DispatcherServlet.java:1089)
	at org.springframework.web.servlet.DispatcherServlet.doService(DispatcherServlet.java:979)
	at org.springframework.web.servlet.FrameworkServlet.processRequest(FrameworkServlet.java:1014)
	at org.springframework.web.servlet.FrameworkServlet.doGet(FrameworkServlet.java:903)
	at jakarta.servlet.http.HttpServlet.service(HttpServlet.java:564)
	at org.springframework.web.servlet.FrameworkServlet.service(FrameworkServlet.java:885)
	at jakarta.servlet.http.HttpServlet.service(HttpServlet.java:658)
	at org.apache.catalina.core.ApplicationFilterChain.internalDoFilter(ApplicationFilterChain.java:193)
	at org.apache.catalina.core.ApplicationFilterChain.doFilter(ApplicationFilterChain.java:138)
	at org.apache.tomcat.websocket.server.WsFilter.doFilter(WsFilter.java:51)
	at org.apache.catalina.core.ApplicationFilterChain.internalDoFilter(ApplicationFilterChain.java:162)
	at org.apache.catalina.core.ApplicationFilterChain.doFilter(ApplicationFilterChain.java:138)
	at com.ohgiraffers.stability.section02.logging.config.LoggingConfig$1.doFilterInternal(LoggingConfig.java:74)
	at org.springframework.web.filter.OncePerRequestFilter.doFilter(OncePerRequestFilter.java:116)
	at org.apache.catalina.core.ApplicationFilterChain.internalDoFilter(ApplicationFilterChain.java:162)
	at org.apache.catalina.core.ApplicationFilterChain.doFilter(ApplicationFilterChain.java:138)
	at org.springframework.web.filter.RequestContextFilter.doFilterInternal(RequestContextFilter.java:100)
	at org.springframework.web.filter.OncePerRequestFilter.doFilter(OncePerRequestFilter.java:116)
	at org.apache.catalina.core.ApplicationFilterChain.internalDoFilter(ApplicationFilterChain.java:162)
	at org.apache.catalina.core.ApplicationFilterChain.doFilter(ApplicationFilterChain.java:138)
	at org.springframework.web.filter.FormContentFilter.doFilterInternal(FormContentFilter.java:93)
	at org.springframework.web.filter.OncePerRequestFilter.doFilter(OncePerRequestFilter.java:116)
	at org.apache.catalina.core.ApplicationFilterChain.internalDoFilter(ApplicationFilterChain.java:162)
	at org.apache.catalina.core.ApplicationFilterChain.doFilter(ApplicationFilterChain.java:138)
	at org.springframework.web.filter.CharacterEncodingFilter.doFilterInternal(CharacterEncodingFilter.java:201)
	at org.springframework.web.filter.OncePerRequestFilter.doFilter(OncePerRequestFilter.java:116)
	at org.apache.catalina.core.ApplicationFilterChain.internalDoFilter(ApplicationFilterChain.java:162)
	at org.apache.catalina.core.ApplicationFilterChain.doFilter(ApplicationFilterChain.java:138)
	at org.apache.catalina.core.StandardWrapperValve.invoke(StandardWrapperValve.java:165)
	at org.apache.catalina.core.StandardContextValve.invoke(StandardContextValve.java:88)
	at org.apache.catalina.authenticator.AuthenticatorBase.invoke(AuthenticatorBase.java:482)
	at org.apache.catalina.core.StandardHostValve.invoke(StandardHostValve.java:113)
	at org.apache.catalina.valves.ErrorReportValve.invoke(ErrorReportValve.java:83)
	at org.apache.catalina.core.StandardEngineValve.invoke(StandardEngineValve.java:72)
	at org.apache.catalina.connector.CoyoteAdapter.service(CoyoteAdapter.java:342)
	at org.apache.coyote.http11.Http11Processor.service(Http11Processor.java:399)
	at org.apache.coyote.AbstractProcessorLight.process(AbstractProcessorLight.java:63)
	at org.apache.coyote.AbstractProtocol$ConnectionHandler.process(AbstractProtocol.java:903)
	at org.apache.tomcat.util.net.NioEndpoint$SocketProcessor.doRun(NioEndpoint.java:1774)
	at org.apache.tomcat.util.net.SocketProcessorBase.run(SocketProcessorBase.java:52)
	at org.apache.tomcat.util.threads.ThreadPoolExecutor.runWorker(ThreadPoolExecutor.java:973)
	at org.apache.tomcat.util.threads.ThreadPoolExecutor$Worker.run(ThreadPoolExecutor.java:491)
	at org.apache.tomcat.util.threads.TaskThread$WrappingRunnable.run(TaskThread.java:63)
	at java.base/java.lang.Thread.run(Thread.java:840)
2026-04-29 11:08:10.826 [http-nio-8080-exec-7] DEBUG [eafae9ad] [GET] [/favicon.ico] [0:0:0:0:0:0:0:1] o.s.w.s.m.m.a.HttpEntityMethodProcessor - Using 'application/json;q=0.8', given [image/avif, image/webp, image/apng, image/svg+xml, image/*, */*;q=0.8] and supported [application/json, application/*+json]
2026-04-29 11:08:10.826 [http-nio-8080-exec-7] DEBUG [eafae9ad] [GET] [/favicon.ico] [0:0:0:0:0:0:0:1] o.s.w.s.m.m.a.HttpEntityMethodProcessor - Writing [ErrorResponse{errorCode='INTERNAL_SERVER_ERROR', message='서버 내부 오류가 발생했습니다.', timestamp=2026-04-29T1 (truncated)...]
2026-04-29 11:08:10.826 [http-nio-8080-exec-7] WARN  [eafae9ad] [GET] [/favicon.ico] [0:0:0:0:0:0:0:1] o.s.w.s.m.m.a.ExceptionHandlerExceptionResolver - Resolved [org.springframework.web.servlet.resource.NoResourceFoundException: No static resource favicon.ico.]
2026-04-29 11:08:10.826 [http-nio-8080-exec-7] DEBUG [eafae9ad] [GET] [/favicon.ico] [0:0:0:0:0:0:0:1] o.s.web.servlet.DispatcherServlet - Completed 500 INTERNAL_SERVER_ERROR
2026-04-29 11:08:13.538 [http-nio-8080-exec-10] DEBUG [3a1f321e] [GET] [/favicon.ico] [0:0:0:0:0:0:0:1] o.s.web.servlet.DispatcherServlet - GET "/favicon.ico", parameters={}
2026-04-29 11:08:13.538 [http-nio-8080-exec-10] DEBUG [3a1f321e] [GET] [/favicon.ico] [0:0:0:0:0:0:0:1] o.s.w.s.h.SimpleUrlHandlerMapping - Mapped to ResourceHttpRequestHandler [classpath [META-INF/resources/], classpath [resources/], classpath [static/], classpath [public/], ServletContext [/]]
2026-04-29 11:08:13.538 [http-nio-8080-exec-10] DEBUG [3a1f321e] [GET] [/favicon.ico] [0:0:0:0:0:0:0:1] o.s.w.s.r.ResourceHttpRequestHandler - Resource not found
2026-04-29 11:08:13.538 [http-nio-8080-exec-10] DEBUG [3a1f321e] [GET] [/favicon.ico] [0:0:0:0:0:0:0:1] o.s.w.s.m.m.a.ExceptionHandlerExceptionResolver - Using @ExceptionHandler com.ohgiraffers.stability.section01.exception.handler.GlobalExceptionHandler#handleGenericException(Exception, HttpServletRequest)
2026-04-29 11:08:13.538 [http-nio-8080-exec-10] ERROR [3a1f321e] [GET] [/favicon.ico] [0:0:0:0:0:0:0:1] c.o.s.s.e.h.GlobalExceptionHandler - [s1][GlobalExceptionHandler] 예상하지 못한 오류 발생
org.springframework.web.servlet.resource.NoResourceFoundException: No static resource favicon.ico.
	at org.springframework.web.servlet.resource.ResourceHttpRequestHandler.handleRequest(ResourceHttpRequestHandler.java:585)
	at org.springframework.web.servlet.mvc.HttpRequestHandlerAdapter.handle(HttpRequestHandlerAdapter.java:52)
	at org.springframework.web.servlet.DispatcherServlet.doDispatch(DispatcherServlet.java:1089)
	at org.springframework.web.servlet.DispatcherServlet.doService(DispatcherServlet.java:979)
	at org.springframework.web.servlet.FrameworkServlet.processRequest(FrameworkServlet.java:1014)
	at org.springframework.web.servlet.FrameworkServlet.doGet(FrameworkServlet.java:903)
	at jakarta.servlet.http.HttpServlet.service(HttpServlet.java:564)
	at org.springframework.web.servlet.FrameworkServlet.service(FrameworkServlet.java:885)
	at jakarta.servlet.http.HttpServlet.service(HttpServlet.java:658)
	at org.apache.catalina.core.ApplicationFilterChain.internalDoFilter(ApplicationFilterChain.java:193)
	at org.apache.catalina.core.ApplicationFilterChain.doFilter(ApplicationFilterChain.java:138)
	at org.apache.tomcat.websocket.server.WsFilter.doFilter(WsFilter.java:51)
	at org.apache.catalina.core.ApplicationFilterChain.internalDoFilter(ApplicationFilterChain.java:162)
	at org.apache.catalina.core.ApplicationFilterChain.doFilter(ApplicationFilterChain.java:138)
	at com.ohgiraffers.stability.section02.logging.config.LoggingConfig$1.doFilterInternal(LoggingConfig.java:74)
	at org.springframework.web.filter.OncePerRequestFilter.doFilter(OncePerRequestFilter.java:116)
	at org.apache.catalina.core.ApplicationFilterChain.internalDoFilter(ApplicationFilterChain.java:162)
	at org.apache.catalina.core.ApplicationFilterChain.doFilter(ApplicationFilterChain.java:138)
	at org.springframework.web.filter.RequestContextFilter.doFilterInternal(RequestContextFilter.java:100)
	at org.springframework.web.filter.OncePerRequestFilter.doFilter(OncePerRequestFilter.java:116)
	at org.apache.catalina.core.ApplicationFilterChain.internalDoFilter(ApplicationFilterChain.java:162)
	at org.apache.catalina.core.ApplicationFilterChain.doFilter(ApplicationFilterChain.java:138)
	at org.springframework.web.filter.FormContentFilter.doFilterInternal(FormContentFilter.java:93)
	at org.springframework.web.filter.OncePerRequestFilter.doFilter(OncePerRequestFilter.java:116)
	at org.apache.catalina.core.ApplicationFilterChain.internalDoFilter(ApplicationFilterChain.java:162)
	at org.apache.catalina.core.ApplicationFilterChain.doFilter(ApplicationFilterChain.java:138)
	at org.springframework.web.filter.CharacterEncodingFilter.doFilterInternal(CharacterEncodingFilter.java:201)
	at org.springframework.web.filter.OncePerRequestFilter.doFilter(OncePerRequestFilter.java:116)
	at org.apache.catalina.core.ApplicationFilterChain.internalDoFilter(ApplicationFilterChain.java:162)
	at org.apache.catalina.core.ApplicationFilterChain.doFilter(ApplicationFilterChain.java:138)
	at org.apache.catalina.core.StandardWrapperValve.invoke(StandardWrapperValve.java:165)
	at org.apache.catalina.core.StandardContextValve.invoke(StandardContextValve.java:88)
	at org.apache.catalina.authenticator.AuthenticatorBase.invoke(AuthenticatorBase.java:482)
	at org.apache.catalina.core.StandardHostValve.invoke(StandardHostValve.java:113)
	at org.apache.catalina.valves.ErrorReportValve.invoke(ErrorReportValve.java:83)
	at org.apache.catalina.core.StandardEngineValve.invoke(StandardEngineValve.java:72)
	at org.apache.catalina.connector.CoyoteAdapter.service(CoyoteAdapter.java:342)
	at org.apache.coyote.http11.Http11Processor.service(Http11Processor.java:399)
	at org.apache.coyote.AbstractProcessorLight.process(AbstractProcessorLight.java:63)
	at org.apache.coyote.AbstractProtocol$ConnectionHandler.process(AbstractProtocol.java:903)
	at org.apache.tomcat.util.net.NioEndpoint$SocketProcessor.doRun(NioEndpoint.java:1774)
	at org.apache.tomcat.util.net.SocketProcessorBase.run(SocketProcessorBase.java:52)
	at org.apache.tomcat.util.threads.ThreadPoolExecutor.runWorker(ThreadPoolExecutor.java:973)
	at org.apache.tomcat.util.threads.ThreadPoolExecutor$Worker.run(ThreadPoolExecutor.java:491)
	at org.apache.tomcat.util.threads.TaskThread$WrappingRunnable.run(TaskThread.java:63)
	at java.base/java.lang.Thread.run(Thread.java:840)
2026-04-29 11:08:13.538 [http-nio-8080-exec-10] DEBUG [3a1f321e] [GET] [/favicon.ico] [0:0:0:0:0:0:0:1] o.s.w.s.m.m.a.HttpEntityMethodProcessor - Using 'application/json;q=0.8', given [image/avif, image/webp, image/apng, image/svg+xml, image/*, */*;q=0.8] and supported [application/json, application/*+json]
2026-04-29 11:08:13.538 [http-nio-8080-exec-10] DEBUG [3a1f321e] [GET] [/favicon.ico] [0:0:0:0:0:0:0:1] o.s.w.s.m.m.a.HttpEntityMethodProcessor - Writing [ErrorResponse{errorCode='INTERNAL_SERVER_ERROR', message='서버 내부 오류가 발생했습니다.', timestamp=2026-04-29T1 (truncated)...]
2026-04-29 11:08:13.538 [http-nio-8080-exec-10] WARN  [3a1f321e] [GET] [/favicon.ico] [0:0:0:0:0:0:0:1] o.s.w.s.m.m.a.ExceptionHandlerExceptionResolver - Resolved [org.springframework.web.servlet.resource.NoResourceFoundException: No static resource favicon.ico.]
2026-04-29 11:08:13.538 [http-nio-8080-exec-10] DEBUG [3a1f321e] [GET] [/favicon.ico] [0:0:0:0:0:0:0:1] o.s.web.servlet.DispatcherServlet - Completed 500 INTERNAL_SERVER_ERROR
2026-04-29 11:08:17.567 [http-nio-8080-exec-4] DEBUG [defa78e3] [GET] [/favicon.ico] [0:0:0:0:0:0:0:1] o.s.web.servlet.DispatcherServlet - GET "/favicon.ico", parameters={}
2026-04-29 11:08:17.567 [http-nio-8080-exec-4] DEBUG [defa78e3] [GET] [/favicon.ico] [0:0:0:0:0:0:0:1] o.s.w.s.h.SimpleUrlHandlerMapping - Mapped to ResourceHttpRequestHandler [classpath [META-INF/resources/], classpath [resources/], classpath [static/], classpath [public/], ServletContext [/]]
2026-04-29 11:08:17.567 [http-nio-8080-exec-4] DEBUG [defa78e3] [GET] [/favicon.ico] [0:0:0:0:0:0:0:1] o.s.w.s.r.ResourceHttpRequestHandler - Resource not found
2026-04-29 11:08:17.567 [http-nio-8080-exec-4] DEBUG [defa78e3] [GET] [/favicon.ico] [0:0:0:0:0:0:0:1] o.s.w.s.m.m.a.ExceptionHandlerExceptionResolver - Using @ExceptionHandler com.ohgiraffers.stability.section01.exception.handler.GlobalExceptionHandler#handleGenericException(Exception, HttpServletRequest)
2026-04-29 11:08:17.567 [http-nio-8080-exec-4] ERROR [defa78e3] [GET] [/favicon.ico] [0:0:0:0:0:0:0:1] c.o.s.s.e.h.GlobalExceptionHandler - [s1][GlobalExceptionHandler] 예상하지 못한 오류 발생
org.springframework.web.servlet.resource.NoResourceFoundException: No static resource favicon.ico.
	at org.springframework.web.servlet.resource.ResourceHttpRequestHandler.handleRequest(ResourceHttpRequestHandler.java:585)
	at org.springframework.web.servlet.mvc.HttpRequestHandlerAdapter.handle(HttpRequestHandlerAdapter.java:52)
	at org.springframework.web.servlet.DispatcherServlet.doDispatch(DispatcherServlet.java:1089)
	at org.springframework.web.servlet.DispatcherServlet.doService(DispatcherServlet.java:979)
	at org.springframework.web.servlet.FrameworkServlet.processRequest(FrameworkServlet.java:1014)
	at org.springframework.web.servlet.FrameworkServlet.doGet(FrameworkServlet.java:903)
	at jakarta.servlet.http.HttpServlet.service(HttpServlet.java:564)
	at org.springframework.web.servlet.FrameworkServlet.service(FrameworkServlet.java:885)
	at jakarta.servlet.http.HttpServlet.service(HttpServlet.java:658)
	at org.apache.catalina.core.ApplicationFilterChain.internalDoFilter(ApplicationFilterChain.java:193)
	at org.apache.catalina.core.ApplicationFilterChain.doFilter(ApplicationFilterChain.java:138)
	at org.apache.tomcat.websocket.server.WsFilter.doFilter(WsFilter.java:51)
	at org.apache.catalina.core.ApplicationFilterChain.internalDoFilter(ApplicationFilterChain.java:162)
	at org.apache.catalina.core.ApplicationFilterChain.doFilter(ApplicationFilterChain.java:138)
	at com.ohgiraffers.stability.section02.logging.config.LoggingConfig$1.doFilterInternal(LoggingConfig.java:74)
	at org.springframework.web.filter.OncePerRequestFilter.doFilter(OncePerRequestFilter.java:116)
	at org.apache.catalina.core.ApplicationFilterChain.internalDoFilter(ApplicationFilterChain.java:162)
	at org.apache.catalina.core.ApplicationFilterChain.doFilter(ApplicationFilterChain.java:138)
	at org.springframework.web.filter.RequestContextFilter.doFilterInternal(RequestContextFilter.java:100)
	at org.springframework.web.filter.OncePerRequestFilter.doFilter(OncePerRequestFilter.java:116)
	at org.apache.catalina.core.ApplicationFilterChain.internalDoFilter(ApplicationFilterChain.java:162)
	at org.apache.catalina.core.ApplicationFilterChain.doFilter(ApplicationFilterChain.java:138)
	at org.springframework.web.filter.FormContentFilter.doFilterInternal(FormContentFilter.java:93)
	at org.springframework.web.filter.OncePerRequestFilter.doFilter(OncePerRequestFilter.java:116)
	at org.apache.catalina.core.ApplicationFilterChain.internalDoFilter(ApplicationFilterChain.java:162)
	at org.apache.catalina.core.ApplicationFilterChain.doFilter(ApplicationFilterChain.java:138)
	at org.springframework.web.filter.CharacterEncodingFilter.doFilterInternal(CharacterEncodingFilter.java:201)
	at org.springframework.web.filter.OncePerRequestFilter.doFilter(OncePerRequestFilter.java:116)
	at org.apache.catalina.core.ApplicationFilterChain.internalDoFilter(ApplicationFilterChain.java:162)
	at org.apache.catalina.core.ApplicationFilterChain.doFilter(ApplicationFilterChain.java:138)
	at org.apache.catalina.core.StandardWrapperValve.invoke(StandardWrapperValve.java:165)
	at org.apache.catalina.core.StandardContextValve.invoke(StandardContextValve.java:88)
	at org.apache.catalina.authenticator.AuthenticatorBase.invoke(AuthenticatorBase.java:482)
	at org.apache.catalina.core.StandardHostValve.invoke(StandardHostValve.java:113)
	at org.apache.catalina.valves.ErrorReportValve.invoke(ErrorReportValve.java:83)
	at org.apache.catalina.core.StandardEngineValve.invoke(StandardEngineValve.java:72)
	at org.apache.catalina.connector.CoyoteAdapter.service(CoyoteAdapter.java:342)
	at org.apache.coyote.http11.Http11Processor.service(Http11Processor.java:399)
	at org.apache.coyote.AbstractProcessorLight.process(AbstractProcessorLight.java:63)
	at org.apache.coyote.AbstractProtocol$ConnectionHandler.process(AbstractProtocol.java:903)
	at org.apache.tomcat.util.net.NioEndpoint$SocketProcessor.doRun(NioEndpoint.java:1774)
	at org.apache.tomcat.util.net.SocketProcessorBase.run(SocketProcessorBase.java:52)
	at org.apache.tomcat.util.threads.ThreadPoolExecutor.runWorker(ThreadPoolExecutor.java:973)
	at org.apache.tomcat.util.threads.ThreadPoolExecutor$Worker.run(ThreadPoolExecutor.java:491)
	at org.apache.tomcat.util.threads.TaskThread$WrappingRunnable.run(TaskThread.java:63)
	at java.base/java.lang.Thread.run(Thread.java:840)
2026-04-29 11:08:17.567 [http-nio-8080-exec-4] DEBUG [defa78e3] [GET] [/favicon.ico] [0:0:0:0:0:0:0:1] o.s.w.s.m.m.a.HttpEntityMethodProcessor - Using 'application/json;q=0.8', given [image/avif, image/webp, image/apng, image/svg+xml, image/*, */*;q=0.8] and supported [application/json, application/*+json]
2026-04-29 11:08:17.567 [http-nio-8080-exec-4] DEBUG [defa78e3] [GET] [/favicon.ico] [0:0:0:0:0:0:0:1] o.s.w.s.m.m.a.HttpEntityMethodProcessor - Writing [ErrorResponse{errorCode='INTERNAL_SERVER_ERROR', message='서버 내부 오류가 발생했습니다.', timestamp=2026-04-29T1 (truncated)...]
2026-04-29 11:08:17.567 [http-nio-8080-exec-4] WARN  [defa78e3] [GET] [/favicon.ico] [0:0:0:0:0:0:0:1] o.s.w.s.m.m.a.ExceptionHandlerExceptionResolver - Resolved [org.springframework.web.servlet.resource.NoResourceFoundException: No static resource favicon.ico.]
2026-04-29 11:08:17.567 [http-nio-8080-exec-4] DEBUG [defa78e3] [GET] [/favicon.ico] [0:0:0:0:0:0:0:1] o.s.web.servlet.DispatcherServlet - Completed 500 INTERNAL_SERVER_ERROR
2026-04-29 11:08:21.155 [http-nio-8080-exec-7] DEBUG [f008ceb3] [GET] [/favicon.ico] [0:0:0:0:0:0:0:1] o.s.web.servlet.DispatcherServlet - GET "/favicon.ico", parameters={}
2026-04-29 11:08:21.155 [http-nio-8080-exec-7] DEBUG [f008ceb3] [GET] [/favicon.ico] [0:0:0:0:0:0:0:1] o.s.w.s.h.SimpleUrlHandlerMapping - Mapped to ResourceHttpRequestHandler [classpath [META-INF/resources/], classpath [resources/], classpath [static/], classpath [public/], ServletContext [/]]
2026-04-29 11:08:21.155 [http-nio-8080-exec-7] DEBUG [f008ceb3] [GET] [/favicon.ico] [0:0:0:0:0:0:0:1] o.s.w.s.r.ResourceHttpRequestHandler - Resource not found
2026-04-29 11:08:21.155 [http-nio-8080-exec-7] DEBUG [f008ceb3] [GET] [/favicon.ico] [0:0:0:0:0:0:0:1] o.s.w.s.m.m.a.ExceptionHandlerExceptionResolver - Using @ExceptionHandler com.ohgiraffers.stability.section01.exception.handler.GlobalExceptionHandler#handleGenericException(Exception, HttpServletRequest)
2026-04-29 11:08:21.155 [http-nio-8080-exec-7] ERROR [f008ceb3] [GET] [/favicon.ico] [0:0:0:0:0:0:0:1] c.o.s.s.e.h.GlobalExceptionHandler - [s1][GlobalExceptionHandler] 예상하지 못한 오류 발생
org.springframework.web.servlet.resource.NoResourceFoundException: No static resource favicon.ico.
	at org.springframework.web.servlet.resource.ResourceHttpRequestHandler.handleRequest(ResourceHttpRequestHandler.java:585)
	at org.springframework.web.servlet.mvc.HttpRequestHandlerAdapter.handle(HttpRequestHandlerAdapter.java:52)
	at org.springframework.web.servlet.DispatcherServlet.doDispatch(DispatcherServlet.java:1089)
	at org.springframework.web.servlet.DispatcherServlet.doService(DispatcherServlet.java:979)
	at org.springframework.web.servlet.FrameworkServlet.processRequest(FrameworkServlet.java:1014)
	at org.springframework.web.servlet.FrameworkServlet.doGet(FrameworkServlet.java:903)
	at jakarta.servlet.http.HttpServlet.service(HttpServlet.java:564)
	at org.springframework.web.servlet.FrameworkServlet.service(FrameworkServlet.java:885)
	at jakarta.servlet.http.HttpServlet.service(HttpServlet.java:658)
	at org.apache.catalina.core.ApplicationFilterChain.internalDoFilter(ApplicationFilterChain.java:193)
	at org.apache.catalina.core.ApplicationFilterChain.doFilter(ApplicationFilterChain.java:138)
	at org.apache.tomcat.websocket.server.WsFilter.doFilter(WsFilter.java:51)
	at org.apache.catalina.core.ApplicationFilterChain.internalDoFilter(ApplicationFilterChain.java:162)
	at org.apache.catalina.core.ApplicationFilterChain.doFilter(ApplicationFilterChain.java:138)
	at com.ohgiraffers.stability.section02.logging.config.LoggingConfig$1.doFilterInternal(LoggingConfig.java:74)
	at org.springframework.web.filter.OncePerRequestFilter.doFilter(OncePerRequestFilter.java:116)
	at org.apache.catalina.core.ApplicationFilterChain.internalDoFilter(ApplicationFilterChain.java:162)
	at org.apache.catalina.core.ApplicationFilterChain.doFilter(ApplicationFilterChain.java:138)
	at org.springframework.web.filter.RequestContextFilter.doFilterInternal(RequestContextFilter.java:100)
	at org.springframework.web.filter.OncePerRequestFilter.doFilter(OncePerRequestFilter.java:116)
	at org.apache.catalina.core.ApplicationFilterChain.internalDoFilter(ApplicationFilterChain.java:162)
	at org.apache.catalina.core.ApplicationFilterChain.doFilter(ApplicationFilterChain.java:138)
	at org.springframework.web.filter.FormContentFilter.doFilterInternal(FormContentFilter.java:93)
	at org.springframework.web.filter.OncePerRequestFilter.doFilter(OncePerRequestFilter.java:116)
	at org.apache.catalina.core.ApplicationFilterChain.internalDoFilter(ApplicationFilterChain.java:162)
	at org.apache.catalina.core.ApplicationFilterChain.doFilter(ApplicationFilterChain.java:138)
	at org.springframework.web.filter.CharacterEncodingFilter.doFilterInternal(CharacterEncodingFilter.java:201)
	at org.springframework.web.filter.OncePerRequestFilter.doFilter(OncePerRequestFilter.java:116)
	at org.apache.catalina.core.ApplicationFilterChain.internalDoFilter(ApplicationFilterChain.java:162)
	at org.apache.catalina.core.ApplicationFilterChain.doFilter(ApplicationFilterChain.java:138)
	at org.apache.catalina.core.StandardWrapperValve.invoke(StandardWrapperValve.java:165)
	at org.apache.catalina.core.StandardContextValve.invoke(StandardContextValve.java:88)
	at org.apache.catalina.authenticator.AuthenticatorBase.invoke(AuthenticatorBase.java:482)
	at org.apache.catalina.core.StandardHostValve.invoke(StandardHostValve.java:113)
	at org.apache.catalina.valves.ErrorReportValve.invoke(ErrorReportValve.java:83)
	at org.apache.catalina.core.StandardEngineValve.invoke(StandardEngineValve.java:72)
	at org.apache.catalina.connector.CoyoteAdapter.service(CoyoteAdapter.java:342)
	at org.apache.coyote.http11.Http11Processor.service(Http11Processor.java:399)
	at org.apache.coyote.AbstractProcessorLight.process(AbstractProcessorLight.java:63)
	at org.apache.coyote.AbstractProtocol$ConnectionHandler.process(AbstractProtocol.java:903)
	at org.apache.tomcat.util.net.NioEndpoint$SocketProcessor.doRun(NioEndpoint.java:1774)
	at org.apache.tomcat.util.net.SocketProcessorBase.run(SocketProcessorBase.java:52)
	at org.apache.tomcat.util.threads.ThreadPoolExecutor.runWorker(ThreadPoolExecutor.java:973)
	at org.apache.tomcat.util.threads.ThreadPoolExecutor$Worker.run(ThreadPoolExecutor.java:491)
	at org.apache.tomcat.util.threads.TaskThread$WrappingRunnable.run(TaskThread.java:63)
	at java.base/java.lang.Thread.run(Thread.java:840)
2026-04-29 11:08:21.155 [http-nio-8080-exec-7] DEBUG [f008ceb3] [GET] [/favicon.ico] [0:0:0:0:0:0:0:1] o.s.w.s.m.m.a.HttpEntityMethodProcessor - Using 'application/json;q=0.8', given [image/avif, image/webp, image/apng, image/svg+xml, image/*, */*;q=0.8] and supported [application/json, application/*+json]
2026-04-29 11:08:21.155 [http-nio-8080-exec-7] DEBUG [f008ceb3] [GET] [/favicon.ico] [0:0:0:0:0:0:0:1] o.s.w.s.m.m.a.HttpEntityMethodProcessor - Writing [ErrorResponse{errorCode='INTERNAL_SERVER_ERROR', message='서버 내부 오류가 발생했습니다.', timestamp=2026-04-29T1 (truncated)...]
2026-04-29 11:08:21.155 [http-nio-8080-exec-7] WARN  [f008ceb3] [GET] [/favicon.ico] [0:0:0:0:0:0:0:1] o.s.w.s.m.m.a.ExceptionHandlerExceptionResolver - Resolved [org.springframework.web.servlet.resource.NoResourceFoundException: No static resource favicon.ico.]
2026-04-29 11:08:21.155 [http-nio-8080-exec-7] DEBUG [f008ceb3] [GET] [/favicon.ico] [0:0:0:0:0:0:0:1] o.s.web.servlet.DispatcherServlet - Completed 500 INTERNAL_SERVER_ERROR
2026-04-29 11:08:26.031 [http-nio-8080-exec-10] DEBUG [ef5ce13e] [GET] [/favicon.ico] [0:0:0:0:0:0:0:1] o.s.web.servlet.DispatcherServlet - GET "/favicon.ico", parameters={}
2026-04-29 11:08:26.031 [http-nio-8080-exec-10] DEBUG [ef5ce13e] [GET] [/favicon.ico] [0:0:0:0:0:0:0:1] o.s.w.s.h.SimpleUrlHandlerMapping - Mapped to ResourceHttpRequestHandler [classpath [META-INF/resources/], classpath [resources/], classpath [static/], classpath [public/], ServletContext [/]]
2026-04-29 11:08:26.031 [http-nio-8080-exec-10] DEBUG [ef5ce13e] [GET] [/favicon.ico] [0:0:0:0:0:0:0:1] o.s.w.s.r.ResourceHttpRequestHandler - Resource not found
2026-04-29 11:08:26.035 [http-nio-8080-exec-10] DEBUG [ef5ce13e] [GET] [/favicon.ico] [0:0:0:0:0:0:0:1] o.s.w.s.m.m.a.ExceptionHandlerExceptionResolver - Using @ExceptionHandler com.ohgiraffers.stability.section01.exception.handler.GlobalExceptionHandler#handleGenericException(Exception, HttpServletRequest)
2026-04-29 11:08:26.035 [http-nio-8080-exec-10] ERROR [ef5ce13e] [GET] [/favicon.ico] [0:0:0:0:0:0:0:1] c.o.s.s.e.h.GlobalExceptionHandler - [s1][GlobalExceptionHandler] 예상하지 못한 오류 발생
org.springframework.web.servlet.resource.NoResourceFoundException: No static resource favicon.ico.
	at org.springframework.web.servlet.resource.ResourceHttpRequestHandler.handleRequest(ResourceHttpRequestHandler.java:585)
	at org.springframework.web.servlet.mvc.HttpRequestHandlerAdapter.handle(HttpRequestHandlerAdapter.java:52)
	at org.springframework.web.servlet.DispatcherServlet.doDispatch(DispatcherServlet.java:1089)
	at org.springframework.web.servlet.DispatcherServlet.doService(DispatcherServlet.java:979)
	at org.springframework.web.servlet.FrameworkServlet.processRequest(FrameworkServlet.java:1014)
	at org.springframework.web.servlet.FrameworkServlet.doGet(FrameworkServlet.java:903)
	at jakarta.servlet.http.HttpServlet.service(HttpServlet.java:564)
	at org.springframework.web.servlet.FrameworkServlet.service(FrameworkServlet.java:885)
	at jakarta.servlet.http.HttpServlet.service(HttpServlet.java:658)
	at org.apache.catalina.core.ApplicationFilterChain.internalDoFilter(ApplicationFilterChain.java:193)
	at org.apache.catalina.core.ApplicationFilterChain.doFilter(ApplicationFilterChain.java:138)
	at org.apache.tomcat.websocket.server.WsFilter.doFilter(WsFilter.java:51)
	at org.apache.catalina.core.ApplicationFilterChain.internalDoFilter(ApplicationFilterChain.java:162)
	at org.apache.catalina.core.ApplicationFilterChain.doFilter(ApplicationFilterChain.java:138)
	at com.ohgiraffers.stability.section02.logging.config.LoggingConfig$1.doFilterInternal(LoggingConfig.java:74)
	at org.springframework.web.filter.OncePerRequestFilter.doFilter(OncePerRequestFilter.java:116)
	at org.apache.catalina.core.ApplicationFilterChain.internalDoFilter(ApplicationFilterChain.java:162)
	at org.apache.catalina.core.ApplicationFilterChain.doFilter(ApplicationFilterChain.java:138)
	at org.springframework.web.filter.RequestContextFilter.doFilterInternal(RequestContextFilter.java:100)
	at org.springframework.web.filter.OncePerRequestFilter.doFilter(OncePerRequestFilter.java:116)
	at org.apache.catalina.core.ApplicationFilterChain.internalDoFilter(ApplicationFilterChain.java:162)
	at org.apache.catalina.core.ApplicationFilterChain.doFilter(ApplicationFilterChain.java:138)
	at org.springframework.web.filter.FormContentFilter.doFilterInternal(FormContentFilter.java:93)
	at org.springframework.web.filter.OncePerRequestFilter.doFilter(OncePerRequestFilter.java:116)
	at org.apache.catalina.core.ApplicationFilterChain.internalDoFilter(ApplicationFilterChain.java:162)
	at org.apache.catalina.core.ApplicationFilterChain.doFilter(ApplicationFilterChain.java:138)
	at org.springframework.web.filter.CharacterEncodingFilter.doFilterInternal(CharacterEncodingFilter.java:201)
	at org.springframework.web.filter.OncePerRequestFilter.doFilter(OncePerRequestFilter.java:116)
	at org.apache.catalina.core.ApplicationFilterChain.internalDoFilter(ApplicationFilterChain.java:162)
	at org.apache.catalina.core.ApplicationFilterChain.doFilter(ApplicationFilterChain.java:138)
	at org.apache.catalina.core.StandardWrapperValve.invoke(StandardWrapperValve.java:165)
	at org.apache.catalina.core.StandardContextValve.invoke(StandardContextValve.java:88)
	at org.apache.catalina.authenticator.AuthenticatorBase.invoke(AuthenticatorBase.java:482)
	at org.apache.catalina.core.StandardHostValve.invoke(StandardHostValve.java:113)
	at org.apache.catalina.valves.ErrorReportValve.invoke(ErrorReportValve.java:83)
	at org.apache.catalina.core.StandardEngineValve.invoke(StandardEngineValve.java:72)
	at org.apache.catalina.connector.CoyoteAdapter.service(CoyoteAdapter.java:342)
	at org.apache.coyote.http11.Http11Processor.service(Http11Processor.java:399)
	at org.apache.coyote.AbstractProcessorLight.process(AbstractProcessorLight.java:63)
	at org.apache.coyote.AbstractProtocol$ConnectionHandler.process(AbstractProtocol.java:903)
	at org.apache.tomcat.util.net.NioEndpoint$SocketProcessor.doRun(NioEndpoint.java:1774)
	at org.apache.tomcat.util.net.SocketProcessorBase.run(SocketProcessorBase.java:52)
	at org.apache.tomcat.util.threads.ThreadPoolExecutor.runWorker(ThreadPoolExecutor.java:973)
	at org.apache.tomcat.util.threads.ThreadPoolExecutor$Worker.run(ThreadPoolExecutor.java:491)
	at org.apache.tomcat.util.threads.TaskThread$WrappingRunnable.run(TaskThread.java:63)
	at java.base/java.lang.Thread.run(Thread.java:840)
2026-04-29 11:08:26.036 [http-nio-8080-exec-10] DEBUG [ef5ce13e] [GET] [/favicon.ico] [0:0:0:0:0:0:0:1] o.s.w.s.m.m.a.HttpEntityMethodProcessor - Using 'application/json;q=0.8', given [image/avif, image/webp, image/apng, image/svg+xml, image/*, */*;q=0.8] and supported [application/json, application/*+json]
2026-04-29 11:08:26.036 [http-nio-8080-exec-10] DEBUG [ef5ce13e] [GET] [/favicon.ico] [0:0:0:0:0:0:0:1] o.s.w.s.m.m.a.HttpEntityMethodProcessor - Writing [ErrorResponse{errorCode='INTERNAL_SERVER_ERROR', message='서버 내부 오류가 발생했습니다.', timestamp=2026-04-29T1 (truncated)...]
2026-04-29 11:08:26.037 [http-nio-8080-exec-10] WARN  [ef5ce13e] [GET] [/favicon.ico] [0:0:0:0:0:0:0:1] o.s.w.s.m.m.a.ExceptionHandlerExceptionResolver - Resolved [org.springframework.web.servlet.resource.NoResourceFoundException: No static resource favicon.ico.]
2026-04-29 11:08:26.037 [http-nio-8080-exec-10] DEBUG [ef5ce13e] [GET] [/favicon.ico] [0:0:0:0:0:0:0:1] o.s.web.servlet.DispatcherServlet - Completed 500 INTERNAL_SERVER_ERROR
2026-04-29 11:08:28.579 [http-nio-8080-exec-4] DEBUG [e392db19] [GET] [/favicon.ico] [0:0:0:0:0:0:0:1] o.s.web.servlet.DispatcherServlet - GET "/favicon.ico", parameters={}
2026-04-29 11:08:28.579 [http-nio-8080-exec-4] DEBUG [e392db19] [GET] [/favicon.ico] [0:0:0:0:0:0:0:1] o.s.w.s.h.SimpleUrlHandlerMapping - Mapped to ResourceHttpRequestHandler [classpath [META-INF/resources/], classpath [resources/], classpath [static/], classpath [public/], ServletContext [/]]
2026-04-29 11:08:28.579 [http-nio-8080-exec-4] DEBUG [e392db19] [GET] [/favicon.ico] [0:0:0:0:0:0:0:1] o.s.w.s.r.ResourceHttpRequestHandler - Resource not found
2026-04-29 11:08:28.579 [http-nio-8080-exec-4] DEBUG [e392db19] [GET] [/favicon.ico] [0:0:0:0:0:0:0:1] o.s.w.s.m.m.a.ExceptionHandlerExceptionResolver - Using @ExceptionHandler com.ohgiraffers.stability.section01.exception.handler.GlobalExceptionHandler#handleGenericException(Exception, HttpServletRequest)
2026-04-29 11:08:28.579 [http-nio-8080-exec-4] ERROR [e392db19] [GET] [/favicon.ico] [0:0:0:0:0:0:0:1] c.o.s.s.e.h.GlobalExceptionHandler - [s1][GlobalExceptionHandler] 예상하지 못한 오류 발생
org.springframework.web.servlet.resource.NoResourceFoundException: No static resource favicon.ico.
	at org.springframework.web.servlet.resource.ResourceHttpRequestHandler.handleRequest(ResourceHttpRequestHandler.java:585)
	at org.springframework.web.servlet.mvc.HttpRequestHandlerAdapter.handle(HttpRequestHandlerAdapter.java:52)
	at org.springframework.web.servlet.DispatcherServlet.doDispatch(DispatcherServlet.java:1089)
	at org.springframework.web.servlet.DispatcherServlet.doService(DispatcherServlet.java:979)
	at org.springframework.web.servlet.FrameworkServlet.processRequest(FrameworkServlet.java:1014)
	at org.springframework.web.servlet.FrameworkServlet.doGet(FrameworkServlet.java:903)
	at jakarta.servlet.http.HttpServlet.service(HttpServlet.java:564)
	at org.springframework.web.servlet.FrameworkServlet.service(FrameworkServlet.java:885)
	at jakarta.servlet.http.HttpServlet.service(HttpServlet.java:658)
	at org.apache.catalina.core.ApplicationFilterChain.internalDoFilter(ApplicationFilterChain.java:193)
	at org.apache.catalina.core.ApplicationFilterChain.doFilter(ApplicationFilterChain.java:138)
	at org.apache.tomcat.websocket.server.WsFilter.doFilter(WsFilter.java:51)
	at org.apache.catalina.core.ApplicationFilterChain.internalDoFilter(ApplicationFilterChain.java:162)
	at org.apache.catalina.core.ApplicationFilterChain.doFilter(ApplicationFilterChain.java:138)
	at com.ohgiraffers.stability.section02.logging.config.LoggingConfig$1.doFilterInternal(LoggingConfig.java:74)
	at org.springframework.web.filter.OncePerRequestFilter.doFilter(OncePerRequestFilter.java:116)
	at org.apache.catalina.core.ApplicationFilterChain.internalDoFilter(ApplicationFilterChain.java:162)
	at org.apache.catalina.core.ApplicationFilterChain.doFilter(ApplicationFilterChain.java:138)
	at org.springframework.web.filter.RequestContextFilter.doFilterInternal(RequestContextFilter.java:100)
	at org.springframework.web.filter.OncePerRequestFilter.doFilter(OncePerRequestFilter.java:116)
	at org.apache.catalina.core.ApplicationFilterChain.internalDoFilter(ApplicationFilterChain.java:162)
	at org.apache.catalina.core.ApplicationFilterChain.doFilter(ApplicationFilterChain.java:138)
	at org.springframework.web.filter.FormContentFilter.doFilterInternal(FormContentFilter.java:93)
	at org.springframework.web.filter.OncePerRequestFilter.doFilter(OncePerRequestFilter.java:116)
	at org.apache.catalina.core.ApplicationFilterChain.internalDoFilter(ApplicationFilterChain.java:162)
	at org.apache.catalina.core.ApplicationFilterChain.doFilter(ApplicationFilterChain.java:138)
	at org.springframework.web.filter.CharacterEncodingFilter.doFilterInternal(CharacterEncodingFilter.java:201)
	at org.springframework.web.filter.OncePerRequestFilter.doFilter(OncePerRequestFilter.java:116)
	at org.apache.catalina.core.ApplicationFilterChain.internalDoFilter(ApplicationFilterChain.java:162)
	at org.apache.catalina.core.ApplicationFilterChain.doFilter(ApplicationFilterChain.java:138)
	at org.apache.catalina.core.StandardWrapperValve.invoke(StandardWrapperValve.java:165)
	at org.apache.catalina.core.StandardContextValve.invoke(StandardContextValve.java:88)
	at org.apache.catalina.authenticator.AuthenticatorBase.invoke(AuthenticatorBase.java:482)
	at org.apache.catalina.core.StandardHostValve.invoke(StandardHostValve.java:113)
	at org.apache.catalina.valves.ErrorReportValve.invoke(ErrorReportValve.java:83)
	at org.apache.catalina.core.StandardEngineValve.invoke(StandardEngineValve.java:72)
	at org.apache.catalina.connector.CoyoteAdapter.service(CoyoteAdapter.java:342)
	at org.apache.coyote.http11.Http11Processor.service(Http11Processor.java:399)
	at org.apache.coyote.AbstractProcessorLight.process(AbstractProcessorLight.java:63)
	at org.apache.coyote.AbstractProtocol$ConnectionHandler.process(AbstractProtocol.java:903)
	at org.apache.tomcat.util.net.NioEndpoint$SocketProcessor.doRun(NioEndpoint.java:1774)
	at org.apache.tomcat.util.net.SocketProcessorBase.run(SocketProcessorBase.java:52)
	at org.apache.tomcat.util.threads.ThreadPoolExecutor.runWorker(ThreadPoolExecutor.java:973)
	at org.apache.tomcat.util.threads.ThreadPoolExecutor$Worker.run(ThreadPoolExecutor.java:491)
	at org.apache.tomcat.util.threads.TaskThread$WrappingRunnable.run(TaskThread.java:63)
	at java.base/java.lang.Thread.run(Thread.java:840)
2026-04-29 11:08:28.579 [http-nio-8080-exec-4] DEBUG [e392db19] [GET] [/favicon.ico] [0:0:0:0:0:0:0:1] o.s.w.s.m.m.a.HttpEntityMethodProcessor - Using 'application/json;q=0.8', given [image/avif, image/webp, image/apng, image/svg+xml, image/*, */*;q=0.8] and supported [application/json, application/*+json]
2026-04-29 11:08:28.579 [http-nio-8080-exec-4] DEBUG [e392db19] [GET] [/favicon.ico] [0:0:0:0:0:0:0:1] o.s.w.s.m.m.a.HttpEntityMethodProcessor - Writing [ErrorResponse{errorCode='INTERNAL_SERVER_ERROR', message='서버 내부 오류가 발생했습니다.', timestamp=2026-04-29T1 (truncated)...]
2026-04-29 11:08:28.579 [http-nio-8080-exec-4] WARN  [e392db19] [GET] [/favicon.ico] [0:0:0:0:0:0:0:1] o.s.w.s.m.m.a.ExceptionHandlerExceptionResolver - Resolved [org.springframework.web.servlet.resource.NoResourceFoundException: No static resource favicon.ico.]
2026-04-29 11:08:28.579 [http-nio-8080-exec-4] DEBUG [e392db19] [GET] [/favicon.ico] [0:0:0:0:0:0:0:1] o.s.web.servlet.DispatcherServlet - Completed 500 INTERNAL_SERVER_ERROR
2026-04-29 11:09:10.769 [http-nio-8080-exec-6] DEBUG [3e0abf9b] [GET] [/favicon.ico] [0:0:0:0:0:0:0:1] o.s.web.servlet.DispatcherServlet - GET "/favicon.ico", parameters={}
2026-04-29 11:09:10.769 [http-nio-8080-exec-6] DEBUG [3e0abf9b] [GET] [/favicon.ico] [0:0:0:0:0:0:0:1] o.s.w.s.h.SimpleUrlHandlerMapping - Mapped to ResourceHttpRequestHandler [classpath [META-INF/resources/], classpath [resources/], classpath [static/], classpath [public/], ServletContext [/]]
2026-04-29 11:09:10.769 [http-nio-8080-exec-6] DEBUG [3e0abf9b] [GET] [/favicon.ico] [0:0:0:0:0:0:0:1] o.s.w.s.r.ResourceHttpRequestHandler - Resource not found
2026-04-29 11:09:10.769 [http-nio-8080-exec-6] DEBUG [3e0abf9b] [GET] [/favicon.ico] [0:0:0:0:0:0:0:1] o.s.w.s.m.m.a.ExceptionHandlerExceptionResolver - Using @ExceptionHandler com.ohgiraffers.stability.section01.exception.handler.GlobalExceptionHandler#handleGenericException(Exception, HttpServletRequest)
2026-04-29 11:09:10.769 [http-nio-8080-exec-6] ERROR [3e0abf9b] [GET] [/favicon.ico] [0:0:0:0:0:0:0:1] c.o.s.s.e.h.GlobalExceptionHandler - [s1][GlobalExceptionHandler] 예상하지 못한 오류 발생
org.springframework.web.servlet.resource.NoResourceFoundException: No static resource favicon.ico.
	at org.springframework.web.servlet.resource.ResourceHttpRequestHandler.handleRequest(ResourceHttpRequestHandler.java:585)
	at org.springframework.web.servlet.mvc.HttpRequestHandlerAdapter.handle(HttpRequestHandlerAdapter.java:52)
	at org.springframework.web.servlet.DispatcherServlet.doDispatch(DispatcherServlet.java:1089)
	at org.springframework.web.servlet.DispatcherServlet.doService(DispatcherServlet.java:979)
	at org.springframework.web.servlet.FrameworkServlet.processRequest(FrameworkServlet.java:1014)
	at org.springframework.web.servlet.FrameworkServlet.doGet(FrameworkServlet.java:903)
	at jakarta.servlet.http.HttpServlet.service(HttpServlet.java:564)
	at org.springframework.web.servlet.FrameworkServlet.service(FrameworkServlet.java:885)
	at jakarta.servlet.http.HttpServlet.service(HttpServlet.java:658)
	at org.apache.catalina.core.ApplicationFilterChain.internalDoFilter(ApplicationFilterChain.java:193)
	at org.apache.catalina.core.ApplicationFilterChain.doFilter(ApplicationFilterChain.java:138)
	at org.apache.tomcat.websocket.server.WsFilter.doFilter(WsFilter.java:51)
	at org.apache.catalina.core.ApplicationFilterChain.internalDoFilter(ApplicationFilterChain.java:162)
	at org.apache.catalina.core.ApplicationFilterChain.doFilter(ApplicationFilterChain.java:138)
	at com.ohgiraffers.stability.section02.logging.config.LoggingConfig$1.doFilterInternal(LoggingConfig.java:74)
	at org.springframework.web.filter.OncePerRequestFilter.doFilter(OncePerRequestFilter.java:116)
	at org.apache.catalina.core.ApplicationFilterChain.internalDoFilter(ApplicationFilterChain.java:162)
	at org.apache.catalina.core.ApplicationFilterChain.doFilter(ApplicationFilterChain.java:138)
	at org.springframework.web.filter.RequestContextFilter.doFilterInternal(RequestContextFilter.java:100)
	at org.springframework.web.filter.OncePerRequestFilter.doFilter(OncePerRequestFilter.java:116)
	at org.apache.catalina.core.ApplicationFilterChain.internalDoFilter(ApplicationFilterChain.java:162)
	at org.apache.catalina.core.ApplicationFilterChain.doFilter(ApplicationFilterChain.java:138)
	at org.springframework.web.filter.FormContentFilter.doFilterInternal(FormContentFilter.java:93)
	at org.springframework.web.filter.OncePerRequestFilter.doFilter(OncePerRequestFilter.java:116)
	at org.apache.catalina.core.ApplicationFilterChain.internalDoFilter(ApplicationFilterChain.java:162)
	at org.apache.catalina.core.ApplicationFilterChain.doFilter(ApplicationFilterChain.java:138)
	at org.springframework.web.filter.CharacterEncodingFilter.doFilterInternal(CharacterEncodingFilter.java:201)
	at org.springframework.web.filter.OncePerRequestFilter.doFilter(OncePerRequestFilter.java:116)
	at org.apache.catalina.core.ApplicationFilterChain.internalDoFilter(ApplicationFilterChain.java:162)
	at org.apache.catalina.core.ApplicationFilterChain.doFilter(ApplicationFilterChain.java:138)
	at org.apache.catalina.core.StandardWrapperValve.invoke(StandardWrapperValve.java:165)
	at org.apache.catalina.core.StandardContextValve.invoke(StandardContextValve.java:88)
	at org.apache.catalina.authenticator.AuthenticatorBase.invoke(AuthenticatorBase.java:482)
	at org.apache.catalina.core.StandardHostValve.invoke(StandardHostValve.java:113)
	at org.apache.catalina.valves.ErrorReportValve.invoke(ErrorReportValve.java:83)
	at org.apache.catalina.core.StandardEngineValve.invoke(StandardEngineValve.java:72)
	at org.apache.catalina.connector.CoyoteAdapter.service(CoyoteAdapter.java:342)
	at org.apache.coyote.http11.Http11Processor.service(Http11Processor.java:399)
	at org.apache.coyote.AbstractProcessorLight.process(AbstractProcessorLight.java:63)
	at org.apache.coyote.AbstractProtocol$ConnectionHandler.process(AbstractProtocol.java:903)
	at org.apache.tomcat.util.net.NioEndpoint$SocketProcessor.doRun(NioEndpoint.java:1774)
	at org.apache.tomcat.util.net.SocketProcessorBase.run(SocketProcessorBase.java:52)
	at org.apache.tomcat.util.threads.ThreadPoolExecutor.runWorker(ThreadPoolExecutor.java:973)
	at org.apache.tomcat.util.threads.ThreadPoolExecutor$Worker.run(ThreadPoolExecutor.java:491)
	at org.apache.tomcat.util.threads.TaskThread$WrappingRunnable.run(TaskThread.java:63)
	at java.base/java.lang.Thread.run(Thread.java:840)
2026-04-29 11:09:10.769 [http-nio-8080-exec-6] DEBUG [3e0abf9b] [GET] [/favicon.ico] [0:0:0:0:0:0:0:1] o.s.w.s.m.m.a.HttpEntityMethodProcessor - Using 'application/json;q=0.8', given [image/avif, image/webp, image/apng, image/svg+xml, image/*, */*;q=0.8] and supported [application/json, application/*+json]
2026-04-29 11:09:10.769 [http-nio-8080-exec-6] DEBUG [3e0abf9b] [GET] [/favicon.ico] [0:0:0:0:0:0:0:1] o.s.w.s.m.m.a.HttpEntityMethodProcessor - Writing [ErrorResponse{errorCode='INTERNAL_SERVER_ERROR', message='서버 내부 오류가 발생했습니다.', timestamp=2026-04-29T1 (truncated)...]
2026-04-29 11:09:10.769 [http-nio-8080-exec-6] WARN  [3e0abf9b] [GET] [/favicon.ico] [0:0:0:0:0:0:0:1] o.s.w.s.m.m.a.ExceptionHandlerExceptionResolver - Resolved [org.springframework.web.servlet.resource.NoResourceFoundException: No static resource favicon.ico.]
2026-04-29 11:09:10.769 [http-nio-8080-exec-6] DEBUG [3e0abf9b] [GET] [/favicon.ico] [0:0:0:0:0:0:0:1] o.s.web.servlet.DispatcherServlet - Completed 500 INTERNAL_SERVER_ERROR
2026-04-29 11:39:51.176 [File Watcher] INFO  [] [] [] [] o.s.b.d.a.LocalDevToolsAutoConfiguration$RestartingClassPathChangeChangedEventListener - Restarting due to 2 class path changes (0 additions, 0 deletions, 2 modifications)
2026-04-29 11:39:51.180 [Thread-5] INFO  [] [] [] [] o.s.b.w.e.tomcat.GracefulShutdown - Commencing graceful shutdown. Waiting for active requests to complete
2026-04-29 11:39:51.181 [tomcat-shutdown] INFO  [] [] [] [] o.a.coyote.http11.Http11NioProtocol - Pausing ProtocolHandler ["http-nio-8080"]
2026-04-29 11:39:51.302 [tomcat-shutdown] INFO  [] [] [] [] o.s.b.w.e.tomcat.GracefulShutdown - Graceful shutdown complete
2026-04-29 11:39:51.302 [Thread-5] INFO  [] [] [] [] o.a.coyote.http11.Http11NioProtocol - Stopping ProtocolHandler ["http-nio-8080"]
2026-04-29 11:39:51.305 [Thread-5] INFO  [] [] [] [] o.s.o.j.LocalContainerEntityManagerFactoryBean - Closing JPA EntityManagerFactory for persistence unit 'default'
2026-04-29 11:39:51.306 [Thread-5] DEBUG [] [] [] [] org.hibernate.SQL - 
    drop table if exists tbl_book cascade 
2026-04-29 11:39:51.308 [Thread-5] DEBUG [] [] [] [] org.hibernate.SQL - 
    drop table if exists tbl_loan cascade 
2026-04-29 11:39:51.309 [Thread-5] DEBUG [] [] [] [] org.hibernate.SQL - 
    drop table if exists tbl_member cascade 
2026-04-29 11:39:51.310 [Thread-5] DEBUG [] [] [] [] org.hibernate.SQL - 
    drop table if exists tbl_review cascade 
2026-04-29 11:39:51.313 [Thread-5] WARN  [] [] [] [] o.s.b.f.s.DisposableBeanAdapter - Invocation of destroy method failed on bean with name 'inMemoryDatabaseShutdownExecutor': org.h2.jdbc.JdbcSQLNonTransientConnectionException: Database is already closed (to disable automatic closing at VM shutdown, add ";DB_CLOSE_ON_EXIT=FALSE" to the db URL) [90121-232]
2026-04-29 11:39:51.315 [Thread-5] INFO  [] [] [] [] com.zaxxer.hikari.HikariDataSource - HikariPool-1 - Shutdown initiated...
2026-04-29 11:39:51.315 [Thread-5] INFO  [] [] [] [] com.zaxxer.hikari.HikariDataSource - HikariPool-1 - Shutdown completed.
2026-04-29 11:39:51.403 [restartedMain] INFO  [] [] [] [] c.o.s.Chap01SpringStabilityApplication - Starting Chap01SpringStabilityApplication using Java 17.0.18 with PID 4928 (C:\Lecture\10_Logging-Monitoring\module01-spring-stability\build\classes\java\main started by user in C:\Lecture\10_Logging-Monitoring\module01-spring-stability)
2026-04-29 11:39:51.403 [restartedMain] DEBUG [] [] [] [] c.o.s.Chap01SpringStabilityApplication - Running with Spring Boot v3.4.13, Spring v6.2.15
2026-04-29 11:39:51.403 [restartedMain] INFO  [] [] [] [] c.o.s.Chap01SpringStabilityApplication - The following 1 profile is active: "dev"
2026-04-29 11:39:51.586 [restartedMain] INFO  [] [] [] [] o.s.d.r.c.RepositoryConfigurationDelegate - Bootstrapping Spring Data JPA repositories in DEFAULT mode.
2026-04-29 11:39:51.612 [restartedMain] INFO  [] [] [] [] o.s.d.r.c.RepositoryConfigurationDelegate - Finished Spring Data repository scanning in 25 ms. Found 4 JPA repository interfaces.
2026-04-29 11:39:51.744 [restartedMain] INFO  [] [] [] [] o.s.b.w.e.tomcat.TomcatWebServer - Tomcat initialized with port 8080 (http)
2026-04-29 11:39:51.745 [restartedMain] INFO  [] [] [] [] o.a.coyote.http11.Http11NioProtocol - Initializing ProtocolHandler ["http-nio-8080"]
2026-04-29 11:39:51.745 [restartedMain] INFO  [] [] [] [] o.a.catalina.core.StandardService - Starting service [Tomcat]
2026-04-29 11:39:51.745 [restartedMain] INFO  [] [] [] [] o.a.catalina.core.StandardEngine - Starting Servlet engine: [Apache Tomcat/10.1.50]
2026-04-29 11:39:51.757 [restartedMain] INFO  [] [] [] [] o.a.c.c.C.[Tomcat].[localhost].[/] - Initializing Spring embedded WebApplicationContext
2026-04-29 11:39:51.757 [restartedMain] INFO  [] [] [] [] o.s.b.w.s.c.ServletWebServerApplicationContext - Root WebApplicationContext: initialization completed in 352 ms
2026-04-29 11:39:51.768 [restartedMain] DEBUG [] [] [] [] c.o.s.s.l.config.LoggingConfig$1 - Filter 'mdcLoggingFilter' configured for use
2026-04-29 11:39:51.800 [restartedMain] INFO  [] [] [] [] o.h.jpa.internal.util.LogHelper - HHH000204: Processing PersistenceUnitInfo [name: default]
2026-04-29 11:39:51.802 [restartedMain] INFO  [] [] [] [] o.h.c.i.RegionFactoryInitiator - HHH000026: Second-level cache disabled
2026-04-29 11:39:51.810 [restartedMain] INFO  [] [] [] [] o.s.o.j.p.SpringPersistenceUnitInfo - No LoadTimeWeaver setup: ignoring JPA class transformer
2026-04-29 11:39:51.811 [restartedMain] INFO  [] [] [] [] com.zaxxer.hikari.HikariDataSource - HikariPool-2 - Starting...
2026-04-29 11:39:51.812 [restartedMain] INFO  [] [] [] [] com.zaxxer.hikari.pool.HikariPool - HikariPool-2 - Added connection conn20: url=jdbc:h2:mem:library user=OHGIRAFFERS
2026-04-29 11:39:51.812 [restartedMain] INFO  [] [] [] [] com.zaxxer.hikari.HikariDataSource - HikariPool-2 - Start completed.
2026-04-29 11:39:51.813 [restartedMain] INFO  [] [] [] [] o.hibernate.orm.connections.pooling - HHH10001005: Database info:
	Database JDBC URL [Connecting through datasource 'HikariDataSource (HikariPool-2)']
	Database driver: undefined/unknown
	Database version: 2.3.232
	Autocommit mode: undefined/unknown
	Isolation level: undefined/unknown
	Minimum pool size: undefined/unknown
	Maximum pool size: undefined/unknown
2026-04-29 11:39:51.880 [restartedMain] INFO  [] [] [] [] o.h.e.t.j.p.i.JtaPlatformInitiator - HHH000489: No JTA platform available (set 'hibernate.transaction.jta.platform' to enable JTA platform integration)
2026-04-29 11:39:51.880 [restartedMain] DEBUG [] [] [] [] org.hibernate.SQL - 
    drop table if exists tbl_book cascade 
2026-04-29 11:39:51.880 [restartedMain] DEBUG [] [] [] [] org.hibernate.SQL - 
    drop table if exists tbl_loan cascade 
2026-04-29 11:39:51.880 [restartedMain] DEBUG [] [] [] [] org.hibernate.SQL - 
    drop table if exists tbl_member cascade 
2026-04-29 11:39:51.880 [restartedMain] DEBUG [] [] [] [] org.hibernate.SQL - 
    drop table if exists tbl_review cascade 
2026-04-29 11:39:51.881 [restartedMain] DEBUG [] [] [] [] org.hibernate.SQL - 
    create table tbl_book (
        available boolean not null,
        publish_date date not null,
        stock_quantity integer not null,
        book_id bigint generated by default as identity,
        isbn varchar(13) not null unique,
        author varchar(100) not null,
        publisher varchar(100) not null,
        title varchar(200) not null,
        primary key (book_id)
    )
2026-04-29 11:39:51.882 [restartedMain] DEBUG [] [] [] [] org.hibernate.SQL - 
    create table tbl_loan (
        fine_amount integer,
        overdue_days integer,
        book_id bigint not null,
        due_date timestamp(6) not null,
        loan_date timestamp(6) not null,
        loan_id bigint generated by default as identity,
        member_id bigint not null,
        return_date timestamp(6),
        status enum ('ACTIVE','OVERDUE','RETURNED') not null,
        primary key (loan_id)
    )
2026-04-29 11:39:51.882 [restartedMain] DEBUG [] [] [] [] org.hibernate.SQL - 
    create table tbl_member (
        active boolean not null,
        join_date timestamp(6) not null,
        member_id bigint generated by default as identity,
        phone varchar(20),
        member_name varchar(50) not null,
        email varchar(100) not null unique,
        primary key (member_id)
    )
2026-04-29 11:39:51.883 [restartedMain] DEBUG [] [] [] [] org.hibernate.SQL - 
    create table tbl_review (
        helpful_count integer not null check (helpful_count>=0),
        rating float(53) not null,
        verified_purchase boolean not null,
        book_id bigint not null,
        created_at timestamp(6) not null,
        member_id bigint not null,
        review_id bigint generated by default as identity,
        updated_at timestamp(6),
        title varchar(100) not null,
        content varchar(2000) not null,
        status enum ('ACTIVE','DELETED','HIDDEN') not null,
        primary key (review_id),
        unique (member_id, book_id)
    )
2026-04-29 11:39:51.884 [restartedMain] DEBUG [] [] [] [] org.hibernate.SQL - 
    alter table if exists tbl_loan 
       add constraint FK963g40utp85k5mww691e4ma6g 
       foreign key (book_id) 
       references tbl_book
2026-04-29 11:39:51.885 [restartedMain] DEBUG [] [] [] [] org.hibernate.SQL - 
    alter table if exists tbl_loan 
       add constraint FKqtnm703pqo6mnin10corsjsc 
       foreign key (member_id) 
       references tbl_member
2026-04-29 11:39:51.887 [restartedMain] DEBUG [] [] [] [] org.hibernate.SQL - 
    alter table if exists tbl_review 
       add constraint FK6ykodvsh8wis5tfouaxwi9qbc 
       foreign key (book_id) 
       references tbl_book
2026-04-29 11:39:51.888 [restartedMain] DEBUG [] [] [] [] org.hibernate.SQL - 
    alter table if exists tbl_review 
       add constraint FKcgs2lvcrlf9x3jtif9sskpx0 
       foreign key (member_id) 
       references tbl_member
2026-04-29 11:39:51.889 [restartedMain] INFO  [] [] [] [] o.s.o.j.LocalContainerEntityManagerFactoryBean - Initialized JPA EntityManagerFactory for persistence unit 'default'
2026-04-29 11:39:52.129 [restartedMain] WARN  [] [] [] [] o.s.b.a.o.j.JpaBaseConfiguration$JpaWebConfiguration - spring.jpa.open-in-view is enabled by default. Therefore, database queries may be performed during view rendering. Explicitly configure spring.jpa.open-in-view to disable this warning
2026-04-29 11:39:52.172 [restartedMain] DEBUG [] [] [] [] o.s.w.s.m.m.a.RequestMappingHandlerMapping - 29 mappings in 'requestMappingHandlerMapping'
2026-04-29 11:39:52.234 [restartedMain] DEBUG [] [] [] [] o.s.w.s.h.SimpleUrlHandlerMapping - Patterns [/webjars/**, /**] in 'resourceHandlerMapping'
2026-04-29 11:39:52.250 [restartedMain] DEBUG [] [] [] [] o.s.w.s.m.m.a.RequestMappingHandlerAdapter - ControllerAdvice beans: 0 @ModelAttribute, 0 @InitBinder, 1 RequestBodyAdvice, 1 ResponseBodyAdvice
2026-04-29 11:39:52.264 [restartedMain] DEBUG [] [] [] [] o.s.w.s.m.m.a.ExceptionHandlerExceptionResolver - ControllerAdvice beans: 2 @ExceptionHandler, 1 ResponseBodyAdvice
2026-04-29 11:39:52.301 [restartedMain] INFO  [] [] [] [] o.s.b.a.h.H2ConsoleAutoConfiguration - H2 console available at '/h2-console'. Database available at 'jdbc:h2:mem:library'
2026-04-29 11:39:52.352 [restartedMain] INFO  [] [] [] [] o.s.b.d.a.OptionalLiveReloadServer - LiveReload server is running on port 35729
2026-04-29 11:39:52.365 [restartedMain] INFO  [] [] [] [] o.a.coyote.http11.Http11NioProtocol - Starting ProtocolHandler ["http-nio-8080"]
2026-04-29 11:39:52.368 [restartedMain] INFO  [] [] [] [] o.s.b.w.e.tomcat.TomcatWebServer - Tomcat started on port 8080 (http) with context path '/'
2026-04-29 11:39:52.372 [restartedMain] INFO  [] [] [] [] c.o.s.Chap01SpringStabilityApplication - Started Chap01SpringStabilityApplication in 1.008 seconds (process running for 2154.981)
2026-04-29 11:39:52.374 [restartedMain] INFO  [] [] [] [] o.s.b.d.a.ConditionEvaluationDeltaLoggingListener - Condition evaluation unchanged
2026-04-29 11:41:44.488 [File Watcher] INFO  [] [] [] [] o.s.b.d.a.LocalDevToolsAutoConfiguration$RestartingClassPathChangeChangedEventListener - Restarting due to 2 class path changes (0 additions, 0 deletions, 2 modifications)
2026-04-29 11:41:44.489 [Thread-7] INFO  [] [] [] [] o.s.b.w.e.tomcat.GracefulShutdown - Commencing graceful shutdown. Waiting for active requests to complete
2026-04-29 11:41:44.490 [tomcat-shutdown] INFO  [] [] [] [] o.a.coyote.http11.Http11NioProtocol - Pausing ProtocolHandler ["http-nio-8080"]
2026-04-29 11:41:44.606 [tomcat-shutdown] INFO  [] [] [] [] o.s.b.w.e.tomcat.GracefulShutdown - Graceful shutdown complete
2026-04-29 11:41:44.606 [Thread-7] INFO  [] [] [] [] o.a.coyote.http11.Http11NioProtocol - Stopping ProtocolHandler ["http-nio-8080"]
2026-04-29 11:41:44.610 [Thread-7] INFO  [] [] [] [] o.s.o.j.LocalContainerEntityManagerFactoryBean - Closing JPA EntityManagerFactory for persistence unit 'default'
2026-04-29 11:41:44.610 [Thread-7] DEBUG [] [] [] [] org.hibernate.SQL - 
    drop table if exists tbl_book cascade 
2026-04-29 11:41:44.611 [Thread-7] DEBUG [] [] [] [] org.hibernate.SQL - 
    drop table if exists tbl_loan cascade 
2026-04-29 11:41:44.611 [Thread-7] DEBUG [] [] [] [] org.hibernate.SQL - 
    drop table if exists tbl_member cascade 
2026-04-29 11:41:44.612 [Thread-7] DEBUG [] [] [] [] org.hibernate.SQL - 
    drop table if exists tbl_review cascade 
2026-04-29 11:41:44.612 [Thread-7] WARN  [] [] [] [] o.s.b.f.s.DisposableBeanAdapter - Invocation of destroy method failed on bean with name 'inMemoryDatabaseShutdownExecutor': org.h2.jdbc.JdbcSQLNonTransientConnectionException: Database is already closed (to disable automatic closing at VM shutdown, add ";DB_CLOSE_ON_EXIT=FALSE" to the db URL) [90121-232]
2026-04-29 11:41:44.612 [Thread-7] INFO  [] [] [] [] com.zaxxer.hikari.HikariDataSource - HikariPool-2 - Shutdown initiated...
2026-04-29 11:41:44.613 [Thread-7] INFO  [] [] [] [] com.zaxxer.hikari.HikariDataSource - HikariPool-2 - Shutdown completed.
2026-04-29 11:41:44.685 [restartedMain] INFO  [] [] [] [] c.o.s.Chap01SpringStabilityApplication - Starting Chap01SpringStabilityApplication using Java 17.0.18 with PID 4928 (C:\Lecture\10_Logging-Monitoring\module01-spring-stability\build\classes\java\main started by user in C:\Lecture\10_Logging-Monitoring\module01-spring-stability)
2026-04-29 11:41:44.686 [restartedMain] DEBUG [] [] [] [] c.o.s.Chap01SpringStabilityApplication - Running with Spring Boot v3.4.13, Spring v6.2.15
2026-04-29 11:41:44.686 [restartedMain] INFO  [] [] [] [] c.o.s.Chap01SpringStabilityApplication - The following 1 profile is active: "dev"
2026-04-29 11:41:44.795 [restartedMain] INFO  [] [] [] [] o.s.d.r.c.RepositoryConfigurationDelegate - Bootstrapping Spring Data JPA repositories in DEFAULT mode.
2026-04-29 11:41:44.812 [restartedMain] INFO  [] [] [] [] o.s.d.r.c.RepositoryConfigurationDelegate - Finished Spring Data repository scanning in 16 ms. Found 4 JPA repository interfaces.
2026-04-29 11:41:44.886 [restartedMain] INFO  [] [] [] [] o.s.b.w.e.tomcat.TomcatWebServer - Tomcat initialized with port 8080 (http)
2026-04-29 11:41:44.887 [restartedMain] INFO  [] [] [] [] o.a.coyote.http11.Http11NioProtocol - Initializing ProtocolHandler ["http-nio-8080"]
2026-04-29 11:41:44.887 [restartedMain] INFO  [] [] [] [] o.a.catalina.core.StandardService - Starting service [Tomcat]
2026-04-29 11:41:44.887 [restartedMain] INFO  [] [] [] [] o.a.catalina.core.StandardEngine - Starting Servlet engine: [Apache Tomcat/10.1.50]
2026-04-29 11:41:44.899 [restartedMain] INFO  [] [] [] [] o.a.c.c.C.[Tomcat].[localhost].[/] - Initializing Spring embedded WebApplicationContext
2026-04-29 11:41:44.900 [restartedMain] INFO  [] [] [] [] o.s.b.w.s.c.ServletWebServerApplicationContext - Root WebApplicationContext: initialization completed in 213 ms
2026-04-29 11:41:44.912 [restartedMain] DEBUG [] [] [] [] c.o.s.s.l.config.LoggingConfig$1 - Filter 'mdcLoggingFilter' configured for use
2026-04-29 11:41:44.937 [restartedMain] INFO  [] [] [] [] o.h.jpa.internal.util.LogHelper - HHH000204: Processing PersistenceUnitInfo [name: default]
2026-04-29 11:41:44.939 [restartedMain] INFO  [] [] [] [] o.h.c.i.RegionFactoryInitiator - HHH000026: Second-level cache disabled
2026-04-29 11:41:44.946 [restartedMain] INFO  [] [] [] [] o.s.o.j.p.SpringPersistenceUnitInfo - No LoadTimeWeaver setup: ignoring JPA class transformer
2026-04-29 11:41:44.947 [restartedMain] INFO  [] [] [] [] com.zaxxer.hikari.HikariDataSource - HikariPool-3 - Starting...
2026-04-29 11:41:44.949 [restartedMain] INFO  [] [] [] [] com.zaxxer.hikari.pool.HikariPool - HikariPool-3 - Added connection conn30: url=jdbc:h2:mem:library user=OHGIRAFFERS
2026-04-29 11:41:44.949 [restartedMain] INFO  [] [] [] [] com.zaxxer.hikari.HikariDataSource - HikariPool-3 - Start completed.
2026-04-29 11:41:44.949 [restartedMain] INFO  [] [] [] [] o.hibernate.orm.connections.pooling - HHH10001005: Database info:
	Database JDBC URL [Connecting through datasource 'HikariDataSource (HikariPool-3)']
	Database driver: undefined/unknown
	Database version: 2.3.232
	Autocommit mode: undefined/unknown
	Isolation level: undefined/unknown
	Minimum pool size: undefined/unknown
	Maximum pool size: undefined/unknown
2026-04-29 11:41:45.006 [restartedMain] INFO  [] [] [] [] o.h.e.t.j.p.i.JtaPlatformInitiator - HHH000489: No JTA platform available (set 'hibernate.transaction.jta.platform' to enable JTA platform integration)
2026-04-29 11:41:45.006 [restartedMain] DEBUG [] [] [] [] org.hibernate.SQL - 
    drop table if exists tbl_book cascade 
2026-04-29 11:41:45.007 [restartedMain] DEBUG [] [] [] [] org.hibernate.SQL - 
    drop table if exists tbl_loan cascade 
2026-04-29 11:41:45.007 [restartedMain] DEBUG [] [] [] [] org.hibernate.SQL - 
    drop table if exists tbl_member cascade 
2026-04-29 11:41:45.007 [restartedMain] DEBUG [] [] [] [] org.hibernate.SQL - 
    drop table if exists tbl_review cascade 
2026-04-29 11:41:45.007 [restartedMain] DEBUG [] [] [] [] org.hibernate.SQL - 
    create table tbl_book (
        available boolean not null,
        publish_date date not null,
        stock_quantity integer not null,
        book_id bigint generated by default as identity,
        isbn varchar(13) not null unique,
        author varchar(100) not null,
        publisher varchar(100) not null,
        title varchar(200) not null,
        primary key (book_id)
    )
2026-04-29 11:41:45.008 [restartedMain] DEBUG [] [] [] [] org.hibernate.SQL - 
    create table tbl_loan (
        fine_amount integer,
        overdue_days integer,
        book_id bigint not null,
        due_date timestamp(6) not null,
        loan_date timestamp(6) not null,
        loan_id bigint generated by default as identity,
        member_id bigint not null,
        return_date timestamp(6),
        status enum ('ACTIVE','OVERDUE','RETURNED') not null,
        primary key (loan_id)
    )
2026-04-29 11:41:45.009 [restartedMain] DEBUG [] [] [] [] org.hibernate.SQL - 
    create table tbl_member (
        active boolean not null,
        join_date timestamp(6) not null,
        member_id bigint generated by default as identity,
        phone varchar(20),
        member_name varchar(50) not null,
        email varchar(100) not null unique,
        primary key (member_id)
    )
2026-04-29 11:41:45.009 [restartedMain] DEBUG [] [] [] [] org.hibernate.SQL - 
    create table tbl_review (
        helpful_count integer not null check (helpful_count>=0),
        rating float(53) not null,
        verified_purchase boolean not null,
        book_id bigint not null,
        created_at timestamp(6) not null,
        member_id bigint not null,
        review_id bigint generated by default as identity,
        updated_at timestamp(6),
        title varchar(100) not null,
        content varchar(2000) not null,
        status enum ('ACTIVE','DELETED','HIDDEN') not null,
        primary key (review_id),
        unique (member_id, book_id)
    )
2026-04-29 11:41:45.010 [restartedMain] DEBUG [] [] [] [] org.hibernate.SQL - 
    alter table if exists tbl_loan 
       add constraint FK963g40utp85k5mww691e4ma6g 
       foreign key (book_id) 
       references tbl_book
2026-04-29 11:41:45.011 [restartedMain] DEBUG [] [] [] [] org.hibernate.SQL - 
    alter table if exists tbl_loan 
       add constraint FKqtnm703pqo6mnin10corsjsc 
       foreign key (member_id) 
       references tbl_member
2026-04-29 11:41:45.011 [restartedMain] DEBUG [] [] [] [] org.hibernate.SQL - 
    alter table if exists tbl_review 
       add constraint FK6ykodvsh8wis5tfouaxwi9qbc 
       foreign key (book_id) 
       references tbl_book
2026-04-29 11:41:45.012 [restartedMain] DEBUG [] [] [] [] org.hibernate.SQL - 
    alter table if exists tbl_review 
       add constraint FKcgs2lvcrlf9x3jtif9sskpx0 
       foreign key (member_id) 
       references tbl_member
2026-04-29 11:41:45.014 [restartedMain] INFO  [] [] [] [] o.s.o.j.LocalContainerEntityManagerFactoryBean - Initialized JPA EntityManagerFactory for persistence unit 'default'
2026-04-29 11:41:45.203 [restartedMain] WARN  [] [] [] [] o.s.b.a.o.j.JpaBaseConfiguration$JpaWebConfiguration - spring.jpa.open-in-view is enabled by default. Therefore, database queries may be performed during view rendering. Explicitly configure spring.jpa.open-in-view to disable this warning
2026-04-29 11:41:45.236 [restartedMain] DEBUG [] [] [] [] o.s.w.s.m.m.a.RequestMappingHandlerMapping - 29 mappings in 'requestMappingHandlerMapping'
2026-04-29 11:41:45.290 [restartedMain] DEBUG [] [] [] [] o.s.w.s.h.SimpleUrlHandlerMapping - Patterns [/webjars/**, /**] in 'resourceHandlerMapping'
2026-04-29 11:41:45.302 [restartedMain] DEBUG [] [] [] [] o.s.w.s.m.m.a.RequestMappingHandlerAdapter - ControllerAdvice beans: 0 @ModelAttribute, 0 @InitBinder, 1 RequestBodyAdvice, 1 ResponseBodyAdvice
2026-04-29 11:41:45.312 [restartedMain] DEBUG [] [] [] [] o.s.w.s.m.m.a.ExceptionHandlerExceptionResolver - ControllerAdvice beans: 2 @ExceptionHandler, 1 ResponseBodyAdvice
2026-04-29 11:41:45.344 [restartedMain] INFO  [] [] [] [] o.s.b.a.h.H2ConsoleAutoConfiguration - H2 console available at '/h2-console'. Database available at 'jdbc:h2:mem:library'
2026-04-29 11:41:45.389 [restartedMain] INFO  [] [] [] [] o.s.b.d.a.OptionalLiveReloadServer - LiveReload server is running on port 35729
2026-04-29 11:41:45.396 [restartedMain] INFO  [] [] [] [] o.a.coyote.http11.Http11NioProtocol - Starting ProtocolHandler ["http-nio-8080"]
2026-04-29 11:41:45.399 [restartedMain] INFO  [] [] [] [] o.s.b.w.e.tomcat.TomcatWebServer - Tomcat started on port 8080 (http) with context path '/'
2026-04-29 11:41:45.402 [restartedMain] INFO  [] [] [] [] c.o.s.Chap01SpringStabilityApplication - Started Chap01SpringStabilityApplication in 0.742 seconds (process running for 2268.011)
2026-04-29 11:41:45.403 [restartedMain] INFO  [] [] [] [] o.s.b.d.a.ConditionEvaluationDeltaLoggingListener - Condition evaluation unchanged
2026-04-29 11:49:14.759 [File Watcher] INFO  [] [] [] [] o.s.b.d.a.LocalDevToolsAutoConfiguration$RestartingClassPathChangeChangedEventListener - Restarting due to 2 class path changes (0 additions, 0 deletions, 2 modifications)
2026-04-29 11:49:14.760 [Thread-12] INFO  [] [] [] [] o.s.b.w.e.tomcat.GracefulShutdown - Commencing graceful shutdown. Waiting for active requests to complete
2026-04-29 11:49:14.761 [tomcat-shutdown] INFO  [] [] [] [] o.a.coyote.http11.Http11NioProtocol - Pausing ProtocolHandler ["http-nio-8080"]
2026-04-29 11:49:14.882 [tomcat-shutdown] INFO  [] [] [] [] o.s.b.w.e.tomcat.GracefulShutdown - Graceful shutdown complete
2026-04-29 11:49:14.882 [Thread-12] INFO  [] [] [] [] o.a.coyote.http11.Http11NioProtocol - Stopping ProtocolHandler ["http-nio-8080"]
2026-04-29 11:49:14.884 [Thread-12] INFO  [] [] [] [] o.s.o.j.LocalContainerEntityManagerFactoryBean - Closing JPA EntityManagerFactory for persistence unit 'default'
2026-04-29 11:49:14.884 [Thread-12] DEBUG [] [] [] [] org.hibernate.SQL - 
    drop table if exists tbl_book cascade 
2026-04-29 11:49:14.884 [Thread-12] DEBUG [] [] [] [] org.hibernate.SQL - 
    drop table if exists tbl_loan cascade 
2026-04-29 11:49:14.885 [Thread-12] DEBUG [] [] [] [] org.hibernate.SQL - 
    drop table if exists tbl_member cascade 
2026-04-29 11:49:14.885 [Thread-12] DEBUG [] [] [] [] org.hibernate.SQL - 
    drop table if exists tbl_review cascade 
2026-04-29 11:49:14.885 [Thread-12] WARN  [] [] [] [] o.s.b.f.s.DisposableBeanAdapter - Invocation of destroy method failed on bean with name 'inMemoryDatabaseShutdownExecutor': org.h2.jdbc.JdbcSQLNonTransientConnectionException: Database is already closed (to disable automatic closing at VM shutdown, add ";DB_CLOSE_ON_EXIT=FALSE" to the db URL) [90121-232]
2026-04-29 11:49:14.885 [Thread-12] INFO  [] [] [] [] com.zaxxer.hikari.HikariDataSource - HikariPool-3 - Shutdown initiated...
2026-04-29 11:49:14.886 [Thread-12] INFO  [] [] [] [] com.zaxxer.hikari.HikariDataSource - HikariPool-3 - Shutdown completed.
2026-04-29 11:49:14.946 [restartedMain] INFO  [] [] [] [] c.o.s.Chap01SpringStabilityApplication - Starting Chap01SpringStabilityApplication using Java 17.0.18 with PID 4928 (C:\Lecture\10_Logging-Monitoring\module01-spring-stability\build\classes\java\main started by user in C:\Lecture\10_Logging-Monitoring\module01-spring-stability)
2026-04-29 11:49:14.946 [restartedMain] DEBUG [] [] [] [] c.o.s.Chap01SpringStabilityApplication - Running with Spring Boot v3.4.13, Spring v6.2.15
2026-04-29 11:49:14.946 [restartedMain] INFO  [] [] [] [] c.o.s.Chap01SpringStabilityApplication - The following 1 profile is active: "dev"
2026-04-29 11:49:15.054 [restartedMain] INFO  [] [] [] [] o.s.d.r.c.RepositoryConfigurationDelegate - Bootstrapping Spring Data JPA repositories in DEFAULT mode.
2026-04-29 11:49:15.071 [restartedMain] INFO  [] [] [] [] o.s.d.r.c.RepositoryConfigurationDelegate - Finished Spring Data repository scanning in 16 ms. Found 4 JPA repository interfaces.
2026-04-29 11:49:15.150 [restartedMain] INFO  [] [] [] [] o.s.b.w.e.tomcat.TomcatWebServer - Tomcat initialized with port 8080 (http)
2026-04-29 11:49:15.150 [restartedMain] INFO  [] [] [] [] o.a.coyote.http11.Http11NioProtocol - Initializing ProtocolHandler ["http-nio-8080"]
2026-04-29 11:49:15.151 [restartedMain] INFO  [] [] [] [] o.a.catalina.core.StandardService - Starting service [Tomcat]
2026-04-29 11:49:15.151 [restartedMain] INFO  [] [] [] [] o.a.catalina.core.StandardEngine - Starting Servlet engine: [Apache Tomcat/10.1.50]
2026-04-29 11:49:15.161 [restartedMain] INFO  [] [] [] [] o.a.c.c.C.[Tomcat].[localhost].[/] - Initializing Spring embedded WebApplicationContext
2026-04-29 11:49:15.161 [restartedMain] INFO  [] [] [] [] o.s.b.w.s.c.ServletWebServerApplicationContext - Root WebApplicationContext: initialization completed in 214 ms
2026-04-29 11:49:15.170 [restartedMain] DEBUG [] [] [] [] c.o.s.s.l.config.LoggingConfig$1 - Filter 'mdcLoggingFilter' configured for use
2026-04-29 11:49:15.194 [restartedMain] INFO  [] [] [] [] o.h.jpa.internal.util.LogHelper - HHH000204: Processing PersistenceUnitInfo [name: default]
2026-04-29 11:49:15.197 [restartedMain] INFO  [] [] [] [] o.h.c.i.RegionFactoryInitiator - HHH000026: Second-level cache disabled
2026-04-29 11:49:15.205 [restartedMain] INFO  [] [] [] [] o.s.o.j.p.SpringPersistenceUnitInfo - No LoadTimeWeaver setup: ignoring JPA class transformer
2026-04-29 11:49:15.206 [restartedMain] INFO  [] [] [] [] com.zaxxer.hikari.HikariDataSource - HikariPool-4 - Starting...
2026-04-29 11:49:15.208 [restartedMain] INFO  [] [] [] [] com.zaxxer.hikari.pool.HikariPool - HikariPool-4 - Added connection conn40: url=jdbc:h2:mem:library user=OHGIRAFFERS
2026-04-29 11:49:15.208 [restartedMain] INFO  [] [] [] [] com.zaxxer.hikari.HikariDataSource - HikariPool-4 - Start completed.
2026-04-29 11:49:15.208 [restartedMain] INFO  [] [] [] [] o.hibernate.orm.connections.pooling - HHH10001005: Database info:
	Database JDBC URL [Connecting through datasource 'HikariDataSource (HikariPool-4)']
	Database driver: undefined/unknown
	Database version: 2.3.232
	Autocommit mode: undefined/unknown
	Isolation level: undefined/unknown
	Minimum pool size: undefined/unknown
	Maximum pool size: undefined/unknown
2026-04-29 11:49:15.258 [restartedMain] INFO  [] [] [] [] o.h.e.t.j.p.i.JtaPlatformInitiator - HHH000489: No JTA platform available (set 'hibernate.transaction.jta.platform' to enable JTA platform integration)
2026-04-29 11:49:15.259 [restartedMain] DEBUG [] [] [] [] org.hibernate.SQL - 
    drop table if exists tbl_book cascade 
2026-04-29 11:49:15.259 [restartedMain] DEBUG [] [] [] [] org.hibernate.SQL - 
    drop table if exists tbl_loan cascade 
2026-04-29 11:49:15.259 [restartedMain] DEBUG [] [] [] [] org.hibernate.SQL - 
    drop table if exists tbl_member cascade 
2026-04-29 11:49:15.259 [restartedMain] DEBUG [] [] [] [] org.hibernate.SQL - 
    drop table if exists tbl_review cascade 
2026-04-29 11:49:15.259 [restartedMain] DEBUG [] [] [] [] org.hibernate.SQL - 
    create table tbl_book (
        available boolean not null,
        publish_date date not null,
        stock_quantity integer not null,
        book_id bigint generated by default as identity,
        isbn varchar(13) not null unique,
        author varchar(100) not null,
        publisher varchar(100) not null,
        title varchar(200) not null,
        primary key (book_id)
    )
2026-04-29 11:49:15.260 [restartedMain] DEBUG [] [] [] [] org.hibernate.SQL - 
    create table tbl_loan (
        fine_amount integer,
        overdue_days integer,
        book_id bigint not null,
        due_date timestamp(6) not null,
        loan_date timestamp(6) not null,
        loan_id bigint generated by default as identity,
        member_id bigint not null,
        return_date timestamp(6),
        status enum ('ACTIVE','OVERDUE','RETURNED') not null,
        primary key (loan_id)
    )
2026-04-29 11:49:15.261 [restartedMain] DEBUG [] [] [] [] org.hibernate.SQL - 
    create table tbl_member (
        active boolean not null,
        join_date timestamp(6) not null,
        member_id bigint generated by default as identity,
        phone varchar(20),
        member_name varchar(50) not null,
        email varchar(100) not null unique,
        primary key (member_id)
    )
2026-04-29 11:49:15.261 [restartedMain] DEBUG [] [] [] [] org.hibernate.SQL - 
    create table tbl_review (
        helpful_count integer not null check (helpful_count>=0),
        rating float(53) not null,
        verified_purchase boolean not null,
        book_id bigint not null,
        created_at timestamp(6) not null,
        member_id bigint not null,
        review_id bigint generated by default as identity,
        updated_at timestamp(6),
        title varchar(100) not null,
        content varchar(2000) not null,
        status enum ('ACTIVE','DELETED','HIDDEN') not null,
        primary key (review_id),
        unique (member_id, book_id)
    )
2026-04-29 11:49:15.262 [restartedMain] DEBUG [] [] [] [] org.hibernate.SQL - 
    alter table if exists tbl_loan 
       add constraint FK963g40utp85k5mww691e4ma6g 
       foreign key (book_id) 
       references tbl_book
2026-04-29 11:49:15.263 [restartedMain] DEBUG [] [] [] [] org.hibernate.SQL - 
    alter table if exists tbl_loan 
       add constraint FKqtnm703pqo6mnin10corsjsc 
       foreign key (member_id) 
       references tbl_member
2026-04-29 11:49:15.263 [restartedMain] DEBUG [] [] [] [] org.hibernate.SQL - 
    alter table if exists tbl_review 
       add constraint FK6ykodvsh8wis5tfouaxwi9qbc 
       foreign key (book_id) 
       references tbl_book
2026-04-29 11:49:15.265 [restartedMain] DEBUG [] [] [] [] org.hibernate.SQL - 
    alter table if exists tbl_review 
       add constraint FKcgs2lvcrlf9x3jtif9sskpx0 
       foreign key (member_id) 
       references tbl_member
2026-04-29 11:49:15.266 [restartedMain] INFO  [] [] [] [] o.s.o.j.LocalContainerEntityManagerFactoryBean - Initialized JPA EntityManagerFactory for persistence unit 'default'
2026-04-29 11:49:15.442 [restartedMain] WARN  [] [] [] [] o.s.b.a.o.j.JpaBaseConfiguration$JpaWebConfiguration - spring.jpa.open-in-view is enabled by default. Therefore, database queries may be performed during view rendering. Explicitly configure spring.jpa.open-in-view to disable this warning
2026-04-29 11:49:15.477 [restartedMain] DEBUG [] [] [] [] o.s.w.s.m.m.a.RequestMappingHandlerMapping - 29 mappings in 'requestMappingHandlerMapping'
2026-04-29 11:49:15.534 [restartedMain] DEBUG [] [] [] [] o.s.w.s.h.SimpleUrlHandlerMapping - Patterns [/webjars/**, /**] in 'resourceHandlerMapping'
2026-04-29 11:49:15.547 [restartedMain] DEBUG [] [] [] [] o.s.w.s.m.m.a.RequestMappingHandlerAdapter - ControllerAdvice beans: 0 @ModelAttribute, 0 @InitBinder, 1 RequestBodyAdvice, 1 ResponseBodyAdvice
2026-04-29 11:49:15.557 [restartedMain] DEBUG [] [] [] [] o.s.w.s.m.m.a.ExceptionHandlerExceptionResolver - ControllerAdvice beans: 2 @ExceptionHandler, 1 ResponseBodyAdvice
2026-04-29 11:49:15.586 [restartedMain] INFO  [] [] [] [] o.s.b.a.h.H2ConsoleAutoConfiguration - H2 console available at '/h2-console'. Database available at 'jdbc:h2:mem:library'
2026-04-29 11:49:15.624 [restartedMain] INFO  [] [] [] [] o.s.b.d.a.OptionalLiveReloadServer - LiveReload server is running on port 35729
2026-04-29 11:49:15.629 [restartedMain] INFO  [] [] [] [] o.a.coyote.http11.Http11NioProtocol - Starting ProtocolHandler ["http-nio-8080"]
2026-04-29 11:49:15.631 [restartedMain] INFO  [] [] [] [] o.s.b.w.e.tomcat.TomcatWebServer - Tomcat started on port 8080 (http) with context path '/'
2026-04-29 11:49:15.633 [restartedMain] INFO  [] [] [] [] c.o.s.Chap01SpringStabilityApplication - Started Chap01SpringStabilityApplication in 0.711 seconds (process running for 2718.242)
2026-04-29 11:49:15.633 [restartedMain] INFO  [] [] [] [] o.s.b.d.a.ConditionEvaluationDeltaLoggingListener - Condition evaluation unchanged
2026-04-29 11:51:08.075 [File Watcher] INFO  [] [] [] [] o.s.b.d.a.LocalDevToolsAutoConfiguration$RestartingClassPathChangeChangedEventListener - Restarting due to 2 class path changes (0 additions, 0 deletions, 2 modifications)
2026-04-29 11:51:08.077 [Thread-16] INFO  [] [] [] [] o.s.b.w.e.tomcat.GracefulShutdown - Commencing graceful shutdown. Waiting for active requests to complete
2026-04-29 11:51:08.077 [tomcat-shutdown] INFO  [] [] [] [] o.a.coyote.http11.Http11NioProtocol - Pausing ProtocolHandler ["http-nio-8080"]
2026-04-29 11:51:08.189 [tomcat-shutdown] INFO  [] [] [] [] o.s.b.w.e.tomcat.GracefulShutdown - Graceful shutdown complete
2026-04-29 11:51:08.189 [Thread-16] INFO  [] [] [] [] o.a.coyote.http11.Http11NioProtocol - Stopping ProtocolHandler ["http-nio-8080"]
2026-04-29 11:51:08.190 [Thread-16] INFO  [] [] [] [] o.s.o.j.LocalContainerEntityManagerFactoryBean - Closing JPA EntityManagerFactory for persistence unit 'default'
2026-04-29 11:51:08.190 [Thread-16] DEBUG [] [] [] [] org.hibernate.SQL - 
    drop table if exists tbl_book cascade 
2026-04-29 11:51:08.191 [Thread-16] DEBUG [] [] [] [] org.hibernate.SQL - 
    drop table if exists tbl_loan cascade 
2026-04-29 11:51:08.191 [Thread-16] DEBUG [] [] [] [] org.hibernate.SQL - 
    drop table if exists tbl_member cascade 
2026-04-29 11:51:08.191 [Thread-16] DEBUG [] [] [] [] org.hibernate.SQL - 
    drop table if exists tbl_review cascade 
2026-04-29 11:51:08.192 [Thread-16] WARN  [] [] [] [] o.s.b.f.s.DisposableBeanAdapter - Invocation of destroy method failed on bean with name 'inMemoryDatabaseShutdownExecutor': org.h2.jdbc.JdbcSQLNonTransientConnectionException: Database is already closed (to disable automatic closing at VM shutdown, add ";DB_CLOSE_ON_EXIT=FALSE" to the db URL) [90121-232]
2026-04-29 11:51:08.192 [Thread-16] INFO  [] [] [] [] com.zaxxer.hikari.HikariDataSource - HikariPool-4 - Shutdown initiated...
2026-04-29 11:51:08.193 [Thread-16] INFO  [] [] [] [] com.zaxxer.hikari.HikariDataSource - HikariPool-4 - Shutdown completed.
2026-04-29 11:51:08.257 [restartedMain] INFO  [] [] [] [] c.o.s.Chap01SpringStabilityApplication - Starting Chap01SpringStabilityApplication using Java 17.0.18 with PID 4928 (C:\Lecture\10_Logging-Monitoring\module01-spring-stability\build\classes\java\main started by user in C:\Lecture\10_Logging-Monitoring\module01-spring-stability)
2026-04-29 11:51:08.257 [restartedMain] DEBUG [] [] [] [] c.o.s.Chap01SpringStabilityApplication - Running with Spring Boot v3.4.13, Spring v6.2.15
2026-04-29 11:51:08.257 [restartedMain] INFO  [] [] [] [] c.o.s.Chap01SpringStabilityApplication - The following 1 profile is active: "dev"
2026-04-29 11:51:08.358 [restartedMain] INFO  [] [] [] [] o.s.d.r.c.RepositoryConfigurationDelegate - Bootstrapping Spring Data JPA repositories in DEFAULT mode.
2026-04-29 11:51:08.378 [restartedMain] INFO  [] [] [] [] o.s.d.r.c.RepositoryConfigurationDelegate - Finished Spring Data repository scanning in 19 ms. Found 4 JPA repository interfaces.
2026-04-29 11:51:08.457 [restartedMain] INFO  [] [] [] [] o.s.b.w.e.tomcat.TomcatWebServer - Tomcat initialized with port 8080 (http)
2026-04-29 11:51:08.458 [restartedMain] INFO  [] [] [] [] o.a.coyote.http11.Http11NioProtocol - Initializing ProtocolHandler ["http-nio-8080"]
2026-04-29 11:51:08.458 [restartedMain] INFO  [] [] [] [] o.a.catalina.core.StandardService - Starting service [Tomcat]
2026-04-29 11:51:08.458 [restartedMain] INFO  [] [] [] [] o.a.catalina.core.StandardEngine - Starting Servlet engine: [Apache Tomcat/10.1.50]
2026-04-29 11:51:08.467 [restartedMain] INFO  [] [] [] [] o.a.c.c.C.[Tomcat].[localhost].[/] - Initializing Spring embedded WebApplicationContext
2026-04-29 11:51:08.467 [restartedMain] INFO  [] [] [] [] o.s.b.w.s.c.ServletWebServerApplicationContext - Root WebApplicationContext: initialization completed in 209 ms
2026-04-29 11:51:08.478 [restartedMain] DEBUG [] [] [] [] c.o.s.s.l.config.LoggingConfig$1 - Filter 'mdcLoggingFilter' configured for use
2026-04-29 11:51:08.505 [restartedMain] INFO  [] [] [] [] o.h.jpa.internal.util.LogHelper - HHH000204: Processing PersistenceUnitInfo [name: default]
2026-04-29 11:51:08.506 [restartedMain] INFO  [] [] [] [] o.h.c.i.RegionFactoryInitiator - HHH000026: Second-level cache disabled
2026-04-29 11:51:08.511 [restartedMain] INFO  [] [] [] [] o.s.o.j.p.SpringPersistenceUnitInfo - No LoadTimeWeaver setup: ignoring JPA class transformer
2026-04-29 11:51:08.512 [restartedMain] INFO  [] [] [] [] com.zaxxer.hikari.HikariDataSource - HikariPool-5 - Starting...
2026-04-29 11:51:08.513 [restartedMain] INFO  [] [] [] [] com.zaxxer.hikari.pool.HikariPool - HikariPool-5 - Added connection conn50: url=jdbc:h2:mem:library user=OHGIRAFFERS
2026-04-29 11:51:08.513 [restartedMain] INFO  [] [] [] [] com.zaxxer.hikari.HikariDataSource - HikariPool-5 - Start completed.
2026-04-29 11:51:08.513 [restartedMain] INFO  [] [] [] [] o.hibernate.orm.connections.pooling - HHH10001005: Database info:
	Database JDBC URL [Connecting through datasource 'HikariDataSource (HikariPool-5)']
	Database driver: undefined/unknown
	Database version: 2.3.232
	Autocommit mode: undefined/unknown
	Isolation level: undefined/unknown
	Minimum pool size: undefined/unknown
	Maximum pool size: undefined/unknown
2026-04-29 11:51:08.563 [restartedMain] INFO  [] [] [] [] o.h.e.t.j.p.i.JtaPlatformInitiator - HHH000489: No JTA platform available (set 'hibernate.transaction.jta.platform' to enable JTA platform integration)
2026-04-29 11:51:08.564 [restartedMain] DEBUG [] [] [] [] org.hibernate.SQL - 
    drop table if exists tbl_book cascade 
2026-04-29 11:51:08.564 [restartedMain] DEBUG [] [] [] [] org.hibernate.SQL - 
    drop table if exists tbl_loan cascade 
2026-04-29 11:51:08.564 [restartedMain] DEBUG [] [] [] [] org.hibernate.SQL - 
    drop table if exists tbl_member cascade 
2026-04-29 11:51:08.564 [restartedMain] DEBUG [] [] [] [] org.hibernate.SQL - 
    drop table if exists tbl_review cascade 
2026-04-29 11:51:08.564 [restartedMain] DEBUG [] [] [] [] org.hibernate.SQL - 
    create table tbl_book (
        available boolean not null,
        publish_date date not null,
        stock_quantity integer not null,
        book_id bigint generated by default as identity,
        isbn varchar(13) not null unique,
        author varchar(100) not null,
        publisher varchar(100) not null,
        title varchar(200) not null,
        primary key (book_id)
    )
2026-04-29 11:51:08.565 [restartedMain] DEBUG [] [] [] [] org.hibernate.SQL - 
    create table tbl_loan (
        fine_amount integer,
        overdue_days integer,
        book_id bigint not null,
        due_date timestamp(6) not null,
        loan_date timestamp(6) not null,
        loan_id bigint generated by default as identity,
        member_id bigint not null,
        return_date timestamp(6),
        status enum ('ACTIVE','OVERDUE','RETURNED') not null,
        primary key (loan_id)
    )
2026-04-29 11:51:08.566 [restartedMain] DEBUG [] [] [] [] org.hibernate.SQL - 
    create table tbl_member (
        active boolean not null,
        join_date timestamp(6) not null,
        member_id bigint generated by default as identity,
        phone varchar(20),
        member_name varchar(50) not null,
        email varchar(100) not null unique,
        primary key (member_id)
    )
2026-04-29 11:51:08.566 [restartedMain] DEBUG [] [] [] [] org.hibernate.SQL - 
    create table tbl_review (
        helpful_count integer not null check (helpful_count>=0),
        rating float(53) not null,
        verified_purchase boolean not null,
        book_id bigint not null,
        created_at timestamp(6) not null,
        member_id bigint not null,
        review_id bigint generated by default as identity,
        updated_at timestamp(6),
        title varchar(100) not null,
        content varchar(2000) not null,
        status enum ('ACTIVE','DELETED','HIDDEN') not null,
        primary key (review_id),
        unique (member_id, book_id)
    )
2026-04-29 11:51:08.567 [restartedMain] DEBUG [] [] [] [] org.hibernate.SQL - 
    alter table if exists tbl_loan 
       add constraint FK963g40utp85k5mww691e4ma6g 
       foreign key (book_id) 
       references tbl_book
2026-04-29 11:51:08.568 [restartedMain] DEBUG [] [] [] [] org.hibernate.SQL - 
    alter table if exists tbl_loan 
       add constraint FKqtnm703pqo6mnin10corsjsc 
       foreign key (member_id) 
       references tbl_member
2026-04-29 11:51:08.568 [restartedMain] DEBUG [] [] [] [] org.hibernate.SQL - 
    alter table if exists tbl_review 
       add constraint FK6ykodvsh8wis5tfouaxwi9qbc 
       foreign key (book_id) 
       references tbl_book
2026-04-29 11:51:08.569 [restartedMain] DEBUG [] [] [] [] org.hibernate.SQL - 
    alter table if exists tbl_review 
       add constraint FKcgs2lvcrlf9x3jtif9sskpx0 
       foreign key (member_id) 
       references tbl_member
2026-04-29 11:51:08.571 [restartedMain] INFO  [] [] [] [] o.s.o.j.LocalContainerEntityManagerFactoryBean - Initialized JPA EntityManagerFactory for persistence unit 'default'
2026-04-29 11:51:08.753 [restartedMain] WARN  [] [] [] [] o.s.b.a.o.j.JpaBaseConfiguration$JpaWebConfiguration - spring.jpa.open-in-view is enabled by default. Therefore, database queries may be performed during view rendering. Explicitly configure spring.jpa.open-in-view to disable this warning
2026-04-29 11:51:08.786 [restartedMain] DEBUG [] [] [] [] o.s.w.s.m.m.a.RequestMappingHandlerMapping - 29 mappings in 'requestMappingHandlerMapping'
2026-04-29 11:51:08.841 [restartedMain] DEBUG [] [] [] [] o.s.w.s.h.SimpleUrlHandlerMapping - Patterns [/webjars/**, /**] in 'resourceHandlerMapping'
2026-04-29 11:51:08.853 [restartedMain] DEBUG [] [] [] [] o.s.w.s.m.m.a.RequestMappingHandlerAdapter - ControllerAdvice beans: 0 @ModelAttribute, 0 @InitBinder, 1 RequestBodyAdvice, 1 ResponseBodyAdvice
2026-04-29 11:51:08.863 [restartedMain] DEBUG [] [] [] [] o.s.w.s.m.m.a.ExceptionHandlerExceptionResolver - ControllerAdvice beans: 2 @ExceptionHandler, 1 ResponseBodyAdvice
2026-04-29 11:51:08.888 [restartedMain] INFO  [] [] [] [] o.s.b.a.h.H2ConsoleAutoConfiguration - H2 console available at '/h2-console'. Database available at 'jdbc:h2:mem:library'
2026-04-29 11:51:08.930 [restartedMain] INFO  [] [] [] [] o.s.b.d.a.OptionalLiveReloadServer - LiveReload server is running on port 35729
2026-04-29 11:51:08.936 [restartedMain] INFO  [] [] [] [] o.a.coyote.http11.Http11NioProtocol - Starting ProtocolHandler ["http-nio-8080"]
2026-04-29 11:51:08.938 [restartedMain] INFO  [] [] [] [] o.s.b.w.e.tomcat.TomcatWebServer - Tomcat started on port 8080 (http) with context path '/'
2026-04-29 11:51:08.940 [restartedMain] INFO  [] [] [] [] c.o.s.Chap01SpringStabilityApplication - Started Chap01SpringStabilityApplication in 0.706 seconds (process running for 2831.549)
2026-04-29 11:51:08.941 [restartedMain] INFO  [] [] [] [] o.s.b.d.a.ConditionEvaluationDeltaLoggingListener - Condition evaluation unchanged
2026-04-29 11:58:59.141 [RMI TCP Accept-0] WARN  [] [] [] [] sun.rmi.transport.tcp - RMI TCP Accept-0: accept loop for ServerSocket[addr=0.0.0.0/0.0.0.0,localport=62558] throws
java.io.IOException: The server sockets created using the LocalRMIServerSocketFactory only accept connections from clients running on the host where the RMI remote objects have been exported.
	at jdk.management.agent/sun.management.jmxremote.LocalRMIServerSocketFactory$1.accept(LocalRMIServerSocketFactory.java:114)
	at java.rmi/sun.rmi.transport.tcp.TCPTransport$AcceptLoop.executeAcceptLoop(TCPTransport.java:413)
	at java.rmi/sun.rmi.transport.tcp.TCPTransport$AcceptLoop.run(TCPTransport.java:377)
	at java.base/java.lang.Thread.run(Thread.java:840)
2026-04-29 11:59:59.120 [RMI TCP Accept-0] WARN  [] [] [] [] sun.rmi.transport.tcp - RMI TCP Accept-0: accept loop for ServerSocket[addr=0.0.0.0/0.0.0.0,localport=62558] throws
java.io.IOException: The server sockets created using the LocalRMIServerSocketFactory only accept connections from clients running on the host where the RMI remote objects have been exported.
	at jdk.management.agent/sun.management.jmxremote.LocalRMIServerSocketFactory$1.accept(LocalRMIServerSocketFactory.java:114)
	at java.rmi/sun.rmi.transport.tcp.TCPTransport$AcceptLoop.executeAcceptLoop(TCPTransport.java:413)
	at java.rmi/sun.rmi.transport.tcp.TCPTransport$AcceptLoop.run(TCPTransport.java:377)
	at java.base/java.lang.Thread.run(Thread.java:840)
2026-04-29 11:59:59.126 [RMI TCP Accept-0] WARN  [] [] [] [] sun.rmi.transport.tcp - RMI TCP Accept-0: accept loop for ServerSocket[addr=0.0.0.0/0.0.0.0,localport=62558] throws
java.io.IOException: The server sockets created using the LocalRMIServerSocketFactory only accept connections from clients running on the host where the RMI remote objects have been exported.
	at jdk.management.agent/sun.management.jmxremote.LocalRMIServerSocketFactory$1.accept(LocalRMIServerSocketFactory.java:114)
	at java.rmi/sun.rmi.transport.tcp.TCPTransport$AcceptLoop.executeAcceptLoop(TCPTransport.java:413)
	at java.rmi/sun.rmi.transport.tcp.TCPTransport$AcceptLoop.run(TCPTransport.java:377)
	at java.base/java.lang.Thread.run(Thread.java:840)
2026-04-29 11:59:59.132 [RMI TCP Accept-0] WARN  [] [] [] [] sun.rmi.transport.tcp - RMI TCP Accept-0: accept loop for ServerSocket[addr=0.0.0.0/0.0.0.0,localport=62558] throws
java.io.IOException: The server sockets created using the LocalRMIServerSocketFactory only accept connections from clients running on the host where the RMI remote objects have been exported.
	at jdk.management.agent/sun.management.jmxremote.LocalRMIServerSocketFactory$1.accept(LocalRMIServerSocketFactory.java:114)
	at java.rmi/sun.rmi.transport.tcp.TCPTransport$AcceptLoop.executeAcceptLoop(TCPTransport.java:413)
	at java.rmi/sun.rmi.transport.tcp.TCPTransport$AcceptLoop.run(TCPTransport.java:377)
	at java.base/java.lang.Thread.run(Thread.java:840)
2026-04-29 12:02:29.933 [http-nio-8080-exec-1] INFO  [] [] [] [] o.a.c.c.C.[Tomcat].[localhost].[/] - Initializing Spring DispatcherServlet 'dispatcherServlet'
2026-04-29 12:02:29.933 [http-nio-8080-exec-1] INFO  [] [] [] [] o.s.web.servlet.DispatcherServlet - Initializing Servlet 'dispatcherServlet'
2026-04-29 12:02:29.933 [http-nio-8080-exec-1] DEBUG [] [] [] [] o.s.web.servlet.DispatcherServlet - Detected StandardServletMultipartResolver
2026-04-29 12:02:29.933 [http-nio-8080-exec-1] DEBUG [] [] [] [] o.s.web.servlet.DispatcherServlet - Detected AcceptHeaderLocaleResolver
2026-04-29 12:02:29.933 [http-nio-8080-exec-1] DEBUG [] [] [] [] o.s.web.servlet.DispatcherServlet - Detected FixedThemeResolver
2026-04-29 12:02:29.934 [http-nio-8080-exec-1] DEBUG [] [] [] [] o.s.web.servlet.DispatcherServlet - Detected org.springframework.web.servlet.view.DefaultRequestToViewNameTranslator@20dd780
2026-04-29 12:02:29.934 [http-nio-8080-exec-1] DEBUG [] [] [] [] o.s.web.servlet.DispatcherServlet - Detected org.springframework.web.servlet.support.SessionFlashMapManager@68035f1a
2026-04-29 12:02:29.934 [http-nio-8080-exec-1] DEBUG [] [] [] [] o.s.web.servlet.DispatcherServlet - enableLoggingRequestDetails='false': request parameters and headers will be masked to prevent unsafe logging of potentially sensitive data
2026-04-29 12:02:29.934 [http-nio-8080-exec-1] INFO  [] [] [] [] o.s.web.servlet.DispatcherServlet - Completed initialization in 1 ms
2026-04-29 12:02:29.935 [http-nio-8080-exec-1] DEBUG [1469e98f] [GET] [/api/v1/books/999] [0:0:0:0:0:0:0:1] o.s.web.servlet.DispatcherServlet - GET "/api/v1/books/999", parameters={}
2026-04-29 12:02:29.937 [http-nio-8080-exec-1] DEBUG [1469e98f] [GET] [/api/v1/books/999] [0:0:0:0:0:0:0:1] o.s.w.s.m.m.a.RequestMappingHandlerMapping - Mapped to com.ohgiraffers.stability.section01.exception.controller.BookController#getBookById(Long)
2026-04-29 12:02:29.947 [http-nio-8080-exec-1] INFO  [1469e98f] [GET] [/api/v1/books/999] [0:0:0:0:0:0:0:1] c.o.s.s.e.controller.BookController - [s1][BookController] 도서 조회 요청 - ID: 999
2026-04-29 12:02:29.964 [http-nio-8080-exec-1] DEBUG [1469e98f] [GET] [/api/v1/books/999] [0:0:0:0:0:0:0:1] c.o.s.s.e.service.BookService - 도서 조회 시작 - ID: 999
2026-04-29 12:02:29.998 [http-nio-8080-exec-1] DEBUG [1469e98f] [GET] [/api/v1/books/999] [0:0:0:0:0:0:0:1] org.hibernate.SQL - 
    select
        b1_0.book_id,
        b1_0.author,
        b1_0.available,
        b1_0.isbn,
        b1_0.publish_date,
        b1_0.publisher,
        b1_0.stock_quantity,
        b1_0.title 
    from
        tbl_book b1_0 
    where
        b1_0.book_id=?
2026-04-29 12:02:30.047 [http-nio-8080-exec-1] ERROR [1469e98f] [GET] [/api/v1/books/999] [0:0:0:0:0:0:0:1] c.o.s.s.e.service.BookService - 도서 조회 실패 - ID: 999: 해당 ID의 도서를 찾을 수 없습니다: 999
2026-04-29 12:02:30.065 [http-nio-8080-exec-1] DEBUG [1469e98f] [GET] [/api/v1/books/999] [0:0:0:0:0:0:0:1] o.s.w.s.m.m.a.ExceptionHandlerExceptionResolver - Using @ExceptionHandler com.ohgiraffers.stability.section01.exception.handler.GlobalExceptionHandler#handleBookNotFoundException(BookNotFoundException, HttpServletRequest)
2026-04-29 12:02:30.065 [http-nio-8080-exec-1] WARN  [1469e98f] [GET] [/api/v1/books/999] [0:0:0:0:0:0:0:1] c.o.s.s.e.h.GlobalExceptionHandler - [s1][GlobalExceptionHandler] 도서 조회 실패: 해당 ID의 도서를 찾을 수 없습니다: 999
2026-04-29 12:02:30.065 [http-nio-8080-exec-1] DEBUG [1469e98f] [GET] [/api/v1/books/999] [0:0:0:0:0:0:0:1] o.s.w.s.m.m.a.HttpEntityMethodProcessor - Using 'application/json;q=0.8', given [text/html, application/xhtml+xml, image/avif, image/webp, image/apng, application/xml;q=0.9, */*;q=0.8, application/signed-exchange;v=b3;q=0.7] and supported [application/json, application/*+json]
2026-04-29 12:02:30.065 [http-nio-8080-exec-1] DEBUG [1469e98f] [GET] [/api/v1/books/999] [0:0:0:0:0:0:0:1] o.s.w.s.m.m.a.HttpEntityMethodProcessor - Writing [ErrorResponse{errorCode='BOOK_NOT_FOUND_BY_ID', message='해당 ID의 도서를 찾을 수 없습니다: 999', timestamp=2026- (truncated)...]
2026-04-29 12:02:30.082 [http-nio-8080-exec-1] WARN  [1469e98f] [GET] [/api/v1/books/999] [0:0:0:0:0:0:0:1] o.s.w.s.m.m.a.ExceptionHandlerExceptionResolver - Resolved [com.ohgiraffers.stability.section01.exception.exception.BookNotFoundException: 해당 ID의 도서를 찾을 수 없습니다: 999]
2026-04-29 12:02:30.082 [http-nio-8080-exec-1] DEBUG [1469e98f] [GET] [/api/v1/books/999] [0:0:0:0:0:0:0:1] o.s.web.servlet.DispatcherServlet - Completed 404 NOT_FOUND
2026-04-29 12:02:30.101 [http-nio-8080-exec-2] DEBUG [bba6b239] [GET] [/favicon.ico] [0:0:0:0:0:0:0:1] o.s.web.servlet.DispatcherServlet - GET "/favicon.ico", parameters={}
2026-04-29 12:02:30.101 [http-nio-8080-exec-2] DEBUG [bba6b239] [GET] [/favicon.ico] [0:0:0:0:0:0:0:1] o.s.w.s.h.SimpleUrlHandlerMapping - Mapped to ResourceHttpRequestHandler [classpath [META-INF/resources/], classpath [resources/], classpath [static/], classpath [public/], ServletContext [/]]
2026-04-29 12:02:30.101 [http-nio-8080-exec-2] DEBUG [bba6b239] [GET] [/favicon.ico] [0:0:0:0:0:0:0:1] o.s.w.s.r.ResourceHttpRequestHandler - Resource not found
2026-04-29 12:02:30.101 [http-nio-8080-exec-2] DEBUG [bba6b239] [GET] [/favicon.ico] [0:0:0:0:0:0:0:1] o.s.w.s.m.m.a.ExceptionHandlerExceptionResolver - Using @ExceptionHandler com.ohgiraffers.stability.section01.exception.handler.GlobalExceptionHandler#handleGenericException(Exception, HttpServletRequest)
2026-04-29 12:02:30.101 [http-nio-8080-exec-2] ERROR [bba6b239] [GET] [/favicon.ico] [0:0:0:0:0:0:0:1] c.o.s.s.e.h.GlobalExceptionHandler - [s1][GlobalExceptionHandler] 예상하지 못한 오류 발생
org.springframework.web.servlet.resource.NoResourceFoundException: No static resource favicon.ico.
	at org.springframework.web.servlet.resource.ResourceHttpRequestHandler.handleRequest(ResourceHttpRequestHandler.java:585)
	at org.springframework.web.servlet.mvc.HttpRequestHandlerAdapter.handle(HttpRequestHandlerAdapter.java:52)
	at org.springframework.web.servlet.DispatcherServlet.doDispatch(DispatcherServlet.java:1089)
	at org.springframework.web.servlet.DispatcherServlet.doService(DispatcherServlet.java:979)
	at org.springframework.web.servlet.FrameworkServlet.processRequest(FrameworkServlet.java:1014)
	at org.springframework.web.servlet.FrameworkServlet.doGet(FrameworkServlet.java:903)
	at jakarta.servlet.http.HttpServlet.service(HttpServlet.java:564)
	at org.springframework.web.servlet.FrameworkServlet.service(FrameworkServlet.java:885)
	at jakarta.servlet.http.HttpServlet.service(HttpServlet.java:658)
	at org.apache.catalina.core.ApplicationFilterChain.internalDoFilter(ApplicationFilterChain.java:193)
	at org.apache.catalina.core.ApplicationFilterChain.doFilter(ApplicationFilterChain.java:138)
	at org.apache.tomcat.websocket.server.WsFilter.doFilter(WsFilter.java:51)
	at org.apache.catalina.core.ApplicationFilterChain.internalDoFilter(ApplicationFilterChain.java:162)
	at org.apache.catalina.core.ApplicationFilterChain.doFilter(ApplicationFilterChain.java:138)
	at com.ohgiraffers.stability.section02.logging.config.LoggingConfig$1.doFilterInternal(LoggingConfig.java:78)
	at org.springframework.web.filter.OncePerRequestFilter.doFilter(OncePerRequestFilter.java:116)
	at org.apache.catalina.core.ApplicationFilterChain.internalDoFilter(ApplicationFilterChain.java:162)
	at org.apache.catalina.core.ApplicationFilterChain.doFilter(ApplicationFilterChain.java:138)
	at org.springframework.web.filter.RequestContextFilter.doFilterInternal(RequestContextFilter.java:100)
	at org.springframework.web.filter.OncePerRequestFilter.doFilter(OncePerRequestFilter.java:116)
	at org.apache.catalina.core.ApplicationFilterChain.internalDoFilter(ApplicationFilterChain.java:162)
	at org.apache.catalina.core.ApplicationFilterChain.doFilter(ApplicationFilterChain.java:138)
	at org.springframework.web.filter.FormContentFilter.doFilterInternal(FormContentFilter.java:93)
	at org.springframework.web.filter.OncePerRequestFilter.doFilter(OncePerRequestFilter.java:116)
	at org.apache.catalina.core.ApplicationFilterChain.internalDoFilter(ApplicationFilterChain.java:162)
	at org.apache.catalina.core.ApplicationFilterChain.doFilter(ApplicationFilterChain.java:138)
	at org.springframework.web.filter.CharacterEncodingFilter.doFilterInternal(CharacterEncodingFilter.java:201)
	at org.springframework.web.filter.OncePerRequestFilter.doFilter(OncePerRequestFilter.java:116)
	at org.apache.catalina.core.ApplicationFilterChain.internalDoFilter(ApplicationFilterChain.java:162)
	at org.apache.catalina.core.ApplicationFilterChain.doFilter(ApplicationFilterChain.java:138)
	at org.apache.catalina.core.StandardWrapperValve.invoke(StandardWrapperValve.java:165)
	at org.apache.catalina.core.StandardContextValve.invoke(StandardContextValve.java:88)
	at org.apache.catalina.authenticator.AuthenticatorBase.invoke(AuthenticatorBase.java:482)
	at org.apache.catalina.core.StandardHostValve.invoke(StandardHostValve.java:113)
	at org.apache.catalina.valves.ErrorReportValve.invoke(ErrorReportValve.java:83)
	at org.apache.catalina.core.StandardEngineValve.invoke(StandardEngineValve.java:72)
	at org.apache.catalina.connector.CoyoteAdapter.service(CoyoteAdapter.java:342)
	at org.apache.coyote.http11.Http11Processor.service(Http11Processor.java:399)
	at org.apache.coyote.AbstractProcessorLight.process(AbstractProcessorLight.java:63)
	at org.apache.coyote.AbstractProtocol$ConnectionHandler.process(AbstractProtocol.java:903)
	at org.apache.tomcat.util.net.NioEndpoint$SocketProcessor.doRun(NioEndpoint.java:1774)
	at org.apache.tomcat.util.net.SocketProcessorBase.run(SocketProcessorBase.java:52)
	at org.apache.tomcat.util.threads.ThreadPoolExecutor.runWorker(ThreadPoolExecutor.java:973)
	at org.apache.tomcat.util.threads.ThreadPoolExecutor$Worker.run(ThreadPoolExecutor.java:491)
	at org.apache.tomcat.util.threads.TaskThread$WrappingRunnable.run(TaskThread.java:63)
	at java.base/java.lang.Thread.run(Thread.java:840)
2026-04-29 12:02:30.101 [http-nio-8080-exec-2] DEBUG [bba6b239] [GET] [/favicon.ico] [0:0:0:0:0:0:0:1] o.s.w.s.m.m.a.HttpEntityMethodProcessor - Using 'application/json;q=0.8', given [image/avif, image/webp, image/apng, image/svg+xml, image/*, */*;q=0.8] and supported [application/json, application/*+json]
2026-04-29 12:02:30.101 [http-nio-8080-exec-2] DEBUG [bba6b239] [GET] [/favicon.ico] [0:0:0:0:0:0:0:1] o.s.w.s.m.m.a.HttpEntityMethodProcessor - Writing [ErrorResponse{errorCode='INTERNAL_SERVER_ERROR', message='서버 내부 오류가 발생했습니다.', timestamp=2026-04-29T1 (truncated)...]
2026-04-29 12:02:30.101 [http-nio-8080-exec-2] WARN  [bba6b239] [GET] [/favicon.ico] [0:0:0:0:0:0:0:1] o.s.w.s.m.m.a.ExceptionHandlerExceptionResolver - Resolved [org.springframework.web.servlet.resource.NoResourceFoundException: No static resource favicon.ico.]
2026-04-29 12:02:30.101 [http-nio-8080-exec-2] DEBUG [bba6b239] [GET] [/favicon.ico] [0:0:0:0:0:0:0:1] o.s.web.servlet.DispatcherServlet - Completed 500 INTERNAL_SERVER_ERROR
2026-04-29 12:02:34.245 [http-nio-8080-exec-3] DEBUG [2eb04846] [GET] [/favicon.ico] [0:0:0:0:0:0:0:1] o.s.web.servlet.DispatcherServlet - GET "/favicon.ico", parameters={}
2026-04-29 12:02:34.245 [http-nio-8080-exec-3] DEBUG [2eb04846] [GET] [/favicon.ico] [0:0:0:0:0:0:0:1] o.s.w.s.h.SimpleUrlHandlerMapping - Mapped to ResourceHttpRequestHandler [classpath [META-INF/resources/], classpath [resources/], classpath [static/], classpath [public/], ServletContext [/]]
2026-04-29 12:02:34.245 [http-nio-8080-exec-3] DEBUG [2eb04846] [GET] [/favicon.ico] [0:0:0:0:0:0:0:1] o.s.w.s.r.ResourceHttpRequestHandler - Resource not found
2026-04-29 12:02:34.245 [http-nio-8080-exec-3] DEBUG [2eb04846] [GET] [/favicon.ico] [0:0:0:0:0:0:0:1] o.s.w.s.m.m.a.ExceptionHandlerExceptionResolver - Using @ExceptionHandler com.ohgiraffers.stability.section01.exception.handler.GlobalExceptionHandler#handleGenericException(Exception, HttpServletRequest)
2026-04-29 12:02:34.245 [http-nio-8080-exec-3] ERROR [2eb04846] [GET] [/favicon.ico] [0:0:0:0:0:0:0:1] c.o.s.s.e.h.GlobalExceptionHandler - [s1][GlobalExceptionHandler] 예상하지 못한 오류 발생
org.springframework.web.servlet.resource.NoResourceFoundException: No static resource favicon.ico.
	at org.springframework.web.servlet.resource.ResourceHttpRequestHandler.handleRequest(ResourceHttpRequestHandler.java:585)
	at org.springframework.web.servlet.mvc.HttpRequestHandlerAdapter.handle(HttpRequestHandlerAdapter.java:52)
	at org.springframework.web.servlet.DispatcherServlet.doDispatch(DispatcherServlet.java:1089)
	at org.springframework.web.servlet.DispatcherServlet.doService(DispatcherServlet.java:979)
	at org.springframework.web.servlet.FrameworkServlet.processRequest(FrameworkServlet.java:1014)
	at org.springframework.web.servlet.FrameworkServlet.doGet(FrameworkServlet.java:903)
	at jakarta.servlet.http.HttpServlet.service(HttpServlet.java:564)
	at org.springframework.web.servlet.FrameworkServlet.service(FrameworkServlet.java:885)
	at jakarta.servlet.http.HttpServlet.service(HttpServlet.java:658)
	at org.apache.catalina.core.ApplicationFilterChain.internalDoFilter(ApplicationFilterChain.java:193)
	at org.apache.catalina.core.ApplicationFilterChain.doFilter(ApplicationFilterChain.java:138)
	at org.apache.tomcat.websocket.server.WsFilter.doFilter(WsFilter.java:51)
	at org.apache.catalina.core.ApplicationFilterChain.internalDoFilter(ApplicationFilterChain.java:162)
	at org.apache.catalina.core.ApplicationFilterChain.doFilter(ApplicationFilterChain.java:138)
	at com.ohgiraffers.stability.section02.logging.config.LoggingConfig$1.doFilterInternal(LoggingConfig.java:78)
	at org.springframework.web.filter.OncePerRequestFilter.doFilter(OncePerRequestFilter.java:116)
	at org.apache.catalina.core.ApplicationFilterChain.internalDoFilter(ApplicationFilterChain.java:162)
	at org.apache.catalina.core.ApplicationFilterChain.doFilter(ApplicationFilterChain.java:138)
	at org.springframework.web.filter.RequestContextFilter.doFilterInternal(RequestContextFilter.java:100)
	at org.springframework.web.filter.OncePerRequestFilter.doFilter(OncePerRequestFilter.java:116)
	at org.apache.catalina.core.ApplicationFilterChain.internalDoFilter(ApplicationFilterChain.java:162)
	at org.apache.catalina.core.ApplicationFilterChain.doFilter(ApplicationFilterChain.java:138)
	at org.springframework.web.filter.FormContentFilter.doFilterInternal(FormContentFilter.java:93)
	at org.springframework.web.filter.OncePerRequestFilter.doFilter(OncePerRequestFilter.java:116)
	at org.apache.catalina.core.ApplicationFilterChain.internalDoFilter(ApplicationFilterChain.java:162)
	at org.apache.catalina.core.ApplicationFilterChain.doFilter(ApplicationFilterChain.java:138)
	at org.springframework.web.filter.CharacterEncodingFilter.doFilterInternal(CharacterEncodingFilter.java:201)
	at org.springframework.web.filter.OncePerRequestFilter.doFilter(OncePerRequestFilter.java:116)
	at org.apache.catalina.core.ApplicationFilterChain.internalDoFilter(ApplicationFilterChain.java:162)
	at org.apache.catalina.core.ApplicationFilterChain.doFilter(ApplicationFilterChain.java:138)
	at org.apache.catalina.core.StandardWrapperValve.invoke(StandardWrapperValve.java:165)
	at org.apache.catalina.core.StandardContextValve.invoke(StandardContextValve.java:88)
	at org.apache.catalina.authenticator.AuthenticatorBase.invoke(AuthenticatorBase.java:482)
	at org.apache.catalina.core.StandardHostValve.invoke(StandardHostValve.java:113)
	at org.apache.catalina.valves.ErrorReportValve.invoke(ErrorReportValve.java:83)
	at org.apache.catalina.core.StandardEngineValve.invoke(StandardEngineValve.java:72)
	at org.apache.catalina.connector.CoyoteAdapter.service(CoyoteAdapter.java:342)
	at org.apache.coyote.http11.Http11Processor.service(Http11Processor.java:399)
	at org.apache.coyote.AbstractProcessorLight.process(AbstractProcessorLight.java:63)
	at org.apache.coyote.AbstractProtocol$ConnectionHandler.process(AbstractProtocol.java:903)
	at org.apache.tomcat.util.net.NioEndpoint$SocketProcessor.doRun(NioEndpoint.java:1774)
	at org.apache.tomcat.util.net.SocketProcessorBase.run(SocketProcessorBase.java:52)
	at org.apache.tomcat.util.threads.ThreadPoolExecutor.runWorker(ThreadPoolExecutor.java:973)
	at org.apache.tomcat.util.threads.ThreadPoolExecutor$Worker.run(ThreadPoolExecutor.java:491)
	at org.apache.tomcat.util.threads.TaskThread$WrappingRunnable.run(TaskThread.java:63)
	at java.base/java.lang.Thread.run(Thread.java:840)
2026-04-29 12:02:34.245 [http-nio-8080-exec-3] DEBUG [2eb04846] [GET] [/favicon.ico] [0:0:0:0:0:0:0:1] o.s.w.s.m.m.a.HttpEntityMethodProcessor - Using 'application/json;q=0.8', given [image/avif, image/webp, image/apng, image/svg+xml, image/*, */*;q=0.8] and supported [application/json, application/*+json]
2026-04-29 12:02:34.245 [http-nio-8080-exec-3] DEBUG [2eb04846] [GET] [/favicon.ico] [0:0:0:0:0:0:0:1] o.s.w.s.m.m.a.HttpEntityMethodProcessor - Writing [ErrorResponse{errorCode='INTERNAL_SERVER_ERROR', message='서버 내부 오류가 발생했습니다.', timestamp=2026-04-29T1 (truncated)...]
2026-04-29 12:02:34.245 [http-nio-8080-exec-3] WARN  [2eb04846] [GET] [/favicon.ico] [0:0:0:0:0:0:0:1] o.s.w.s.m.m.a.ExceptionHandlerExceptionResolver - Resolved [org.springframework.web.servlet.resource.NoResourceFoundException: No static resource favicon.ico.]
2026-04-29 12:02:34.245 [http-nio-8080-exec-3] DEBUG [2eb04846] [GET] [/favicon.ico] [0:0:0:0:0:0:0:1] o.s.web.servlet.DispatcherServlet - Completed 500 INTERNAL_SERVER_ERROR
2026-04-29 12:03:59.020 [RMI TCP Accept-0] WARN  [] [] [] [] sun.rmi.transport.tcp - RMI TCP Accept-0: accept loop for ServerSocket[addr=0.0.0.0/0.0.0.0,localport=62558] throws
java.io.IOException: The server sockets created using the LocalRMIServerSocketFactory only accept connections from clients running on the host where the RMI remote objects have been exported.
	at jdk.management.agent/sun.management.jmxremote.LocalRMIServerSocketFactory$1.accept(LocalRMIServerSocketFactory.java:114)
	at java.rmi/sun.rmi.transport.tcp.TCPTransport$AcceptLoop.executeAcceptLoop(TCPTransport.java:413)
	at java.rmi/sun.rmi.transport.tcp.TCPTransport$AcceptLoop.run(TCPTransport.java:377)
	at java.base/java.lang.Thread.run(Thread.java:840)
2026-04-29 12:03:59.032 [RMI TCP Accept-0] WARN  [] [] [] [] sun.rmi.transport.tcp - RMI TCP Accept-0: accept loop for ServerSocket[addr=0.0.0.0/0.0.0.0,localport=62558] throws
java.io.IOException: The server sockets created using the LocalRMIServerSocketFactory only accept connections from clients running on the host where the RMI remote objects have been exported.
	at jdk.management.agent/sun.management.jmxremote.LocalRMIServerSocketFactory$1.accept(LocalRMIServerSocketFactory.java:114)
	at java.rmi/sun.rmi.transport.tcp.TCPTransport$AcceptLoop.executeAcceptLoop(TCPTransport.java:413)
	at java.rmi/sun.rmi.transport.tcp.TCPTransport$AcceptLoop.run(TCPTransport.java:377)
	at java.base/java.lang.Thread.run(Thread.java:840)
2026-04-29 12:04:00.043 [RMI TCP Accept-0] WARN  [] [] [] [] sun.rmi.transport.tcp - RMI TCP Accept-0: accept loop for ServerSocket[addr=0.0.0.0/0.0.0.0,localport=62558] throws
java.io.IOException: The server sockets created using the LocalRMIServerSocketFactory only accept connections from clients running on the host where the RMI remote objects have been exported.
	at jdk.management.agent/sun.management.jmxremote.LocalRMIServerSocketFactory$1.accept(LocalRMIServerSocketFactory.java:114)
	at java.rmi/sun.rmi.transport.tcp.TCPTransport$AcceptLoop.executeAcceptLoop(TCPTransport.java:413)
	at java.rmi/sun.rmi.transport.tcp.TCPTransport$AcceptLoop.run(TCPTransport.java:377)
	at java.base/java.lang.Thread.run(Thread.java:840)
2026-04-29 12:04:02.063 [RMI TCP Accept-0] WARN  [] [] [] [] sun.rmi.transport.tcp - RMI TCP Accept-0: accept loop for ServerSocket[addr=0.0.0.0/0.0.0.0,localport=62558] throws
java.io.IOException: The server sockets created using the LocalRMIServerSocketFactory only accept connections from clients running on the host where the RMI remote objects have been exported.
	at jdk.management.agent/sun.management.jmxremote.LocalRMIServerSocketFactory$1.accept(LocalRMIServerSocketFactory.java:114)
	at java.rmi/sun.rmi.transport.tcp.TCPTransport$AcceptLoop.executeAcceptLoop(TCPTransport.java:413)
	at java.rmi/sun.rmi.transport.tcp.TCPTransport$AcceptLoop.run(TCPTransport.java:377)
	at java.base/java.lang.Thread.run(Thread.java:840)
2026-04-29 12:04:06.080 [RMI TCP Accept-0] WARN  [] [] [] [] sun.rmi.transport.tcp - RMI TCP Accept-0: accept loop for ServerSocket[addr=0.0.0.0/0.0.0.0,localport=62558] throws
java.io.IOException: The server sockets created using the LocalRMIServerSocketFactory only accept connections from clients running on the host where the RMI remote objects have been exported.
	at jdk.management.agent/sun.management.jmxremote.LocalRMIServerSocketFactory$1.accept(LocalRMIServerSocketFactory.java:114)
	at java.rmi/sun.rmi.transport.tcp.TCPTransport$AcceptLoop.executeAcceptLoop(TCPTransport.java:413)
	at java.rmi/sun.rmi.transport.tcp.TCPTransport$AcceptLoop.run(TCPTransport.java:377)
	at java.base/java.lang.Thread.run(Thread.java:840)
2026-04-29 12:04:14.099 [RMI TCP Accept-0] WARN  [] [] [] [] sun.rmi.transport.tcp - RMI TCP Accept-0: accept loop for ServerSocket[addr=0.0.0.0/0.0.0.0,localport=62558] throws
java.io.IOException: The server sockets created using the LocalRMIServerSocketFactory only accept connections from clients running on the host where the RMI remote objects have been exported.
	at jdk.management.agent/sun.management.jmxremote.LocalRMIServerSocketFactory$1.accept(LocalRMIServerSocketFactory.java:114)
	at java.rmi/sun.rmi.transport.tcp.TCPTransport$AcceptLoop.executeAcceptLoop(TCPTransport.java:413)
	at java.rmi/sun.rmi.transport.tcp.TCPTransport$AcceptLoop.run(TCPTransport.java:377)
	at java.base/java.lang.Thread.run(Thread.java:840)
2026-04-29 12:04:30.112 [RMI TCP Accept-0] WARN  [] [] [] [] sun.rmi.transport.tcp - RMI TCP Accept-0: accept loop for ServerSocket[addr=0.0.0.0/0.0.0.0,localport=62558] throws
java.io.IOException: The server sockets created using the LocalRMIServerSocketFactory only accept connections from clients running on the host where the RMI remote objects have been exported.
	at jdk.management.agent/sun.management.jmxremote.LocalRMIServerSocketFactory$1.accept(LocalRMIServerSocketFactory.java:114)
	at java.rmi/sun.rmi.transport.tcp.TCPTransport$AcceptLoop.executeAcceptLoop(TCPTransport.java:413)
	at java.rmi/sun.rmi.transport.tcp.TCPTransport$AcceptLoop.run(TCPTransport.java:377)
	at java.base/java.lang.Thread.run(Thread.java:840)
2026-04-29 12:05:02.133 [RMI TCP Accept-0] WARN  [] [] [] [] sun.rmi.transport.tcp - RMI TCP Accept-0: accept loop for ServerSocket[addr=0.0.0.0/0.0.0.0,localport=62558] throws
java.io.IOException: The server sockets created using the LocalRMIServerSocketFactory only accept connections from clients running on the host where the RMI remote objects have been exported.
	at jdk.management.agent/sun.management.jmxremote.LocalRMIServerSocketFactory$1.accept(LocalRMIServerSocketFactory.java:114)
	at java.rmi/sun.rmi.transport.tcp.TCPTransport$AcceptLoop.executeAcceptLoop(TCPTransport.java:413)
	at java.rmi/sun.rmi.transport.tcp.TCPTransport$AcceptLoop.run(TCPTransport.java:377)
	at java.base/java.lang.Thread.run(Thread.java:840)
2026-04-29 12:07:40.419 [http-nio-8080-exec-5] DEBUG [86a95580] [POST] [/api/v1/books] [127.0.0.1] o.s.web.servlet.DispatcherServlet - POST "/api/v1/books", parameters={}
2026-04-29 12:07:40.419 [http-nio-8080-exec-5] DEBUG [86a95580] [POST] [/api/v1/books] [127.0.0.1] o.s.w.s.m.m.a.RequestMappingHandlerMapping - Mapped to com.ohgiraffers.stability.section01.exception.controller.BookController#registerBook(BookDTO)
2026-04-29 12:07:40.450 [http-nio-8080-exec-5] DEBUG [86a95580] [POST] [/api/v1/books] [127.0.0.1] o.s.w.s.m.m.a.RequestResponseBodyMethodProcessor - Read "application/json;charset=UTF-8" to [BookDTO{bookId=null, isbn='9788966262281', title='스프링 부트와 AWS로 혼자 구현하는 웹 서비스', author='이동욱', publish (truncated)...]
2026-04-29 12:07:40.451 [http-nio-8080-exec-5] INFO  [86a95580] [POST] [/api/v1/books] [127.0.0.1] c.o.s.s.e.controller.BookController - [s1][BookController] 도서 등록 요청 - ISBN: 9788966262281, 제목: 스프링 부트와 AWS로 혼자 구현하는 웹 서비스
2026-04-29 12:07:40.452 [http-nio-8080-exec-5] DEBUG [86a95580] [POST] [/api/v1/books] [127.0.0.1] c.o.s.s.e.service.BookService - 도서 등록 시작 - ISBN: 9788966262281, 제목: 스프링 부트와 AWS로 혼자 구현하는 웹 서비스
2026-04-29 12:07:40.487 [http-nio-8080-exec-5] DEBUG [86a95580] [POST] [/api/v1/books] [127.0.0.1] org.hibernate.SQL - 
    select
        b1_0.book_id 
    from
        tbl_book b1_0 
    where
        b1_0.isbn=? 
    fetch
        first ? rows only
2026-04-29 12:07:40.504 [http-nio-8080-exec-5] DEBUG [86a95580] [POST] [/api/v1/books] [127.0.0.1] org.hibernate.SQL - 
    insert 
    into
        tbl_book
        (author, available, isbn, publish_date, publisher, stock_quantity, title, book_id) 
    values
        (?, ?, ?, ?, ?, ?, ?, default)
2026-04-29 12:07:40.516 [http-nio-8080-exec-5] INFO  [86a95580] [POST] [/api/v1/books] [127.0.0.1] c.o.s.s.e.service.BookService - [s1][BookService] 도서 등록 완료 - ID: 1, 제목: 스프링 부트와 AWS로 혼자 구현하는 웹 서비스
2026-04-29 12:07:40.521 [http-nio-8080-exec-5] INFO  [86a95580] [POST] [/api/v1/books] [127.0.0.1] c.o.s.s.e.controller.BookController - [s1][BookController] 도서 등록 완료 - ID: 1, 제목: 스프링 부트와 AWS로 혼자 구현하는 웹 서비스
2026-04-29 12:07:40.523 [http-nio-8080-exec-5] DEBUG [86a95580] [POST] [/api/v1/books] [127.0.0.1] o.s.w.s.m.m.a.HttpEntityMethodProcessor - Using 'application/json', given [*/*] and supported [application/json, application/*+json]
2026-04-29 12:07:40.523 [http-nio-8080-exec-5] DEBUG [86a95580] [POST] [/api/v1/books] [127.0.0.1] o.s.w.s.m.m.a.HttpEntityMethodProcessor - Writing [BookDTO{bookId=1, isbn='9788966262281', title='스프링 부트와 AWS로 혼자 구현하는 웹 서비스', author='이동욱', publisher= (truncated)...]
2026-04-29 12:07:40.524 [http-nio-8080-exec-5] DEBUG [86a95580] [POST] [/api/v1/books] [127.0.0.1] o.s.web.servlet.DispatcherServlet - Completed 201 CREATED
2026-04-29 12:07:40.586 [http-nio-8080-exec-6] DEBUG [7328fc96] [POST] [/api/v1/books] [127.0.0.1] o.s.web.servlet.DispatcherServlet - POST "/api/v1/books", parameters={}
2026-04-29 12:07:40.587 [http-nio-8080-exec-6] DEBUG [7328fc96] [POST] [/api/v1/books] [127.0.0.1] o.s.w.s.m.m.a.RequestMappingHandlerMapping - Mapped to com.ohgiraffers.stability.section01.exception.controller.BookController#registerBook(BookDTO)
2026-04-29 12:07:40.588 [http-nio-8080-exec-6] DEBUG [7328fc96] [POST] [/api/v1/books] [127.0.0.1] o.s.w.s.m.m.a.RequestResponseBodyMethodProcessor - Read "application/json;charset=UTF-8" to [BookDTO{bookId=null, isbn='9791162243685', title='Clean Code 클린 코드', author='로버트 C. 마틴', publisher=' (truncated)...]
2026-04-29 12:07:40.588 [http-nio-8080-exec-6] INFO  [7328fc96] [POST] [/api/v1/books] [127.0.0.1] c.o.s.s.e.controller.BookController - [s1][BookController] 도서 등록 요청 - ISBN: 9791162243685, 제목: Clean Code 클린 코드
2026-04-29 12:07:40.589 [http-nio-8080-exec-6] DEBUG [7328fc96] [POST] [/api/v1/books] [127.0.0.1] c.o.s.s.e.service.BookService - 도서 등록 시작 - ISBN: 9791162243685, 제목: Clean Code 클린 코드
2026-04-29 12:07:40.590 [http-nio-8080-exec-6] DEBUG [7328fc96] [POST] [/api/v1/books] [127.0.0.1] org.hibernate.SQL - 
    select
        b1_0.book_id 
    from
        tbl_book b1_0 
    where
        b1_0.isbn=? 
    fetch
        first ? rows only
2026-04-29 12:07:40.590 [http-nio-8080-exec-6] DEBUG [7328fc96] [POST] [/api/v1/books] [127.0.0.1] org.hibernate.SQL - 
    insert 
    into
        tbl_book
        (author, available, isbn, publish_date, publisher, stock_quantity, title, book_id) 
    values
        (?, ?, ?, ?, ?, ?, ?, default)
2026-04-29 12:07:40.591 [http-nio-8080-exec-6] INFO  [7328fc96] [POST] [/api/v1/books] [127.0.0.1] c.o.s.s.e.service.BookService - [s1][BookService] 도서 등록 완료 - ID: 2, 제목: Clean Code 클린 코드
2026-04-29 12:07:40.591 [http-nio-8080-exec-6] INFO  [7328fc96] [POST] [/api/v1/books] [127.0.0.1] c.o.s.s.e.controller.BookController - [s1][BookController] 도서 등록 완료 - ID: 2, 제목: Clean Code 클린 코드
2026-04-29 12:07:40.591 [http-nio-8080-exec-6] DEBUG [7328fc96] [POST] [/api/v1/books] [127.0.0.1] o.s.w.s.m.m.a.HttpEntityMethodProcessor - Using 'application/json', given [*/*] and supported [application/json, application/*+json]
2026-04-29 12:07:40.592 [http-nio-8080-exec-6] DEBUG [7328fc96] [POST] [/api/v1/books] [127.0.0.1] o.s.w.s.m.m.a.HttpEntityMethodProcessor - Writing [BookDTO{bookId=2, isbn='9791162243685', title='Clean Code 클린 코드', author='로버트 C. 마틴', publisher='인사이 (truncated)...]
2026-04-29 12:07:40.592 [http-nio-8080-exec-6] DEBUG [7328fc96] [POST] [/api/v1/books] [127.0.0.1] o.s.web.servlet.DispatcherServlet - Completed 201 CREATED
2026-04-29 12:07:40.621 [http-nio-8080-exec-7] DEBUG [c71b7799] [POST] [/api/v1/books] [127.0.0.1] o.s.web.servlet.DispatcherServlet - POST "/api/v1/books", parameters={}
2026-04-29 12:07:40.621 [http-nio-8080-exec-7] DEBUG [c71b7799] [POST] [/api/v1/books] [127.0.0.1] o.s.w.s.m.m.a.RequestMappingHandlerMapping - Mapped to com.ohgiraffers.stability.section01.exception.controller.BookController#registerBook(BookDTO)
2026-04-29 12:07:40.621 [http-nio-8080-exec-7] DEBUG [c71b7799] [POST] [/api/v1/books] [127.0.0.1] o.s.w.s.m.m.a.RequestResponseBodyMethodProcessor - Read "application/json;charset=UTF-8" to [BookDTO{bookId=null, isbn='9788960773417', title='Effective Java 3/E', author='조슈아 블로크', publisher=' (truncated)...]
2026-04-29 12:07:40.621 [http-nio-8080-exec-7] INFO  [c71b7799] [POST] [/api/v1/books] [127.0.0.1] c.o.s.s.e.controller.BookController - [s1][BookController] 도서 등록 요청 - ISBN: 9788960773417, 제목: Effective Java 3/E
2026-04-29 12:07:40.622 [http-nio-8080-exec-7] DEBUG [c71b7799] [POST] [/api/v1/books] [127.0.0.1] c.o.s.s.e.service.BookService - 도서 등록 시작 - ISBN: 9788960773417, 제목: Effective Java 3/E
2026-04-29 12:07:40.623 [http-nio-8080-exec-7] DEBUG [c71b7799] [POST] [/api/v1/books] [127.0.0.1] org.hibernate.SQL - 
    select
        b1_0.book_id 
    from
        tbl_book b1_0 
    where
        b1_0.isbn=? 
    fetch
        first ? rows only
2026-04-29 12:07:40.623 [http-nio-8080-exec-7] DEBUG [c71b7799] [POST] [/api/v1/books] [127.0.0.1] org.hibernate.SQL - 
    insert 
    into
        tbl_book
        (author, available, isbn, publish_date, publisher, stock_quantity, title, book_id) 
    values
        (?, ?, ?, ?, ?, ?, ?, default)
2026-04-29 12:07:40.624 [http-nio-8080-exec-7] INFO  [c71b7799] [POST] [/api/v1/books] [127.0.0.1] c.o.s.s.e.service.BookService - [s1][BookService] 도서 등록 완료 - ID: 3, 제목: Effective Java 3/E
2026-04-29 12:07:40.624 [http-nio-8080-exec-7] INFO  [c71b7799] [POST] [/api/v1/books] [127.0.0.1] c.o.s.s.e.controller.BookController - [s1][BookController] 도서 등록 완료 - ID: 3, 제목: Effective Java 3/E
2026-04-29 12:07:40.624 [http-nio-8080-exec-7] DEBUG [c71b7799] [POST] [/api/v1/books] [127.0.0.1] o.s.w.s.m.m.a.HttpEntityMethodProcessor - Using 'application/json', given [*/*] and supported [application/json, application/*+json]
2026-04-29 12:07:40.625 [http-nio-8080-exec-7] DEBUG [c71b7799] [POST] [/api/v1/books] [127.0.0.1] o.s.w.s.m.m.a.HttpEntityMethodProcessor - Writing [BookDTO{bookId=3, isbn='9788960773417', title='Effective Java 3/E', author='조슈아 블로크', publisher='인사이 (truncated)...]
2026-04-29 12:07:40.625 [http-nio-8080-exec-7] DEBUG [c71b7799] [POST] [/api/v1/books] [127.0.0.1] o.s.web.servlet.DispatcherServlet - Completed 201 CREATED
2026-04-29 12:07:40.659 [http-nio-8080-exec-8] DEBUG [0dfde69c] [GET] [/api/v1/books] [127.0.0.1] o.s.web.servlet.DispatcherServlet - GET "/api/v1/books", parameters={}
2026-04-29 12:07:40.659 [http-nio-8080-exec-8] DEBUG [0dfde69c] [GET] [/api/v1/books] [127.0.0.1] o.s.w.s.m.m.a.RequestMappingHandlerMapping - Mapped to com.ohgiraffers.stability.section01.exception.controller.BookController#getAllBooks()
2026-04-29 12:07:40.659 [http-nio-8080-exec-8] INFO  [0dfde69c] [GET] [/api/v1/books] [127.0.0.1] c.o.s.s.e.controller.BookController - [s1][BookController] 전체 도서 목록 조회 요청
2026-04-29 12:07:40.660 [http-nio-8080-exec-8] DEBUG [0dfde69c] [GET] [/api/v1/books] [127.0.0.1] c.o.s.s.e.service.BookService - 전체 도서 목록 조회 시작
2026-04-29 12:07:40.665 [http-nio-8080-exec-8] DEBUG [0dfde69c] [GET] [/api/v1/books] [127.0.0.1] org.hibernate.SQL - 
    select
        b1_0.book_id,
        b1_0.author,
        b1_0.available,
        b1_0.isbn,
        b1_0.publish_date,
        b1_0.publisher,
        b1_0.stock_quantity,
        b1_0.title 
    from
        tbl_book b1_0
2026-04-29 12:07:40.668 [http-nio-8080-exec-8] DEBUG [0dfde69c] [GET] [/api/v1/books] [127.0.0.1] c.o.s.s.e.service.BookService - 전체 도서 목록 조회 완료 - 총 3권
2026-04-29 12:07:40.669 [http-nio-8080-exec-8] DEBUG [0dfde69c] [GET] [/api/v1/books] [127.0.0.1] c.o.s.s.e.service.BookService - 전체 도서 목록 조회 종료
2026-04-29 12:07:40.669 [http-nio-8080-exec-8] INFO  [0dfde69c] [GET] [/api/v1/books] [127.0.0.1] c.o.s.s.e.controller.BookController - [s1][BookController] 전체 도서 목록 조회 완료 - 총 3권
2026-04-29 12:07:40.670 [http-nio-8080-exec-8] DEBUG [0dfde69c] [GET] [/api/v1/books] [127.0.0.1] o.s.w.s.m.m.a.HttpEntityMethodProcessor - Using 'application/json', given [*/*] and supported [application/json, application/*+json]
2026-04-29 12:07:40.670 [http-nio-8080-exec-8] DEBUG [0dfde69c] [GET] [/api/v1/books] [127.0.0.1] o.s.w.s.m.m.a.HttpEntityMethodProcessor - Writing [[BookDTO{bookId=1, isbn='9788966262281', title='스프링 부트와 AWS로 혼자 구현하는 웹 서비스', author='이동욱', publisher (truncated)...]
2026-04-29 12:07:40.671 [http-nio-8080-exec-8] DEBUG [0dfde69c] [GET] [/api/v1/books] [127.0.0.1] o.s.web.servlet.DispatcherServlet - Completed 200 OK
2026-04-29 12:07:40.699 [http-nio-8080-exec-9] DEBUG [2fa70032] [GET] [/api/v1/books/1] [127.0.0.1] o.s.web.servlet.DispatcherServlet - GET "/api/v1/books/1", parameters={}
2026-04-29 12:07:40.699 [http-nio-8080-exec-9] DEBUG [2fa70032] [GET] [/api/v1/books/1] [127.0.0.1] o.s.w.s.m.m.a.RequestMappingHandlerMapping - Mapped to com.ohgiraffers.stability.section01.exception.controller.BookController#getBookById(Long)
2026-04-29 12:07:40.699 [http-nio-8080-exec-9] INFO  [2fa70032] [GET] [/api/v1/books/1] [127.0.0.1] c.o.s.s.e.controller.BookController - [s1][BookController] 도서 조회 요청 - ID: 1
2026-04-29 12:07:40.699 [http-nio-8080-exec-9] DEBUG [2fa70032] [GET] [/api/v1/books/1] [127.0.0.1] c.o.s.s.e.service.BookService - 도서 조회 시작 - ID: 1
2026-04-29 12:07:40.700 [http-nio-8080-exec-9] DEBUG [2fa70032] [GET] [/api/v1/books/1] [127.0.0.1] org.hibernate.SQL - 
    select
        b1_0.book_id,
        b1_0.author,
        b1_0.available,
        b1_0.isbn,
        b1_0.publish_date,
        b1_0.publisher,
        b1_0.stock_quantity,
        b1_0.title 
    from
        tbl_book b1_0 
    where
        b1_0.book_id=?
2026-04-29 12:07:40.701 [http-nio-8080-exec-9] DEBUG [2fa70032] [GET] [/api/v1/books/1] [127.0.0.1] c.o.s.s.e.service.BookService - 도서 조회 완료 - 제목: 스프링 부트와 AWS로 혼자 구현하는 웹 서비스
2026-04-29 12:07:40.701 [http-nio-8080-exec-9] INFO  [2fa70032] [GET] [/api/v1/books/1] [127.0.0.1] c.o.s.s.e.controller.BookController - [s1][BookController] 도서 조회 완료 - ID: 1, 제목: 스프링 부트와 AWS로 혼자 구현하는 웹 서비스
2026-04-29 12:07:40.701 [http-nio-8080-exec-9] DEBUG [2fa70032] [GET] [/api/v1/books/1] [127.0.0.1] o.s.w.s.m.m.a.HttpEntityMethodProcessor - Using 'application/json', given [*/*] and supported [application/json, application/*+json]
2026-04-29 12:07:40.701 [http-nio-8080-exec-9] DEBUG [2fa70032] [GET] [/api/v1/books/1] [127.0.0.1] o.s.w.s.m.m.a.HttpEntityMethodProcessor - Writing [BookDTO{bookId=1, isbn='9788966262281', title='스프링 부트와 AWS로 혼자 구현하는 웹 서비스', author='이동욱', publisher= (truncated)...]
2026-04-29 12:07:40.702 [http-nio-8080-exec-9] DEBUG [2fa70032] [GET] [/api/v1/books/1] [127.0.0.1] o.s.web.servlet.DispatcherServlet - Completed 200 OK
2026-04-29 12:07:40.739 [http-nio-8080-exec-10] DEBUG [8eba61b0] [GET] [/api/v1/books/isbn/9788966262281] [127.0.0.1] o.s.web.servlet.DispatcherServlet - GET "/api/v1/books/isbn/9788966262281", parameters={}
2026-04-29 12:07:40.740 [http-nio-8080-exec-10] DEBUG [8eba61b0] [GET] [/api/v1/books/isbn/9788966262281] [127.0.0.1] o.s.w.s.m.m.a.RequestMappingHandlerMapping - Mapped to com.ohgiraffers.stability.section01.exception.controller.BookController#getBookByIsbn(String)
2026-04-29 12:07:40.743 [http-nio-8080-exec-10] INFO  [8eba61b0] [GET] [/api/v1/books/isbn/9788966262281] [127.0.0.1] c.o.s.s.e.controller.BookController - [s1][BookController] ISBN으로 도서 조회 요청 - ISBN: 9788966262281
2026-04-29 12:07:40.743 [http-nio-8080-exec-10] DEBUG [8eba61b0] [GET] [/api/v1/books/isbn/9788966262281] [127.0.0.1] c.o.s.s.e.service.BookService - ISBN으로 도서 조회 시작 - ISBN: 9788966262281
2026-04-29 12:07:40.745 [http-nio-8080-exec-10] DEBUG [8eba61b0] [GET] [/api/v1/books/isbn/9788966262281] [127.0.0.1] org.hibernate.SQL - 
    select
        b1_0.book_id,
        b1_0.author,
        b1_0.available,
        b1_0.isbn,
        b1_0.publish_date,
        b1_0.publisher,
        b1_0.stock_quantity,
        b1_0.title 
    from
        tbl_book b1_0 
    where
        b1_0.isbn=?
2026-04-29 12:07:40.746 [http-nio-8080-exec-10] DEBUG [8eba61b0] [GET] [/api/v1/books/isbn/9788966262281] [127.0.0.1] c.o.s.s.e.service.BookService - ISBN으로 도서 조회 완료 - 제목: 스프링 부트와 AWS로 혼자 구현하는 웹 서비스
2026-04-29 12:07:40.746 [http-nio-8080-exec-10] INFO  [8eba61b0] [GET] [/api/v1/books/isbn/9788966262281] [127.0.0.1] c.o.s.s.e.controller.BookController - [s1][BookController] ISBN으로 도서 조회 완료 - ISBN: 9788966262281, 제목: 스프링 부트와 AWS로 혼자 구현하는 웹 서비스
2026-04-29 12:07:40.747 [http-nio-8080-exec-10] DEBUG [8eba61b0] [GET] [/api/v1/books/isbn/9788966262281] [127.0.0.1] o.s.w.s.m.m.a.HttpEntityMethodProcessor - Using 'application/json', given [*/*] and supported [application/json, application/*+json]
2026-04-29 12:07:40.747 [http-nio-8080-exec-10] DEBUG [8eba61b0] [GET] [/api/v1/books/isbn/9788966262281] [127.0.0.1] o.s.w.s.m.m.a.HttpEntityMethodProcessor - Writing [BookDTO{bookId=1, isbn='9788966262281', title='스프링 부트와 AWS로 혼자 구현하는 웹 서비스', author='이동욱', publisher= (truncated)...]
2026-04-29 12:07:40.747 [http-nio-8080-exec-10] DEBUG [8eba61b0] [GET] [/api/v1/books/isbn/9788966262281] [127.0.0.1] o.s.web.servlet.DispatcherServlet - Completed 200 OK
2026-04-29 12:07:40.775 [http-nio-8080-exec-1] DEBUG [d94ba0a1] [GET] [/api/v1/books/search] [127.0.0.1] o.s.web.servlet.DispatcherServlet - GET "/api/v1/books/search?keyword=%EC%8A%A4%ED%94%84%EB%A7%81", parameters={masked}
2026-04-29 12:07:40.775 [http-nio-8080-exec-1] DEBUG [d94ba0a1] [GET] [/api/v1/books/search] [127.0.0.1] o.s.w.s.m.m.a.RequestMappingHandlerMapping - Mapped to com.ohgiraffers.stability.section01.exception.controller.BookController#searchBooksByTitle(String)
2026-04-29 12:07:40.776 [http-nio-8080-exec-1] INFO  [d94ba0a1] [GET] [/api/v1/books/search] [127.0.0.1] c.o.s.s.e.controller.BookController - [s1][BookController] 제목으로 도서 검색 요청 - 키워드: 스프링
2026-04-29 12:07:40.777 [http-nio-8080-exec-1] DEBUG [d94ba0a1] [GET] [/api/v1/books/search] [127.0.0.1] c.o.s.s.e.service.BookService - 제목으로 도서 검색 시작 - 키워드: 스프링
2026-04-29 12:07:40.783 [http-nio-8080-exec-1] DEBUG [d94ba0a1] [GET] [/api/v1/books/search] [127.0.0.1] org.hibernate.SQL - 
    select
        b1_0.book_id,
        b1_0.author,
        b1_0.available,
        b1_0.isbn,
        b1_0.publish_date,
        b1_0.publisher,
        b1_0.stock_quantity,
        b1_0.title 
    from
        tbl_book b1_0 
    where
        upper(b1_0.title) like upper(?) escape '\'
2026-04-29 12:07:40.785 [http-nio-8080-exec-1] DEBUG [d94ba0a1] [GET] [/api/v1/books/search] [127.0.0.1] c.o.s.s.e.service.BookService - 제목으로 도서 검색 완료 - 검색 결과: 1권
2026-04-29 12:07:40.786 [http-nio-8080-exec-1] INFO  [d94ba0a1] [GET] [/api/v1/books/search] [127.0.0.1] c.o.s.s.e.controller.BookController - [s1][BookController] 제목으로 도서 검색 완료 - 키워드: 스프링, 검색 결과: 1권
2026-04-29 12:07:40.786 [http-nio-8080-exec-1] DEBUG [d94ba0a1] [GET] [/api/v1/books/search] [127.0.0.1] o.s.w.s.m.m.a.HttpEntityMethodProcessor - Using 'application/json', given [*/*] and supported [application/json, application/*+json]
2026-04-29 12:07:40.786 [http-nio-8080-exec-1] DEBUG [d94ba0a1] [GET] [/api/v1/books/search] [127.0.0.1] o.s.w.s.m.m.a.HttpEntityMethodProcessor - Writing [[BookDTO{bookId=1, isbn='9788966262281', title='스프링 부트와 AWS로 혼자 구현하는 웹 서비스', author='이동욱', publisher (truncated)...]
2026-04-29 12:07:40.787 [http-nio-8080-exec-1] DEBUG [d94ba0a1] [GET] [/api/v1/books/search] [127.0.0.1] o.s.web.servlet.DispatcherServlet - Completed 200 OK
2026-04-29 12:07:40.811 [http-nio-8080-exec-2] DEBUG [37f08ab2] [PATCH] [/api/v1/books/1/stock/increase] [127.0.0.1] o.s.web.servlet.DispatcherServlet - PATCH "/api/v1/books/1/stock/increase?quantity=5", parameters={masked}
2026-04-29 12:07:40.811 [http-nio-8080-exec-2] DEBUG [37f08ab2] [PATCH] [/api/v1/books/1/stock/increase] [127.0.0.1] o.s.w.s.m.m.a.RequestMappingHandlerMapping - Mapped to com.ohgiraffers.stability.section01.exception.controller.BookController#increaseStock(Long, int)
2026-04-29 12:07:40.812 [http-nio-8080-exec-2] INFO  [37f08ab2] [PATCH] [/api/v1/books/1/stock/increase] [127.0.0.1] c.o.s.s.e.controller.BookController - [s1][BookController] 재고 증가 요청 - 도서 ID: 1, 증가 수량: 5
2026-04-29 12:07:40.812 [http-nio-8080-exec-2] DEBUG [37f08ab2] [PATCH] [/api/v1/books/1/stock/increase] [127.0.0.1] c.o.s.s.e.service.BookService - 재고 증가 시작 - 도서 ID: 1, 증가 수량: 5
2026-04-29 12:07:40.812 [http-nio-8080-exec-2] DEBUG [37f08ab2] [PATCH] [/api/v1/books/1/stock/increase] [127.0.0.1] org.hibernate.SQL - 
    select
        b1_0.book_id,
        b1_0.author,
        b1_0.available,
        b1_0.isbn,
        b1_0.publish_date,
        b1_0.publisher,
        b1_0.stock_quantity,
        b1_0.title 
    from
        tbl_book b1_0 
    where
        b1_0.book_id=?
2026-04-29 12:07:40.814 [http-nio-8080-exec-2] INFO  [37f08ab2] [PATCH] [/api/v1/books/1/stock/increase] [127.0.0.1] c.o.s.s.e.service.BookService - [s1][BookService] 재고 증가 완료 - 도서 ID: 1, 현재 재고: 15
2026-04-29 12:07:40.819 [http-nio-8080-exec-2] DEBUG [37f08ab2] [PATCH] [/api/v1/books/1/stock/increase] [127.0.0.1] org.hibernate.SQL - 
    update
        tbl_book 
    set
        author=?,
        available=?,
        isbn=?,
        publish_date=?,
        publisher=?,
        stock_quantity=?,
        title=? 
    where
        book_id=?
2026-04-29 12:07:40.822 [http-nio-8080-exec-2] INFO  [37f08ab2] [PATCH] [/api/v1/books/1/stock/increase] [127.0.0.1] c.o.s.s.e.controller.BookController - [s1][BookController] 재고 증가 완료 - 도서 ID: 1, 현재 재고: 15
2026-04-29 12:07:40.822 [http-nio-8080-exec-2] DEBUG [37f08ab2] [PATCH] [/api/v1/books/1/stock/increase] [127.0.0.1] o.s.w.s.m.m.a.HttpEntityMethodProcessor - Using 'application/json', given [*/*] and supported [application/json, application/*+json]
2026-04-29 12:07:40.822 [http-nio-8080-exec-2] DEBUG [37f08ab2] [PATCH] [/api/v1/books/1/stock/increase] [127.0.0.1] o.s.w.s.m.m.a.HttpEntityMethodProcessor - Writing [BookDTO{bookId=1, isbn='9788966262281', title='스프링 부트와 AWS로 혼자 구현하는 웹 서비스', author='이동욱', publisher= (truncated)...]
2026-04-29 12:07:40.823 [http-nio-8080-exec-2] DEBUG [37f08ab2] [PATCH] [/api/v1/books/1/stock/increase] [127.0.0.1] o.s.web.servlet.DispatcherServlet - Completed 200 OK
2026-04-29 12:07:40.846 [http-nio-8080-exec-3] DEBUG [f212382d] [PATCH] [/api/v1/books/1/stock/decrease] [127.0.0.1] o.s.web.servlet.DispatcherServlet - PATCH "/api/v1/books/1/stock/decrease?quantity=3", parameters={masked}
2026-04-29 12:07:40.846 [http-nio-8080-exec-3] DEBUG [f212382d] [PATCH] [/api/v1/books/1/stock/decrease] [127.0.0.1] o.s.w.s.m.m.a.RequestMappingHandlerMapping - Mapped to com.ohgiraffers.stability.section01.exception.controller.BookController#decreaseStock(Long, int)
2026-04-29 12:07:40.847 [http-nio-8080-exec-3] INFO  [f212382d] [PATCH] [/api/v1/books/1/stock/decrease] [127.0.0.1] c.o.s.s.e.controller.BookController - [s1][BookController] 재고 감소 요청 - 도서 ID: 1, 감소 수량: 3
2026-04-29 12:07:40.847 [http-nio-8080-exec-3] DEBUG [f212382d] [PATCH] [/api/v1/books/1/stock/decrease] [127.0.0.1] c.o.s.s.e.service.BookService - 재고 감소 시작 - 도서 ID: 1, 감소 수량: 3
2026-04-29 12:07:40.848 [http-nio-8080-exec-3] DEBUG [f212382d] [PATCH] [/api/v1/books/1/stock/decrease] [127.0.0.1] org.hibernate.SQL - 
    select
        b1_0.book_id,
        b1_0.author,
        b1_0.available,
        b1_0.isbn,
        b1_0.publish_date,
        b1_0.publisher,
        b1_0.stock_quantity,
        b1_0.title 
    from
        tbl_book b1_0 
    where
        b1_0.book_id=?
2026-04-29 12:07:40.849 [http-nio-8080-exec-3] INFO  [f212382d] [PATCH] [/api/v1/books/1/stock/decrease] [127.0.0.1] c.o.s.s.e.service.BookService - [s1][BookService] 재고 감소 완료 - 도서 ID: 1, 현재 재고: 12
2026-04-29 12:07:40.850 [http-nio-8080-exec-3] DEBUG [f212382d] [PATCH] [/api/v1/books/1/stock/decrease] [127.0.0.1] org.hibernate.SQL - 
    update
        tbl_book 
    set
        author=?,
        available=?,
        isbn=?,
        publish_date=?,
        publisher=?,
        stock_quantity=?,
        title=? 
    where
        book_id=?
2026-04-29 12:07:40.850 [http-nio-8080-exec-3] INFO  [f212382d] [PATCH] [/api/v1/books/1/stock/decrease] [127.0.0.1] c.o.s.s.e.controller.BookController - [s1][BookController] 재고 감소 완료 - 도서 ID: 1, 현재 재고: 12
2026-04-29 12:07:40.850 [http-nio-8080-exec-3] DEBUG [f212382d] [PATCH] [/api/v1/books/1/stock/decrease] [127.0.0.1] o.s.w.s.m.m.a.HttpEntityMethodProcessor - Using 'application/json', given [*/*] and supported [application/json, application/*+json]
2026-04-29 12:07:40.850 [http-nio-8080-exec-3] DEBUG [f212382d] [PATCH] [/api/v1/books/1/stock/decrease] [127.0.0.1] o.s.w.s.m.m.a.HttpEntityMethodProcessor - Writing [BookDTO{bookId=1, isbn='9788966262281', title='스프링 부트와 AWS로 혼자 구현하는 웹 서비스', author='이동욱', publisher= (truncated)...]
2026-04-29 12:07:40.851 [http-nio-8080-exec-3] DEBUG [f212382d] [PATCH] [/api/v1/books/1/stock/decrease] [127.0.0.1] o.s.web.servlet.DispatcherServlet - Completed 200 OK
2026-04-29 12:07:40.874 [http-nio-8080-exec-4] DEBUG [0d6d38cc] [PUT] [/api/v1/books/1] [127.0.0.1] o.s.web.servlet.DispatcherServlet - PUT "/api/v1/books/1", parameters={}
2026-04-29 12:07:40.874 [http-nio-8080-exec-4] DEBUG [0d6d38cc] [PUT] [/api/v1/books/1] [127.0.0.1] o.s.w.s.m.m.a.RequestMappingHandlerMapping - Mapped to com.ohgiraffers.stability.section01.exception.controller.BookController#updateBook(Long, BookDTO)
2026-04-29 12:07:40.875 [http-nio-8080-exec-4] DEBUG [0d6d38cc] [PUT] [/api/v1/books/1] [127.0.0.1] o.s.w.s.m.m.a.RequestResponseBodyMethodProcessor - Read "application/json;charset=UTF-8" to [BookDTO{bookId=null, isbn='null', title='스프링 부트와 AWS로 혼자 구현하는 웹 서비스 (개정판)', author='이동욱', publisher= (truncated)...]
2026-04-29 12:07:40.875 [http-nio-8080-exec-4] INFO  [0d6d38cc] [PUT] [/api/v1/books/1] [127.0.0.1] c.o.s.s.e.controller.BookController - [s1][BookController] 도서 정보 수정 요청 - ID: 1
2026-04-29 12:07:40.875 [http-nio-8080-exec-4] DEBUG [0d6d38cc] [PUT] [/api/v1/books/1] [127.0.0.1] c.o.s.s.e.service.BookService - 도서 정보 수정 시작 - ID: 1
2026-04-29 12:07:40.876 [http-nio-8080-exec-4] DEBUG [0d6d38cc] [PUT] [/api/v1/books/1] [127.0.0.1] org.hibernate.SQL - 
    select
        b1_0.book_id,
        b1_0.author,
        b1_0.available,
        b1_0.isbn,
        b1_0.publish_date,
        b1_0.publisher,
        b1_0.stock_quantity,
        b1_0.title 
    from
        tbl_book b1_0 
    where
        b1_0.book_id=?
2026-04-29 12:07:40.876 [http-nio-8080-exec-4] INFO  [0d6d38cc] [PUT] [/api/v1/books/1] [127.0.0.1] c.o.s.s.e.service.BookService - [s1][BookService] 도서 정보 수정 완료 - ID: 1, 제목: 스프링 부트와 AWS로 혼자 구현하는 웹 서비스 (개정판)
2026-04-29 12:07:40.877 [http-nio-8080-exec-4] DEBUG [0d6d38cc] [PUT] [/api/v1/books/1] [127.0.0.1] org.hibernate.SQL - 
    update
        tbl_book 
    set
        author=?,
        available=?,
        isbn=?,
        publish_date=?,
        publisher=?,
        stock_quantity=?,
        title=? 
    where
        book_id=?
2026-04-29 12:07:40.877 [http-nio-8080-exec-4] INFO  [0d6d38cc] [PUT] [/api/v1/books/1] [127.0.0.1] c.o.s.s.e.controller.BookController - [s1][BookController] 도서 정보 수정 완료 - ID: 1, 제목: 스프링 부트와 AWS로 혼자 구현하는 웹 서비스 (개정판)
2026-04-29 12:07:40.878 [http-nio-8080-exec-4] DEBUG [0d6d38cc] [PUT] [/api/v1/books/1] [127.0.0.1] o.s.w.s.m.m.a.HttpEntityMethodProcessor - Using 'application/json', given [*/*] and supported [application/json, application/*+json]
2026-04-29 12:07:40.878 [http-nio-8080-exec-4] DEBUG [0d6d38cc] [PUT] [/api/v1/books/1] [127.0.0.1] o.s.w.s.m.m.a.HttpEntityMethodProcessor - Writing [BookDTO{bookId=1, isbn='9788966262281', title='스프링 부트와 AWS로 혼자 구현하는 웹 서비스 (개정판)', author='이동욱', publ (truncated)...]
2026-04-29 12:07:40.878 [http-nio-8080-exec-4] DEBUG [0d6d38cc] [PUT] [/api/v1/books/1] [127.0.0.1] o.s.web.servlet.DispatcherServlet - Completed 200 OK
2026-04-29 12:07:40.908 [http-nio-8080-exec-5] DEBUG [5a05c2d4] [GET] [/api/v1/books/999] [127.0.0.1] o.s.web.servlet.DispatcherServlet - GET "/api/v1/books/999", parameters={}
2026-04-29 12:07:40.909 [http-nio-8080-exec-5] DEBUG [5a05c2d4] [GET] [/api/v1/books/999] [127.0.0.1] o.s.w.s.m.m.a.RequestMappingHandlerMapping - Mapped to com.ohgiraffers.stability.section01.exception.controller.BookController#getBookById(Long)
2026-04-29 12:07:40.909 [http-nio-8080-exec-5] INFO  [5a05c2d4] [GET] [/api/v1/books/999] [127.0.0.1] c.o.s.s.e.controller.BookController - [s1][BookController] 도서 조회 요청 - ID: 999
2026-04-29 12:07:40.909 [http-nio-8080-exec-5] DEBUG [5a05c2d4] [GET] [/api/v1/books/999] [127.0.0.1] c.o.s.s.e.service.BookService - 도서 조회 시작 - ID: 999
2026-04-29 12:07:40.910 [http-nio-8080-exec-5] DEBUG [5a05c2d4] [GET] [/api/v1/books/999] [127.0.0.1] org.hibernate.SQL - 
    select
        b1_0.book_id,
        b1_0.author,
        b1_0.available,
        b1_0.isbn,
        b1_0.publish_date,
        b1_0.publisher,
        b1_0.stock_quantity,
        b1_0.title 
    from
        tbl_book b1_0 
    where
        b1_0.book_id=?
2026-04-29 12:07:40.910 [http-nio-8080-exec-5] ERROR [5a05c2d4] [GET] [/api/v1/books/999] [127.0.0.1] c.o.s.s.e.service.BookService - 도서 조회 실패 - ID: 999: 해당 ID의 도서를 찾을 수 없습니다: 999
2026-04-29 12:07:40.910 [http-nio-8080-exec-5] DEBUG [5a05c2d4] [GET] [/api/v1/books/999] [127.0.0.1] o.s.w.s.m.m.a.ExceptionHandlerExceptionResolver - Using @ExceptionHandler com.ohgiraffers.stability.section01.exception.handler.GlobalExceptionHandler#handleBookNotFoundException(BookNotFoundException, HttpServletRequest)
2026-04-29 12:07:40.910 [http-nio-8080-exec-5] WARN  [5a05c2d4] [GET] [/api/v1/books/999] [127.0.0.1] c.o.s.s.e.h.GlobalExceptionHandler - [s1][GlobalExceptionHandler] 도서 조회 실패: 해당 ID의 도서를 찾을 수 없습니다: 999
2026-04-29 12:07:40.911 [http-nio-8080-exec-5] DEBUG [5a05c2d4] [GET] [/api/v1/books/999] [127.0.0.1] o.s.w.s.m.m.a.HttpEntityMethodProcessor - Using 'application/json', given [*/*] and supported [application/json, application/*+json]
2026-04-29 12:07:40.911 [http-nio-8080-exec-5] DEBUG [5a05c2d4] [GET] [/api/v1/books/999] [127.0.0.1] o.s.w.s.m.m.a.HttpEntityMethodProcessor - Writing [ErrorResponse{errorCode='BOOK_NOT_FOUND_BY_ID', message='해당 ID의 도서를 찾을 수 없습니다: 999', timestamp=2026- (truncated)...]
2026-04-29 12:07:40.911 [http-nio-8080-exec-5] WARN  [5a05c2d4] [GET] [/api/v1/books/999] [127.0.0.1] o.s.w.s.m.m.a.ExceptionHandlerExceptionResolver - Resolved [com.ohgiraffers.stability.section01.exception.exception.BookNotFoundException: 해당 ID의 도서를 찾을 수 없습니다: 999]
2026-04-29 12:07:40.911 [http-nio-8080-exec-5] DEBUG [5a05c2d4] [GET] [/api/v1/books/999] [127.0.0.1] o.s.web.servlet.DispatcherServlet - Completed 404 NOT_FOUND
2026-04-29 12:07:40.940 [http-nio-8080-exec-6] DEBUG [1f2b4bf3] [GET] [/api/v1/books/isbn/1234567890123] [127.0.0.1] o.s.web.servlet.DispatcherServlet - GET "/api/v1/books/isbn/1234567890123", parameters={}
2026-04-29 12:07:40.940 [http-nio-8080-exec-6] DEBUG [1f2b4bf3] [GET] [/api/v1/books/isbn/1234567890123] [127.0.0.1] o.s.w.s.m.m.a.RequestMappingHandlerMapping - Mapped to com.ohgiraffers.stability.section01.exception.controller.BookController#getBookByIsbn(String)
2026-04-29 12:07:40.940 [http-nio-8080-exec-6] INFO  [1f2b4bf3] [GET] [/api/v1/books/isbn/1234567890123] [127.0.0.1] c.o.s.s.e.controller.BookController - [s1][BookController] ISBN으로 도서 조회 요청 - ISBN: 1234567890123
2026-04-29 12:07:40.940 [http-nio-8080-exec-6] DEBUG [1f2b4bf3] [GET] [/api/v1/books/isbn/1234567890123] [127.0.0.1] c.o.s.s.e.service.BookService - ISBN으로 도서 조회 시작 - ISBN: 1234567890123
2026-04-29 12:07:40.941 [http-nio-8080-exec-6] DEBUG [1f2b4bf3] [GET] [/api/v1/books/isbn/1234567890123] [127.0.0.1] org.hibernate.SQL - 
    select
        b1_0.book_id,
        b1_0.author,
        b1_0.available,
        b1_0.isbn,
        b1_0.publish_date,
        b1_0.publisher,
        b1_0.stock_quantity,
        b1_0.title 
    from
        tbl_book b1_0 
    where
        b1_0.isbn=?
2026-04-29 12:07:40.942 [http-nio-8080-exec-6] DEBUG [1f2b4bf3] [GET] [/api/v1/books/isbn/1234567890123] [127.0.0.1] o.s.w.s.m.m.a.ExceptionHandlerExceptionResolver - Using @ExceptionHandler com.ohgiraffers.stability.section01.exception.handler.GlobalExceptionHandler#handleBookNotFoundException(BookNotFoundException, HttpServletRequest)
2026-04-29 12:07:40.942 [http-nio-8080-exec-6] WARN  [1f2b4bf3] [GET] [/api/v1/books/isbn/1234567890123] [127.0.0.1] c.o.s.s.e.h.GlobalExceptionHandler - [s1][GlobalExceptionHandler] 도서 조회 실패: 해당 ISBN의 도서를 찾을 수 없습니다: 1234567890123
2026-04-29 12:07:40.943 [http-nio-8080-exec-6] DEBUG [1f2b4bf3] [GET] [/api/v1/books/isbn/1234567890123] [127.0.0.1] o.s.w.s.m.m.a.HttpEntityMethodProcessor - Using 'application/json', given [*/*] and supported [application/json, application/*+json]
2026-04-29 12:07:40.943 [http-nio-8080-exec-6] DEBUG [1f2b4bf3] [GET] [/api/v1/books/isbn/1234567890123] [127.0.0.1] o.s.w.s.m.m.a.HttpEntityMethodProcessor - Writing [ErrorResponse{errorCode='BOOK_NOT_FOUND_BY_ISBN', message='해당 ISBN의 도서를 찾을 수 없습니다: 1234567890123', t (truncated)...]
2026-04-29 12:07:40.943 [http-nio-8080-exec-6] WARN  [1f2b4bf3] [GET] [/api/v1/books/isbn/1234567890123] [127.0.0.1] o.s.w.s.m.m.a.ExceptionHandlerExceptionResolver - Resolved [com.ohgiraffers.stability.section01.exception.exception.BookNotFoundException: 해당 ISBN의 도서를 찾을 수 없습니다: 1234567890123]
2026-04-29 12:07:40.943 [http-nio-8080-exec-6] DEBUG [1f2b4bf3] [GET] [/api/v1/books/isbn/1234567890123] [127.0.0.1] o.s.web.servlet.DispatcherServlet - Completed 404 NOT_FOUND
2026-04-29 12:07:40.966 [http-nio-8080-exec-7] DEBUG [bbab7f45] [PATCH] [/api/v1/books/999/stock/increase] [127.0.0.1] o.s.web.servlet.DispatcherServlet - PATCH "/api/v1/books/999/stock/increase?quantity=5", parameters={masked}
2026-04-29 12:07:40.967 [http-nio-8080-exec-7] DEBUG [bbab7f45] [PATCH] [/api/v1/books/999/stock/increase] [127.0.0.1] o.s.w.s.m.m.a.RequestMappingHandlerMapping - Mapped to com.ohgiraffers.stability.section01.exception.controller.BookController#increaseStock(Long, int)
2026-04-29 12:07:40.967 [http-nio-8080-exec-7] INFO  [bbab7f45] [PATCH] [/api/v1/books/999/stock/increase] [127.0.0.1] c.o.s.s.e.controller.BookController - [s1][BookController] 재고 증가 요청 - 도서 ID: 999, 증가 수량: 5
2026-04-29 12:07:40.967 [http-nio-8080-exec-7] DEBUG [bbab7f45] [PATCH] [/api/v1/books/999/stock/increase] [127.0.0.1] c.o.s.s.e.service.BookService - 재고 증가 시작 - 도서 ID: 999, 증가 수량: 5
2026-04-29 12:07:40.967 [http-nio-8080-exec-7] DEBUG [bbab7f45] [PATCH] [/api/v1/books/999/stock/increase] [127.0.0.1] org.hibernate.SQL - 
    select
        b1_0.book_id,
        b1_0.author,
        b1_0.available,
        b1_0.isbn,
        b1_0.publish_date,
        b1_0.publisher,
        b1_0.stock_quantity,
        b1_0.title 
    from
        tbl_book b1_0 
    where
        b1_0.book_id=?
2026-04-29 12:07:40.968 [http-nio-8080-exec-7] DEBUG [bbab7f45] [PATCH] [/api/v1/books/999/stock/increase] [127.0.0.1] o.s.w.s.m.m.a.ExceptionHandlerExceptionResolver - Using @ExceptionHandler com.ohgiraffers.stability.section01.exception.handler.GlobalExceptionHandler#handleBookNotFoundException(BookNotFoundException, HttpServletRequest)
2026-04-29 12:07:40.968 [http-nio-8080-exec-7] WARN  [bbab7f45] [PATCH] [/api/v1/books/999/stock/increase] [127.0.0.1] c.o.s.s.e.h.GlobalExceptionHandler - [s1][GlobalExceptionHandler] 도서 조회 실패: 해당 ID의 도서를 찾을 수 없습니다: 999
2026-04-29 12:07:40.969 [http-nio-8080-exec-7] DEBUG [bbab7f45] [PATCH] [/api/v1/books/999/stock/increase] [127.0.0.1] o.s.w.s.m.m.a.HttpEntityMethodProcessor - Using 'application/json', given [*/*] and supported [application/json, application/*+json]
2026-04-29 12:07:40.969 [http-nio-8080-exec-7] DEBUG [bbab7f45] [PATCH] [/api/v1/books/999/stock/increase] [127.0.0.1] o.s.w.s.m.m.a.HttpEntityMethodProcessor - Writing [ErrorResponse{errorCode='BOOK_NOT_FOUND_BY_ID', message='해당 ID의 도서를 찾을 수 없습니다: 999', timestamp=2026- (truncated)...]
2026-04-29 12:07:40.969 [http-nio-8080-exec-7] WARN  [bbab7f45] [PATCH] [/api/v1/books/999/stock/increase] [127.0.0.1] o.s.w.s.m.m.a.ExceptionHandlerExceptionResolver - Resolved [com.ohgiraffers.stability.section01.exception.exception.BookNotFoundException: 해당 ID의 도서를 찾을 수 없습니다: 999]
2026-04-29 12:07:40.969 [http-nio-8080-exec-7] DEBUG [bbab7f45] [PATCH] [/api/v1/books/999/stock/increase] [127.0.0.1] o.s.web.servlet.DispatcherServlet - Completed 404 NOT_FOUND
2026-04-29 12:07:40.992 [http-nio-8080-exec-8] DEBUG [afac6031] [PUT] [/api/v1/books/999] [127.0.0.1] o.s.web.servlet.DispatcherServlet - PUT "/api/v1/books/999", parameters={}
2026-04-29 12:07:40.993 [http-nio-8080-exec-8] DEBUG [afac6031] [PUT] [/api/v1/books/999] [127.0.0.1] o.s.w.s.m.m.a.RequestMappingHandlerMapping - Mapped to com.ohgiraffers.stability.section01.exception.controller.BookController#updateBook(Long, BookDTO)
2026-04-29 12:07:40.993 [http-nio-8080-exec-8] DEBUG [afac6031] [PUT] [/api/v1/books/999] [127.0.0.1] o.s.w.s.m.m.a.RequestResponseBodyMethodProcessor - Read "application/json;charset=UTF-8" to [BookDTO{bookId=null, isbn='null', title='존재하지 않는 도서', author='테스트', publisher='테스트', publishDate=202 (truncated)...]
2026-04-29 12:07:40.993 [http-nio-8080-exec-8] INFO  [afac6031] [PUT] [/api/v1/books/999] [127.0.0.1] c.o.s.s.e.controller.BookController - [s1][BookController] 도서 정보 수정 요청 - ID: 999
2026-04-29 12:07:40.994 [http-nio-8080-exec-8] DEBUG [afac6031] [PUT] [/api/v1/books/999] [127.0.0.1] c.o.s.s.e.service.BookService - 도서 정보 수정 시작 - ID: 999
2026-04-29 12:07:40.994 [http-nio-8080-exec-8] DEBUG [afac6031] [PUT] [/api/v1/books/999] [127.0.0.1] org.hibernate.SQL - 
    select
        b1_0.book_id,
        b1_0.author,
        b1_0.available,
        b1_0.isbn,
        b1_0.publish_date,
        b1_0.publisher,
        b1_0.stock_quantity,
        b1_0.title 
    from
        tbl_book b1_0 
    where
        b1_0.book_id=?
2026-04-29 12:07:40.995 [http-nio-8080-exec-8] DEBUG [afac6031] [PUT] [/api/v1/books/999] [127.0.0.1] o.s.w.s.m.m.a.ExceptionHandlerExceptionResolver - Using @ExceptionHandler com.ohgiraffers.stability.section01.exception.handler.GlobalExceptionHandler#handleBookNotFoundException(BookNotFoundException, HttpServletRequest)
2026-04-29 12:07:40.995 [http-nio-8080-exec-8] WARN  [afac6031] [PUT] [/api/v1/books/999] [127.0.0.1] c.o.s.s.e.h.GlobalExceptionHandler - [s1][GlobalExceptionHandler] 도서 조회 실패: 해당 ID의 도서를 찾을 수 없습니다: 999
2026-04-29 12:07:40.995 [http-nio-8080-exec-8] DEBUG [afac6031] [PUT] [/api/v1/books/999] [127.0.0.1] o.s.w.s.m.m.a.HttpEntityMethodProcessor - Using 'application/json', given [*/*] and supported [application/json, application/*+json]
2026-04-29 12:07:40.995 [http-nio-8080-exec-8] DEBUG [afac6031] [PUT] [/api/v1/books/999] [127.0.0.1] o.s.w.s.m.m.a.HttpEntityMethodProcessor - Writing [ErrorResponse{errorCode='BOOK_NOT_FOUND_BY_ID', message='해당 ID의 도서를 찾을 수 없습니다: 999', timestamp=2026- (truncated)...]
2026-04-29 12:07:40.996 [http-nio-8080-exec-8] WARN  [afac6031] [PUT] [/api/v1/books/999] [127.0.0.1] o.s.w.s.m.m.a.ExceptionHandlerExceptionResolver - Resolved [com.ohgiraffers.stability.section01.exception.exception.BookNotFoundException: 해당 ID의 도서를 찾을 수 없습니다: 999]
2026-04-29 12:07:40.996 [http-nio-8080-exec-8] DEBUG [afac6031] [PUT] [/api/v1/books/999] [127.0.0.1] o.s.web.servlet.DispatcherServlet - Completed 404 NOT_FOUND
2026-04-29 12:07:41.017 [http-nio-8080-exec-9] DEBUG [92db2884] [DELETE] [/api/v1/books/999] [127.0.0.1] o.s.web.servlet.DispatcherServlet - DELETE "/api/v1/books/999", parameters={}
2026-04-29 12:07:41.018 [http-nio-8080-exec-9] DEBUG [92db2884] [DELETE] [/api/v1/books/999] [127.0.0.1] o.s.w.s.m.m.a.RequestMappingHandlerMapping - Mapped to com.ohgiraffers.stability.section01.exception.controller.BookController#deleteBook(Long)
2026-04-29 12:07:41.018 [http-nio-8080-exec-9] INFO  [92db2884] [DELETE] [/api/v1/books/999] [127.0.0.1] c.o.s.s.e.controller.BookController - [s1][BookController] 도서 삭제 요청 - ID: 999
2026-04-29 12:07:41.018 [http-nio-8080-exec-9] DEBUG [92db2884] [DELETE] [/api/v1/books/999] [127.0.0.1] c.o.s.s.e.service.BookService - 도서 삭제 시작 - ID: 999
2026-04-29 12:07:41.019 [http-nio-8080-exec-9] DEBUG [92db2884] [DELETE] [/api/v1/books/999] [127.0.0.1] org.hibernate.SQL - 
    select
        b1_0.book_id,
        b1_0.author,
        b1_0.available,
        b1_0.isbn,
        b1_0.publish_date,
        b1_0.publisher,
        b1_0.stock_quantity,
        b1_0.title 
    from
        tbl_book b1_0 
    where
        b1_0.book_id=?
2026-04-29 12:07:41.020 [http-nio-8080-exec-9] DEBUG [92db2884] [DELETE] [/api/v1/books/999] [127.0.0.1] o.s.w.s.m.m.a.ExceptionHandlerExceptionResolver - Using @ExceptionHandler com.ohgiraffers.stability.section01.exception.handler.GlobalExceptionHandler#handleBookNotFoundException(BookNotFoundException, HttpServletRequest)
2026-04-29 12:07:41.020 [http-nio-8080-exec-9] WARN  [92db2884] [DELETE] [/api/v1/books/999] [127.0.0.1] c.o.s.s.e.h.GlobalExceptionHandler - [s1][GlobalExceptionHandler] 도서 조회 실패: 해당 ID의 도서를 찾을 수 없습니다: 999
2026-04-29 12:07:41.021 [http-nio-8080-exec-9] DEBUG [92db2884] [DELETE] [/api/v1/books/999] [127.0.0.1] o.s.w.s.m.m.a.HttpEntityMethodProcessor - Using 'application/json', given [*/*] and supported [application/json, application/*+json]
2026-04-29 12:07:41.021 [http-nio-8080-exec-9] DEBUG [92db2884] [DELETE] [/api/v1/books/999] [127.0.0.1] o.s.w.s.m.m.a.HttpEntityMethodProcessor - Writing [ErrorResponse{errorCode='BOOK_NOT_FOUND_BY_ID', message='해당 ID의 도서를 찾을 수 없습니다: 999', timestamp=2026- (truncated)...]
2026-04-29 12:07:41.021 [http-nio-8080-exec-9] WARN  [92db2884] [DELETE] [/api/v1/books/999] [127.0.0.1] o.s.w.s.m.m.a.ExceptionHandlerExceptionResolver - Resolved [com.ohgiraffers.stability.section01.exception.exception.BookNotFoundException: 해당 ID의 도서를 찾을 수 없습니다: 999]
2026-04-29 12:07:41.021 [http-nio-8080-exec-9] DEBUG [92db2884] [DELETE] [/api/v1/books/999] [127.0.0.1] o.s.web.servlet.DispatcherServlet - Completed 404 NOT_FOUND
2026-04-29 12:07:41.055 [http-nio-8080-exec-10] DEBUG [2c97bc4e] [POST] [/api/v1/books] [127.0.0.1] o.s.web.servlet.DispatcherServlet - POST "/api/v1/books", parameters={}
2026-04-29 12:07:41.055 [http-nio-8080-exec-10] DEBUG [2c97bc4e] [POST] [/api/v1/books] [127.0.0.1] o.s.w.s.m.m.a.RequestMappingHandlerMapping - Mapped to com.ohgiraffers.stability.section01.exception.controller.BookController#registerBook(BookDTO)
2026-04-29 12:07:41.056 [http-nio-8080-exec-10] DEBUG [2c97bc4e] [POST] [/api/v1/books] [127.0.0.1] o.s.w.s.m.m.a.RequestResponseBodyMethodProcessor - Read "application/json;charset=UTF-8" to [BookDTO{bookId=null, isbn='9788966262281', title='중복 ISBN 테스트 도서', author='테스트 저자', publisher='테스트 출 (truncated)...]
2026-04-29 12:07:41.056 [http-nio-8080-exec-10] INFO  [2c97bc4e] [POST] [/api/v1/books] [127.0.0.1] c.o.s.s.e.controller.BookController - [s1][BookController] 도서 등록 요청 - ISBN: 9788966262281, 제목: 중복 ISBN 테스트 도서
2026-04-29 12:07:41.056 [http-nio-8080-exec-10] DEBUG [2c97bc4e] [POST] [/api/v1/books] [127.0.0.1] c.o.s.s.e.service.BookService - 도서 등록 시작 - ISBN: 9788966262281, 제목: 중복 ISBN 테스트 도서
2026-04-29 12:07:41.057 [http-nio-8080-exec-10] DEBUG [2c97bc4e] [POST] [/api/v1/books] [127.0.0.1] org.hibernate.SQL - 
    select
        b1_0.book_id 
    from
        tbl_book b1_0 
    where
        b1_0.isbn=? 
    fetch
        first ? rows only
2026-04-29 12:07:41.059 [http-nio-8080-exec-10] DEBUG [2c97bc4e] [POST] [/api/v1/books] [127.0.0.1] o.s.w.s.m.m.a.ExceptionHandlerExceptionResolver - Using @ExceptionHandler com.ohgiraffers.stability.section01.exception.handler.GlobalExceptionHandler#handleDuplicateIsbnException(DuplicateIsbnException, HttpServletRequest)
2026-04-29 12:07:41.059 [http-nio-8080-exec-10] WARN  [2c97bc4e] [POST] [/api/v1/books] [127.0.0.1] c.o.s.s.e.h.GlobalExceptionHandler - [s1][GlobalExceptionHandler] 중복 ISBN 등록 시도: 이미 존재하는 ISBN입니다: 9788966262281
2026-04-29 12:07:41.059 [http-nio-8080-exec-10] DEBUG [2c97bc4e] [POST] [/api/v1/books] [127.0.0.1] o.s.w.s.m.m.a.HttpEntityMethodProcessor - Using 'application/json', given [*/*] and supported [application/json, application/*+json]
2026-04-29 12:07:41.059 [http-nio-8080-exec-10] DEBUG [2c97bc4e] [POST] [/api/v1/books] [127.0.0.1] o.s.w.s.m.m.a.HttpEntityMethodProcessor - Writing [ErrorResponse{errorCode='DUPLICATE_ISBN', message='이미 존재하는 ISBN입니다: 9788966262281', timestamp=2026-0 (truncated)...]
2026-04-29 12:07:41.060 [http-nio-8080-exec-10] WARN  [2c97bc4e] [POST] [/api/v1/books] [127.0.0.1] o.s.w.s.m.m.a.ExceptionHandlerExceptionResolver - Resolved [com.ohgiraffers.stability.section01.exception.exception.DuplicateIsbnException: 이미 존재하는 ISBN입니다: 9788966262281]
2026-04-29 12:07:41.060 [http-nio-8080-exec-10] DEBUG [2c97bc4e] [POST] [/api/v1/books] [127.0.0.1] o.s.web.servlet.DispatcherServlet - Completed 409 CONFLICT
2026-04-29 12:07:41.080 [http-nio-8080-exec-1] DEBUG [ec83ffe8] [GET] [/api/v1/books/3] [127.0.0.1] o.s.web.servlet.DispatcherServlet - GET "/api/v1/books/3", parameters={}
2026-04-29 12:07:41.081 [http-nio-8080-exec-1] DEBUG [ec83ffe8] [GET] [/api/v1/books/3] [127.0.0.1] o.s.w.s.m.m.a.RequestMappingHandlerMapping - Mapped to com.ohgiraffers.stability.section01.exception.controller.BookController#getBookById(Long)
2026-04-29 12:07:41.081 [http-nio-8080-exec-1] INFO  [ec83ffe8] [GET] [/api/v1/books/3] [127.0.0.1] c.o.s.s.e.controller.BookController - [s1][BookController] 도서 조회 요청 - ID: 3
2026-04-29 12:07:41.081 [http-nio-8080-exec-1] DEBUG [ec83ffe8] [GET] [/api/v1/books/3] [127.0.0.1] c.o.s.s.e.service.BookService - 도서 조회 시작 - ID: 3
2026-04-29 12:07:41.082 [http-nio-8080-exec-1] DEBUG [ec83ffe8] [GET] [/api/v1/books/3] [127.0.0.1] org.hibernate.SQL - 
    select
        b1_0.book_id,
        b1_0.author,
        b1_0.available,
        b1_0.isbn,
        b1_0.publish_date,
        b1_0.publisher,
        b1_0.stock_quantity,
        b1_0.title 
    from
        tbl_book b1_0 
    where
        b1_0.book_id=?
2026-04-29 12:07:41.082 [http-nio-8080-exec-1] DEBUG [ec83ffe8] [GET] [/api/v1/books/3] [127.0.0.1] c.o.s.s.e.service.BookService - 도서 조회 완료 - 제목: Effective Java 3/E
2026-04-29 12:07:41.082 [http-nio-8080-exec-1] INFO  [ec83ffe8] [GET] [/api/v1/books/3] [127.0.0.1] c.o.s.s.e.controller.BookController - [s1][BookController] 도서 조회 완료 - ID: 3, 제목: Effective Java 3/E
2026-04-29 12:07:41.083 [http-nio-8080-exec-1] DEBUG [ec83ffe8] [GET] [/api/v1/books/3] [127.0.0.1] o.s.w.s.m.m.a.HttpEntityMethodProcessor - Using 'application/json', given [*/*] and supported [application/json, application/*+json]
2026-04-29 12:07:41.083 [http-nio-8080-exec-1] DEBUG [ec83ffe8] [GET] [/api/v1/books/3] [127.0.0.1] o.s.w.s.m.m.a.HttpEntityMethodProcessor - Writing [BookDTO{bookId=3, isbn='9788960773417', title='Effective Java 3/E', author='조슈아 블로크', publisher='인사이 (truncated)...]
2026-04-29 12:07:41.084 [http-nio-8080-exec-1] DEBUG [ec83ffe8] [GET] [/api/v1/books/3] [127.0.0.1] o.s.web.servlet.DispatcherServlet - Completed 200 OK
2026-04-29 12:07:41.105 [http-nio-8080-exec-2] DEBUG [ca30a15d] [PATCH] [/api/v1/books/3/stock/decrease] [127.0.0.1] o.s.web.servlet.DispatcherServlet - PATCH "/api/v1/books/3/stock/decrease?quantity=10", parameters={masked}
2026-04-29 12:07:41.105 [http-nio-8080-exec-2] DEBUG [ca30a15d] [PATCH] [/api/v1/books/3/stock/decrease] [127.0.0.1] o.s.w.s.m.m.a.RequestMappingHandlerMapping - Mapped to com.ohgiraffers.stability.section01.exception.controller.BookController#decreaseStock(Long, int)
2026-04-29 12:07:41.106 [http-nio-8080-exec-2] INFO  [ca30a15d] [PATCH] [/api/v1/books/3/stock/decrease] [127.0.0.1] c.o.s.s.e.controller.BookController - [s1][BookController] 재고 감소 요청 - 도서 ID: 3, 감소 수량: 10
2026-04-29 12:07:41.106 [http-nio-8080-exec-2] DEBUG [ca30a15d] [PATCH] [/api/v1/books/3/stock/decrease] [127.0.0.1] c.o.s.s.e.service.BookService - 재고 감소 시작 - 도서 ID: 3, 감소 수량: 10
2026-04-29 12:07:41.106 [http-nio-8080-exec-2] DEBUG [ca30a15d] [PATCH] [/api/v1/books/3/stock/decrease] [127.0.0.1] org.hibernate.SQL - 
    select
        b1_0.book_id,
        b1_0.author,
        b1_0.available,
        b1_0.isbn,
        b1_0.publish_date,
        b1_0.publisher,
        b1_0.stock_quantity,
        b1_0.title 
    from
        tbl_book b1_0 
    where
        b1_0.book_id=?
2026-04-29 12:07:41.107 [http-nio-8080-exec-2] DEBUG [ca30a15d] [PATCH] [/api/v1/books/3/stock/decrease] [127.0.0.1] o.s.w.s.m.m.a.ExceptionHandlerExceptionResolver - Using @ExceptionHandler com.ohgiraffers.stability.section01.exception.handler.GlobalExceptionHandler#handleInsufficientStockException(InsufficientStockException, HttpServletRequest)
2026-04-29 12:07:41.107 [http-nio-8080-exec-2] WARN  [ca30a15d] [PATCH] [/api/v1/books/3/stock/decrease] [127.0.0.1] c.o.s.s.e.h.GlobalExceptionHandler - [s1][GlobalExceptionHandler] 재고 부족: 재고가 부족합니다. 도서: Effective Java 3/E, 요청 수량: 10, 현재 재고: 3
2026-04-29 12:07:41.108 [http-nio-8080-exec-2] DEBUG [ca30a15d] [PATCH] [/api/v1/books/3/stock/decrease] [127.0.0.1] o.s.w.s.m.m.a.HttpEntityMethodProcessor - Using 'application/json', given [*/*] and supported [application/json, application/*+json]
2026-04-29 12:07:41.108 [http-nio-8080-exec-2] DEBUG [ca30a15d] [PATCH] [/api/v1/books/3/stock/decrease] [127.0.0.1] o.s.w.s.m.m.a.HttpEntityMethodProcessor - Writing [ErrorResponse{errorCode='INSUFFICIENT_STOCK', message='재고가 부족합니다. 도서: Effective Java 3/E, 요청 수량: 10, (truncated)...]
2026-04-29 12:07:41.108 [http-nio-8080-exec-2] WARN  [ca30a15d] [PATCH] [/api/v1/books/3/stock/decrease] [127.0.0.1] o.s.w.s.m.m.a.ExceptionHandlerExceptionResolver - Resolved [com.ohgiraffers.stability.section01.exception.exception.InsufficientStockException: 재고가 부족합니다. 도서: Effective Java 3/E, 요청 수량: 10, 현재 재고: 3]
2026-04-29 12:07:41.109 [http-nio-8080-exec-2] DEBUG [ca30a15d] [PATCH] [/api/v1/books/3/stock/decrease] [127.0.0.1] o.s.web.servlet.DispatcherServlet - Completed 400 BAD_REQUEST
2026-04-29 12:07:41.128 [http-nio-8080-exec-3] DEBUG [1487dfab] [PATCH] [/api/v1/books/3/stock/decrease] [127.0.0.1] o.s.web.servlet.DispatcherServlet - PATCH "/api/v1/books/3/stock/decrease?quantity=3", parameters={masked}
2026-04-29 12:07:41.129 [http-nio-8080-exec-3] DEBUG [1487dfab] [PATCH] [/api/v1/books/3/stock/decrease] [127.0.0.1] o.s.w.s.m.m.a.RequestMappingHandlerMapping - Mapped to com.ohgiraffers.stability.section01.exception.controller.BookController#decreaseStock(Long, int)
2026-04-29 12:07:41.129 [http-nio-8080-exec-3] INFO  [1487dfab] [PATCH] [/api/v1/books/3/stock/decrease] [127.0.0.1] c.o.s.s.e.controller.BookController - [s1][BookController] 재고 감소 요청 - 도서 ID: 3, 감소 수량: 3
2026-04-29 12:07:41.129 [http-nio-8080-exec-3] DEBUG [1487dfab] [PATCH] [/api/v1/books/3/stock/decrease] [127.0.0.1] c.o.s.s.e.service.BookService - 재고 감소 시작 - 도서 ID: 3, 감소 수량: 3
2026-04-29 12:07:41.130 [http-nio-8080-exec-3] DEBUG [1487dfab] [PATCH] [/api/v1/books/3/stock/decrease] [127.0.0.1] org.hibernate.SQL - 
    select
        b1_0.book_id,
        b1_0.author,
        b1_0.available,
        b1_0.isbn,
        b1_0.publish_date,
        b1_0.publisher,
        b1_0.stock_quantity,
        b1_0.title 
    from
        tbl_book b1_0 
    where
        b1_0.book_id=?
2026-04-29 12:07:41.130 [http-nio-8080-exec-3] INFO  [1487dfab] [PATCH] [/api/v1/books/3/stock/decrease] [127.0.0.1] c.o.s.s.e.service.BookService - [s1][BookService] 재고 감소 완료 - 도서 ID: 3, 현재 재고: 0
2026-04-29 12:07:41.131 [http-nio-8080-exec-3] DEBUG [1487dfab] [PATCH] [/api/v1/books/3/stock/decrease] [127.0.0.1] org.hibernate.SQL - 
    update
        tbl_book 
    set
        author=?,
        available=?,
        isbn=?,
        publish_date=?,
        publisher=?,
        stock_quantity=?,
        title=? 
    where
        book_id=?
2026-04-29 12:07:41.132 [http-nio-8080-exec-3] INFO  [1487dfab] [PATCH] [/api/v1/books/3/stock/decrease] [127.0.0.1] c.o.s.s.e.controller.BookController - [s1][BookController] 재고 감소 완료 - 도서 ID: 3, 현재 재고: 0
2026-04-29 12:07:41.132 [http-nio-8080-exec-3] DEBUG [1487dfab] [PATCH] [/api/v1/books/3/stock/decrease] [127.0.0.1] o.s.w.s.m.m.a.HttpEntityMethodProcessor - Using 'application/json', given [*/*] and supported [application/json, application/*+json]
2026-04-29 12:07:41.132 [http-nio-8080-exec-3] DEBUG [1487dfab] [PATCH] [/api/v1/books/3/stock/decrease] [127.0.0.1] o.s.w.s.m.m.a.HttpEntityMethodProcessor - Writing [BookDTO{bookId=3, isbn='9788960773417', title='Effective Java 3/E', author='조슈아 블로크', publisher='인사이 (truncated)...]
2026-04-29 12:07:41.133 [http-nio-8080-exec-3] DEBUG [1487dfab] [PATCH] [/api/v1/books/3/stock/decrease] [127.0.0.1] o.s.web.servlet.DispatcherServlet - Completed 200 OK
2026-04-29 12:07:41.156 [http-nio-8080-exec-4] DEBUG [90a20e56] [PATCH] [/api/v1/books/1/stock/increase] [127.0.0.1] o.s.web.servlet.DispatcherServlet - PATCH "/api/v1/books/1/stock/increase?quantity=-5", parameters={masked}
2026-04-29 12:07:41.156 [http-nio-8080-exec-4] DEBUG [90a20e56] [PATCH] [/api/v1/books/1/stock/increase] [127.0.0.1] o.s.w.s.m.m.a.RequestMappingHandlerMapping - Mapped to com.ohgiraffers.stability.section01.exception.controller.BookController#increaseStock(Long, int)
2026-04-29 12:07:41.156 [http-nio-8080-exec-4] INFO  [90a20e56] [PATCH] [/api/v1/books/1/stock/increase] [127.0.0.1] c.o.s.s.e.controller.BookController - [s1][BookController] 재고 증가 요청 - 도서 ID: 1, 증가 수량: -5
2026-04-29 12:07:41.156 [http-nio-8080-exec-4] DEBUG [90a20e56] [PATCH] [/api/v1/books/1/stock/increase] [127.0.0.1] c.o.s.s.e.service.BookService - 재고 증가 시작 - 도서 ID: 1, 증가 수량: -5
2026-04-29 12:07:41.157 [http-nio-8080-exec-4] DEBUG [90a20e56] [PATCH] [/api/v1/books/1/stock/increase] [127.0.0.1] org.hibernate.SQL - 
    select
        b1_0.book_id,
        b1_0.author,
        b1_0.available,
        b1_0.isbn,
        b1_0.publish_date,
        b1_0.publisher,
        b1_0.stock_quantity,
        b1_0.title 
    from
        tbl_book b1_0 
    where
        b1_0.book_id=?
2026-04-29 12:07:41.157 [http-nio-8080-exec-4] INFO  [90a20e56] [PATCH] [/api/v1/books/1/stock/increase] [127.0.0.1] c.o.s.s.e.service.BookService - [s1][BookService] 재고 증가 완료 - 도서 ID: 1, 현재 재고: 7
2026-04-29 12:07:41.158 [http-nio-8080-exec-4] DEBUG [90a20e56] [PATCH] [/api/v1/books/1/stock/increase] [127.0.0.1] org.hibernate.SQL - 
    update
        tbl_book 
    set
        author=?,
        available=?,
        isbn=?,
        publish_date=?,
        publisher=?,
        stock_quantity=?,
        title=? 
    where
        book_id=?
2026-04-29 12:07:41.158 [http-nio-8080-exec-4] INFO  [90a20e56] [PATCH] [/api/v1/books/1/stock/increase] [127.0.0.1] c.o.s.s.e.controller.BookController - [s1][BookController] 재고 증가 완료 - 도서 ID: 1, 현재 재고: 7
2026-04-29 12:07:41.158 [http-nio-8080-exec-4] DEBUG [90a20e56] [PATCH] [/api/v1/books/1/stock/increase] [127.0.0.1] o.s.w.s.m.m.a.HttpEntityMethodProcessor - Using 'application/json', given [*/*] and supported [application/json, application/*+json]
2026-04-29 12:07:41.159 [http-nio-8080-exec-4] DEBUG [90a20e56] [PATCH] [/api/v1/books/1/stock/increase] [127.0.0.1] o.s.w.s.m.m.a.HttpEntityMethodProcessor - Writing [BookDTO{bookId=1, isbn='9788966262281', title='스프링 부트와 AWS로 혼자 구현하는 웹 서비스 (개정판)', author='이동욱', publ (truncated)...]
2026-04-29 12:07:41.159 [http-nio-8080-exec-4] DEBUG [90a20e56] [PATCH] [/api/v1/books/1/stock/increase] [127.0.0.1] o.s.web.servlet.DispatcherServlet - Completed 200 OK
2026-04-29 12:07:41.181 [http-nio-8080-exec-5] DEBUG [a5e47334] [PATCH] [/api/v1/books/1/stock/decrease] [127.0.0.1] o.s.web.servlet.DispatcherServlet - PATCH "/api/v1/books/1/stock/decrease?quantity=-3", parameters={masked}
2026-04-29 12:07:41.181 [http-nio-8080-exec-5] DEBUG [a5e47334] [PATCH] [/api/v1/books/1/stock/decrease] [127.0.0.1] o.s.w.s.m.m.a.RequestMappingHandlerMapping - Mapped to com.ohgiraffers.stability.section01.exception.controller.BookController#decreaseStock(Long, int)
2026-04-29 12:07:41.182 [http-nio-8080-exec-5] INFO  [a5e47334] [PATCH] [/api/v1/books/1/stock/decrease] [127.0.0.1] c.o.s.s.e.controller.BookController - [s1][BookController] 재고 감소 요청 - 도서 ID: 1, 감소 수량: -3
2026-04-29 12:07:41.182 [http-nio-8080-exec-5] DEBUG [a5e47334] [PATCH] [/api/v1/books/1/stock/decrease] [127.0.0.1] c.o.s.s.e.service.BookService - 재고 감소 시작 - 도서 ID: 1, 감소 수량: -3
2026-04-29 12:07:41.183 [http-nio-8080-exec-5] DEBUG [a5e47334] [PATCH] [/api/v1/books/1/stock/decrease] [127.0.0.1] org.hibernate.SQL - 
    select
        b1_0.book_id,
        b1_0.author,
        b1_0.available,
        b1_0.isbn,
        b1_0.publish_date,
        b1_0.publisher,
        b1_0.stock_quantity,
        b1_0.title 
    from
        tbl_book b1_0 
    where
        b1_0.book_id=?
2026-04-29 12:07:41.183 [http-nio-8080-exec-5] INFO  [a5e47334] [PATCH] [/api/v1/books/1/stock/decrease] [127.0.0.1] c.o.s.s.e.service.BookService - [s1][BookService] 재고 감소 완료 - 도서 ID: 1, 현재 재고: 10
2026-04-29 12:07:41.184 [http-nio-8080-exec-5] DEBUG [a5e47334] [PATCH] [/api/v1/books/1/stock/decrease] [127.0.0.1] org.hibernate.SQL - 
    update
        tbl_book 
    set
        author=?,
        available=?,
        isbn=?,
        publish_date=?,
        publisher=?,
        stock_quantity=?,
        title=? 
    where
        book_id=?
2026-04-29 12:07:41.184 [http-nio-8080-exec-5] INFO  [a5e47334] [PATCH] [/api/v1/books/1/stock/decrease] [127.0.0.1] c.o.s.s.e.controller.BookController - [s1][BookController] 재고 감소 완료 - 도서 ID: 1, 현재 재고: 10
2026-04-29 12:07:41.185 [http-nio-8080-exec-5] DEBUG [a5e47334] [PATCH] [/api/v1/books/1/stock/decrease] [127.0.0.1] o.s.w.s.m.m.a.HttpEntityMethodProcessor - Using 'application/json', given [*/*] and supported [application/json, application/*+json]
2026-04-29 12:07:41.185 [http-nio-8080-exec-5] DEBUG [a5e47334] [PATCH] [/api/v1/books/1/stock/decrease] [127.0.0.1] o.s.w.s.m.m.a.HttpEntityMethodProcessor - Writing [BookDTO{bookId=1, isbn='9788966262281', title='스프링 부트와 AWS로 혼자 구현하는 웹 서비스 (개정판)', author='이동욱', publ (truncated)...]
2026-04-29 12:07:41.186 [http-nio-8080-exec-5] DEBUG [a5e47334] [PATCH] [/api/v1/books/1/stock/decrease] [127.0.0.1] o.s.web.servlet.DispatcherServlet - Completed 200 OK
2026-04-29 12:07:41.234 [http-nio-8080-exec-6] DEBUG [8f62dcfa] [POST] [/api/v1/books] [127.0.0.1] o.s.web.servlet.DispatcherServlet - POST "/api/v1/books", parameters={}
2026-04-29 12:07:41.235 [http-nio-8080-exec-6] DEBUG [8f62dcfa] [POST] [/api/v1/books] [127.0.0.1] o.s.w.s.m.m.a.RequestMappingHandlerMapping - Mapped to com.ohgiraffers.stability.section01.exception.controller.BookController#registerBook(BookDTO)
2026-04-29 12:07:41.237 [http-nio-8080-exec-6] DEBUG [8f62dcfa] [POST] [/api/v1/books] [127.0.0.1] o.s.web.method.HandlerMethod - Could not resolve parameter [0] in public org.springframework.http.ResponseEntity<com.ohgiraffers.stability.section01.exception.dto.BookDTO> com.ohgiraffers.stability.section01.exception.controller.BookController.registerBook(com.ohgiraffers.stability.section01.exception.dto.BookDTO): JSON parse error: Cannot deserialize value of type `java.time.LocalDate` from String "잘못된 날짜 형식": Failed to deserialize java.time.LocalDate: (java.time.format.DateTimeParseException) Text '잘못된 날짜 형식' could not be parsed at index 0
2026-04-29 12:07:41.237 [http-nio-8080-exec-6] DEBUG [8f62dcfa] [POST] [/api/v1/books] [127.0.0.1] o.s.w.s.m.m.a.ExceptionHandlerExceptionResolver - Using @ExceptionHandler com.ohgiraffers.stability.section01.exception.handler.GlobalExceptionHandler#handleGenericException(Exception, HttpServletRequest)
2026-04-29 12:07:41.238 [http-nio-8080-exec-6] ERROR [8f62dcfa] [POST] [/api/v1/books] [127.0.0.1] c.o.s.s.e.h.GlobalExceptionHandler - [s1][GlobalExceptionHandler] 예상하지 못한 오류 발생
org.springframework.http.converter.HttpMessageNotReadableException: JSON parse error: Cannot deserialize value of type `java.time.LocalDate` from String "잘못된 날짜 형식": Failed to deserialize java.time.LocalDate: (java.time.format.DateTimeParseException) Text '잘못된 날짜 형식' could not be parsed at index 0
	at org.springframework.http.converter.json.AbstractJackson2HttpMessageConverter.readJavaType(AbstractJackson2HttpMessageConverter.java:408)
	at org.springframework.http.converter.json.AbstractJackson2HttpMessageConverter.read(AbstractJackson2HttpMessageConverter.java:356)
	at org.springframework.web.servlet.mvc.method.annotation.AbstractMessageConverterMethodArgumentResolver.readWithMessageConverters(AbstractMessageConverterMethodArgumentResolver.java:204)
	at org.springframework.web.servlet.mvc.method.annotation.RequestResponseBodyMethodProcessor.readWithMessageConverters(RequestResponseBodyMethodProcessor.java:176)
	at org.springframework.web.servlet.mvc.method.annotation.RequestResponseBodyMethodProcessor.resolveArgument(RequestResponseBodyMethodProcessor.java:150)
	at org.springframework.web.method.support.HandlerMethodArgumentResolverComposite.resolveArgument(HandlerMethodArgumentResolverComposite.java:122)
	at org.springframework.web.method.support.InvocableHandlerMethod.getMethodArgumentValues(InvocableHandlerMethod.java:227)
	at org.springframework.web.method.support.InvocableHandlerMethod.invokeForRequest(InvocableHandlerMethod.java:181)
	at org.springframework.web.servlet.mvc.method.annotation.ServletInvocableHandlerMethod.invokeAndHandle(ServletInvocableHandlerMethod.java:118)
	at org.springframework.web.servlet.mvc.method.annotation.RequestMappingHandlerAdapter.invokeHandlerMethod(RequestMappingHandlerAdapter.java:991)
	at org.springframework.web.servlet.mvc.method.annotation.RequestMappingHandlerAdapter.handleInternal(RequestMappingHandlerAdapter.java:896)
	at org.springframework.web.servlet.mvc.method.AbstractHandlerMethodAdapter.handle(AbstractHandlerMethodAdapter.java:87)
	at org.springframework.web.servlet.DispatcherServlet.doDispatch(DispatcherServlet.java:1089)
	at org.springframework.web.servlet.DispatcherServlet.doService(DispatcherServlet.java:979)
	at org.springframework.web.servlet.FrameworkServlet.processRequest(FrameworkServlet.java:1014)
	at org.springframework.web.servlet.FrameworkServlet.doPost(FrameworkServlet.java:914)
	at jakarta.servlet.http.HttpServlet.service(HttpServlet.java:590)
	at org.springframework.web.servlet.FrameworkServlet.service(FrameworkServlet.java:885)
	at jakarta.servlet.http.HttpServlet.service(HttpServlet.java:658)
	at org.apache.catalina.core.ApplicationFilterChain.internalDoFilter(ApplicationFilterChain.java:193)
	at org.apache.catalina.core.ApplicationFilterChain.doFilter(ApplicationFilterChain.java:138)
	at org.apache.tomcat.websocket.server.WsFilter.doFilter(WsFilter.java:51)
	at org.apache.catalina.core.ApplicationFilterChain.internalDoFilter(ApplicationFilterChain.java:162)
	at org.apache.catalina.core.ApplicationFilterChain.doFilter(ApplicationFilterChain.java:138)
	at com.ohgiraffers.stability.section02.logging.config.LoggingConfig$1.doFilterInternal(LoggingConfig.java:78)
	at org.springframework.web.filter.OncePerRequestFilter.doFilter(OncePerRequestFilter.java:116)
	at org.apache.catalina.core.ApplicationFilterChain.internalDoFilter(ApplicationFilterChain.java:162)
	at org.apache.catalina.core.ApplicationFilterChain.doFilter(ApplicationFilterChain.java:138)
	at org.springframework.web.filter.RequestContextFilter.doFilterInternal(RequestContextFilter.java:100)
	at org.springframework.web.filter.OncePerRequestFilter.doFilter(OncePerRequestFilter.java:116)
	at org.apache.catalina.core.ApplicationFilterChain.internalDoFilter(ApplicationFilterChain.java:162)
	at org.apache.catalina.core.ApplicationFilterChain.doFilter(ApplicationFilterChain.java:138)
	at org.springframework.web.filter.FormContentFilter.doFilterInternal(FormContentFilter.java:93)
	at org.springframework.web.filter.OncePerRequestFilter.doFilter(OncePerRequestFilter.java:116)
	at org.apache.catalina.core.ApplicationFilterChain.internalDoFilter(ApplicationFilterChain.java:162)
	at org.apache.catalina.core.ApplicationFilterChain.doFilter(ApplicationFilterChain.java:138)
	at org.springframework.web.filter.CharacterEncodingFilter.doFilterInternal(CharacterEncodingFilter.java:201)
	at org.springframework.web.filter.OncePerRequestFilter.doFilter(OncePerRequestFilter.java:116)
	at org.apache.catalina.core.ApplicationFilterChain.internalDoFilter(ApplicationFilterChain.java:162)
	at org.apache.catalina.core.ApplicationFilterChain.doFilter(ApplicationFilterChain.java:138)
	at org.apache.catalina.core.StandardWrapperValve.invoke(StandardWrapperValve.java:165)
	at org.apache.catalina.core.StandardContextValve.invoke(StandardContextValve.java:88)
	at org.apache.catalina.authenticator.AuthenticatorBase.invoke(AuthenticatorBase.java:482)
	at org.apache.catalina.core.StandardHostValve.invoke(StandardHostValve.java:113)
	at org.apache.catalina.valves.ErrorReportValve.invoke(ErrorReportValve.java:83)
	at org.apache.catalina.core.StandardEngineValve.invoke(StandardEngineValve.java:72)
	at org.apache.catalina.connector.CoyoteAdapter.service(CoyoteAdapter.java:342)
	at org.apache.coyote.http11.Http11Processor.service(Http11Processor.java:399)
	at org.apache.coyote.AbstractProcessorLight.process(AbstractProcessorLight.java:63)
	at org.apache.coyote.AbstractProtocol$ConnectionHandler.process(AbstractProtocol.java:903)
	at org.apache.tomcat.util.net.NioEndpoint$SocketProcessor.doRun(NioEndpoint.java:1774)
	at org.apache.tomcat.util.net.SocketProcessorBase.run(SocketProcessorBase.java:52)
	at org.apache.tomcat.util.threads.ThreadPoolExecutor.runWorker(ThreadPoolExecutor.java:973)
	at org.apache.tomcat.util.threads.ThreadPoolExecutor$Worker.run(ThreadPoolExecutor.java:491)
	at org.apache.tomcat.util.threads.TaskThread$WrappingRunnable.run(TaskThread.java:63)
	at java.base/java.lang.Thread.run(Thread.java:840)
Caused by: com.fasterxml.jackson.databind.exc.InvalidFormatException: Cannot deserialize value of type `java.time.LocalDate` from String "잘못된 날짜 형식": Failed to deserialize java.time.LocalDate: (java.time.format.DateTimeParseException) Text '잘못된 날짜 형식' could not be parsed at index 0
 at [Source: REDACTED (`StreamReadFeature.INCLUDE_SOURCE_IN_LOCATION` disabled); line: 6, column: 18] (through reference chain: com.ohgiraffers.stability.section01.exception.dto.BookDTO["publishDate"])
	at com.fasterxml.jackson.databind.exc.InvalidFormatException.from(InvalidFormatException.java:67)
	at com.fasterxml.jackson.databind.DeserializationContext.weirdStringException(DeserializationContext.java:1959)
	at com.fasterxml.jackson.databind.DeserializationContext.handleWeirdStringValue(DeserializationContext.java:1245)
	at com.fasterxml.jackson.datatype.jsr310.deser.JSR310DeserializerBase._handleDateTimeException(JSR310DeserializerBase.java:176)
	at com.fasterxml.jackson.datatype.jsr310.deser.LocalDateDeserializer._fromString(LocalDateDeserializer.java:178)
	at com.fasterxml.jackson.datatype.jsr310.deser.LocalDateDeserializer.deserialize(LocalDateDeserializer.java:91)
	at com.fasterxml.jackson.datatype.jsr310.deser.LocalDateDeserializer.deserialize(LocalDateDeserializer.java:37)
	at com.fasterxml.jackson.databind.deser.impl.MethodProperty.deserializeAndSet(MethodProperty.java:129)
	at com.fasterxml.jackson.databind.deser.BeanDeserializer.deserializeFromObject(BeanDeserializer.java:399)
	at com.fasterxml.jackson.databind.deser.BeanDeserializer.deserialize(BeanDeserializer.java:185)
	at com.fasterxml.jackson.databind.deser.DefaultDeserializationContext.readRootValue(DefaultDeserializationContext.java:342)
	at com.fasterxml.jackson.databind.ObjectReader._bindAndClose(ObjectReader.java:2131)
	at com.fasterxml.jackson.databind.ObjectReader.readValue(ObjectReader.java:1501)
	at org.springframework.http.converter.json.AbstractJackson2HttpMessageConverter.readJavaType(AbstractJackson2HttpMessageConverter.java:397)
	... 55 common frames omitted
Caused by: java.time.format.DateTimeParseException: Text '잘못된 날짜 형식' could not be parsed at index 0
	at java.base/java.time.format.DateTimeFormatter.parseResolved0(DateTimeFormatter.java:2052)
	at java.base/java.time.format.DateTimeFormatter.parse(DateTimeFormatter.java:1954)
	at java.base/java.time.LocalDate.parse(LocalDate.java:430)
	at com.fasterxml.jackson.datatype.jsr310.deser.LocalDateDeserializer._fromString(LocalDateDeserializer.java:176)
	... 64 common frames omitted
2026-04-29 12:07:41.238 [http-nio-8080-exec-6] DEBUG [8f62dcfa] [POST] [/api/v1/books] [127.0.0.1] o.s.w.s.m.m.a.HttpEntityMethodProcessor - Using 'application/json', given [*/*] and supported [application/json, application/*+json]
2026-04-29 12:07:41.238 [http-nio-8080-exec-6] DEBUG [8f62dcfa] [POST] [/api/v1/books] [127.0.0.1] o.s.w.s.m.m.a.HttpEntityMethodProcessor - Writing [ErrorResponse{errorCode='INTERNAL_SERVER_ERROR', message='서버 내부 오류가 발생했습니다.', timestamp=2026-04-29T1 (truncated)...]
2026-04-29 12:07:41.239 [http-nio-8080-exec-6] WARN  [8f62dcfa] [POST] [/api/v1/books] [127.0.0.1] o.s.w.s.m.m.a.ExceptionHandlerExceptionResolver - Resolved [org.springframework.http.converter.HttpMessageNotReadableException: JSON parse error: Cannot deserialize value of type `java.time.LocalDate` from String "잘못된 날짜 형식": Failed to deserialize java.time.LocalDate: (java.time.format.DateTimeParseException) Text '잘못된 날짜 형식' could not be parsed at index 0]
2026-04-29 12:07:41.239 [http-nio-8080-exec-6] DEBUG [8f62dcfa] [POST] [/api/v1/books] [127.0.0.1] o.s.web.servlet.DispatcherServlet - Completed 500 INTERNAL_SERVER_ERROR
2026-04-29 12:07:41.260 [http-nio-8080-exec-7] DEBUG [65538760] [POST] [/api/v1/books] [127.0.0.1] o.s.web.servlet.DispatcherServlet - POST "/api/v1/books", parameters={}
2026-04-29 12:07:41.260 [http-nio-8080-exec-7] DEBUG [65538760] [POST] [/api/v1/books] [127.0.0.1] o.s.w.s.m.m.a.RequestMappingHandlerMapping - Mapped to com.ohgiraffers.stability.section01.exception.controller.BookController#registerBook(BookDTO)
2026-04-29 12:07:41.260 [http-nio-8080-exec-7] DEBUG [65538760] [POST] [/api/v1/books] [127.0.0.1] o.s.w.s.m.m.a.RequestResponseBodyMethodProcessor - Read "application/json;charset=UTF-8" to [BookDTO{bookId=null, isbn='null', title='제목만 있는 도서', author='null', publisher='null', publishDate=nu (truncated)...]
2026-04-29 12:07:41.260 [http-nio-8080-exec-7] INFO  [65538760] [POST] [/api/v1/books] [127.0.0.1] c.o.s.s.e.controller.BookController - [s1][BookController] 도서 등록 요청 - ISBN: null, 제목: 제목만 있는 도서
2026-04-29 12:07:41.260 [http-nio-8080-exec-7] DEBUG [65538760] [POST] [/api/v1/books] [127.0.0.1] c.o.s.s.e.service.BookService - 도서 등록 시작 - ISBN: null, 제목: 제목만 있는 도서
2026-04-29 12:07:41.264 [http-nio-8080-exec-7] DEBUG [65538760] [POST] [/api/v1/books] [127.0.0.1] org.hibernate.SQL - 
    select
        b1_0.book_id 
    from
        tbl_book b1_0 
    where
        b1_0.isbn is null 
    fetch
        first ? rows only
2026-04-29 12:07:41.265 [http-nio-8080-exec-7] DEBUG [65538760] [POST] [/api/v1/books] [127.0.0.1] org.hibernate.SQL - 
    insert 
    into
        tbl_book
        (author, available, isbn, publish_date, publisher, stock_quantity, title, book_id) 
    values
        (?, ?, ?, ?, ?, ?, ?, default)
2026-04-29 12:07:41.266 [http-nio-8080-exec-7] WARN  [65538760] [POST] [/api/v1/books] [127.0.0.1] o.h.e.jdbc.spi.SqlExceptionHelper - SQL Error: 23502, SQLState: 23502
2026-04-29 12:07:41.266 [http-nio-8080-exec-7] ERROR [65538760] [POST] [/api/v1/books] [127.0.0.1] o.h.e.jdbc.spi.SqlExceptionHelper - NULL not allowed for column "PUBLISH_DATE"; SQL statement:
insert into tbl_book (author,available,isbn,publish_date,publisher,stock_quantity,title,book_id) values (?,?,?,?,?,?,?,default) [23502-232]
2026-04-29 12:07:41.272 [http-nio-8080-exec-7] DEBUG [65538760] [POST] [/api/v1/books] [127.0.0.1] o.s.w.s.m.m.a.ExceptionHandlerExceptionResolver - Using @ExceptionHandler com.ohgiraffers.stability.section01.exception.handler.GlobalExceptionHandler#handleGenericException(Exception, HttpServletRequest)
2026-04-29 12:07:41.272 [http-nio-8080-exec-7] ERROR [65538760] [POST] [/api/v1/books] [127.0.0.1] c.o.s.s.e.h.GlobalExceptionHandler - [s1][GlobalExceptionHandler] 예상하지 못한 오류 발생
org.springframework.dao.DataIntegrityViolationException: could not execute statement [NULL not allowed for column "PUBLISH_DATE"; SQL statement:
insert into tbl_book (author,available,isbn,publish_date,publisher,stock_quantity,title,book_id) values (?,?,?,?,?,?,?,default) [23502-232]] [insert into tbl_book (author,available,isbn,publish_date,publisher,stock_quantity,title,book_id) values (?,?,?,?,?,?,?,default)]; SQL [insert into tbl_book (author,available,isbn,publish_date,publisher,stock_quantity,title,book_id) values (?,?,?,?,?,?,?,default)]; constraint [null]
	at org.springframework.orm.jpa.vendor.HibernateJpaDialect.convertHibernateAccessException(HibernateJpaDialect.java:294)
	at org.springframework.orm.jpa.vendor.HibernateJpaDialect.convertHibernateAccessException(HibernateJpaDialect.java:256)
	at org.springframework.orm.jpa.vendor.HibernateJpaDialect.translateExceptionIfPossible(HibernateJpaDialect.java:241)
	at org.springframework.orm.jpa.AbstractEntityManagerFactoryBean.translateExceptionIfPossible(AbstractEntityManagerFactoryBean.java:560)
	at org.springframework.dao.support.ChainedPersistenceExceptionTranslator.translateExceptionIfPossible(ChainedPersistenceExceptionTranslator.java:61)
	at org.springframework.dao.support.DataAccessUtils.translateIfNecessary(DataAccessUtils.java:343)
	at org.springframework.dao.support.PersistenceExceptionTranslationInterceptor.invoke(PersistenceExceptionTranslationInterceptor.java:160)
	at org.springframework.aop.framework.ReflectiveMethodInvocation.proceed(ReflectiveMethodInvocation.java:184)
	at org.springframework.data.jpa.repository.support.CrudMethodMetadataPostProcessor$CrudMethodMetadataPopulatingMethodInterceptor.invoke(CrudMethodMetadataPostProcessor.java:165)
	at org.springframework.aop.framework.ReflectiveMethodInvocation.proceed(ReflectiveMethodInvocation.java:184)
	at org.springframework.aop.framework.JdkDynamicAopProxy.invoke(JdkDynamicAopProxy.java:223)
	at jdk.proxy8/jdk.proxy8.$Proxy184.save(Unknown Source)
	at com.ohgiraffers.stability.section01.exception.service.BookService.registerBook(BookService.java:142)
	at java.base/jdk.internal.reflect.NativeMethodAccessorImpl.invoke0(Native Method)
	at java.base/jdk.internal.reflect.NativeMethodAccessorImpl.invoke(NativeMethodAccessorImpl.java:77)
	at java.base/jdk.internal.reflect.DelegatingMethodAccessorImpl.invoke(DelegatingMethodAccessorImpl.java:43)
	at java.base/java.lang.reflect.Method.invoke(Method.java:569)
	at org.springframework.aop.support.AopUtils.invokeJoinpointUsingReflection(AopUtils.java:360)
	at org.springframework.aop.framework.ReflectiveMethodInvocation.invokeJoinpoint(ReflectiveMethodInvocation.java:196)
	at org.springframework.aop.framework.ReflectiveMethodInvocation.proceed(ReflectiveMethodInvocation.java:163)
	at org.springframework.transaction.interceptor.TransactionAspectSupport.invokeWithinTransaction(TransactionAspectSupport.java:380)
	at org.springframework.transaction.interceptor.TransactionInterceptor.invoke(TransactionInterceptor.java:119)
	at org.springframework.aop.framework.ReflectiveMethodInvocation.proceed(ReflectiveMethodInvocation.java:184)
	at org.springframework.aop.framework.CglibAopProxy$DynamicAdvisedInterceptor.intercept(CglibAopProxy.java:728)
	at com.ohgiraffers.stability.section01.exception.service.BookService$$SpringCGLIB$$0.registerBook(<generated>)
	at com.ohgiraffers.stability.section01.exception.controller.BookController.registerBook(BookController.java:110)
	at java.base/jdk.internal.reflect.NativeMethodAccessorImpl.invoke0(Native Method)
	at java.base/jdk.internal.reflect.NativeMethodAccessorImpl.invoke(NativeMethodAccessorImpl.java:77)
	at java.base/jdk.internal.reflect.DelegatingMethodAccessorImpl.invoke(DelegatingMethodAccessorImpl.java:43)
	at java.base/java.lang.reflect.Method.invoke(Method.java:569)
	at org.springframework.web.method.support.InvocableHandlerMethod.doInvoke(InvocableHandlerMethod.java:258)
	at org.springframework.web.method.support.InvocableHandlerMethod.invokeForRequest(InvocableHandlerMethod.java:191)
	at org.springframework.web.servlet.mvc.method.annotation.ServletInvocableHandlerMethod.invokeAndHandle(ServletInvocableHandlerMethod.java:118)
	at org.springframework.web.servlet.mvc.method.annotation.RequestMappingHandlerAdapter.invokeHandlerMethod(RequestMappingHandlerAdapter.java:991)
	at org.springframework.web.servlet.mvc.method.annotation.RequestMappingHandlerAdapter.handleInternal(RequestMappingHandlerAdapter.java:896)
	at org.springframework.web.servlet.mvc.method.AbstractHandlerMethodAdapter.handle(AbstractHandlerMethodAdapter.java:87)
	at org.springframework.web.servlet.DispatcherServlet.doDispatch(DispatcherServlet.java:1089)
	at org.springframework.web.servlet.DispatcherServlet.doService(DispatcherServlet.java:979)
	at org.springframework.web.servlet.FrameworkServlet.processRequest(FrameworkServlet.java:1014)
	at org.springframework.web.servlet.FrameworkServlet.doPost(FrameworkServlet.java:914)
	at jakarta.servlet.http.HttpServlet.service(HttpServlet.java:590)
	at org.springframework.web.servlet.FrameworkServlet.service(FrameworkServlet.java:885)
	at jakarta.servlet.http.HttpServlet.service(HttpServlet.java:658)
	at org.apache.catalina.core.ApplicationFilterChain.internalDoFilter(ApplicationFilterChain.java:193)
	at org.apache.catalina.core.ApplicationFilterChain.doFilter(ApplicationFilterChain.java:138)
	at org.apache.tomcat.websocket.server.WsFilter.doFilter(WsFilter.java:51)
	at org.apache.catalina.core.ApplicationFilterChain.internalDoFilter(ApplicationFilterChain.java:162)
	at org.apache.catalina.core.ApplicationFilterChain.doFilter(ApplicationFilterChain.java:138)
	at com.ohgiraffers.stability.section02.logging.config.LoggingConfig$1.doFilterInternal(LoggingConfig.java:78)
	at org.springframework.web.filter.OncePerRequestFilter.doFilter(OncePerRequestFilter.java:116)
	at org.apache.catalina.core.ApplicationFilterChain.internalDoFilter(ApplicationFilterChain.java:162)
	at org.apache.catalina.core.ApplicationFilterChain.doFilter(ApplicationFilterChain.java:138)
	at org.springframework.web.filter.RequestContextFilter.doFilterInternal(RequestContextFilter.java:100)
	at org.springframework.web.filter.OncePerRequestFilter.doFilter(OncePerRequestFilter.java:116)
	at org.apache.catalina.core.ApplicationFilterChain.internalDoFilter(ApplicationFilterChain.java:162)
	at org.apache.catalina.core.ApplicationFilterChain.doFilter(ApplicationFilterChain.java:138)
	at org.springframework.web.filter.FormContentFilter.doFilterInternal(FormContentFilter.java:93)
	at org.springframework.web.filter.OncePerRequestFilter.doFilter(OncePerRequestFilter.java:116)
	at org.apache.catalina.core.ApplicationFilterChain.internalDoFilter(ApplicationFilterChain.java:162)
	at org.apache.catalina.core.ApplicationFilterChain.doFilter(ApplicationFilterChain.java:138)
	at org.springframework.web.filter.CharacterEncodingFilter.doFilterInternal(CharacterEncodingFilter.java:201)
	at org.springframework.web.filter.OncePerRequestFilter.doFilter(OncePerRequestFilter.java:116)
	at org.apache.catalina.core.ApplicationFilterChain.internalDoFilter(ApplicationFilterChain.java:162)
	at org.apache.catalina.core.ApplicationFilterChain.doFilter(ApplicationFilterChain.java:138)
	at org.apache.catalina.core.StandardWrapperValve.invoke(StandardWrapperValve.java:165)
	at org.apache.catalina.core.StandardContextValve.invoke(StandardContextValve.java:88)
	at org.apache.catalina.authenticator.AuthenticatorBase.invoke(AuthenticatorBase.java:482)
	at org.apache.catalina.core.StandardHostValve.invoke(StandardHostValve.java:113)
	at org.apache.catalina.valves.ErrorReportValve.invoke(ErrorReportValve.java:83)
	at org.apache.catalina.core.StandardEngineValve.invoke(StandardEngineValve.java:72)
	at org.apache.catalina.connector.CoyoteAdapter.service(CoyoteAdapter.java:342)
	at org.apache.coyote.http11.Http11Processor.service(Http11Processor.java:399)
	at org.apache.coyote.AbstractProcessorLight.process(AbstractProcessorLight.java:63)
	at org.apache.coyote.AbstractProtocol$ConnectionHandler.process(AbstractProtocol.java:903)
	at org.apache.tomcat.util.net.NioEndpoint$SocketProcessor.doRun(NioEndpoint.java:1774)
	at org.apache.tomcat.util.net.SocketProcessorBase.run(SocketProcessorBase.java:52)
	at org.apache.tomcat.util.threads.ThreadPoolExecutor.runWorker(ThreadPoolExecutor.java:973)
	at org.apache.tomcat.util.threads.ThreadPoolExecutor$Worker.run(ThreadPoolExecutor.java:491)
	at org.apache.tomcat.util.threads.TaskThread$WrappingRunnable.run(TaskThread.java:63)
	at java.base/java.lang.Thread.run(Thread.java:840)
Caused by: org.hibernate.exception.ConstraintViolationException: could not execute statement [NULL not allowed for column "PUBLISH_DATE"; SQL statement:
insert into tbl_book (author,available,isbn,publish_date,publisher,stock_quantity,title,book_id) values (?,?,?,?,?,?,?,default) [23502-232]] [insert into tbl_book (author,available,isbn,publish_date,publisher,stock_quantity,title,book_id) values (?,?,?,?,?,?,?,default)]
	at org.hibernate.exception.internal.SQLExceptionTypeDelegate.convert(SQLExceptionTypeDelegate.java:62)
	at org.hibernate.exception.internal.StandardSQLExceptionConverter.convert(StandardSQLExceptionConverter.java:58)
	at org.hibernate.engine.jdbc.spi.SqlExceptionHelper.convert(SqlExceptionHelper.java:108)
	at org.hibernate.engine.jdbc.internal.ResultSetReturnImpl.executeUpdate(ResultSetReturnImpl.java:197)
	at org.hibernate.id.insert.GetGeneratedKeysDelegate.performMutation(GetGeneratedKeysDelegate.java:116)
	at org.hibernate.engine.jdbc.mutation.internal.MutationExecutorSingleNonBatched.performNonBatchedOperations(MutationExecutorSingleNonBatched.java:47)
	at org.hibernate.engine.jdbc.mutation.internal.AbstractMutationExecutor.execute(AbstractMutationExecutor.java:55)
	at org.hibernate.persister.entity.mutation.InsertCoordinatorStandard.doStaticInserts(InsertCoordinatorStandard.java:194)
	at org.hibernate.persister.entity.mutation.InsertCoordinatorStandard.coordinateInsert(InsertCoordinatorStandard.java:132)
	at org.hibernate.persister.entity.mutation.InsertCoordinatorStandard.insert(InsertCoordinatorStandard.java:95)
	at org.hibernate.action.internal.EntityIdentityInsertAction.execute(EntityIdentityInsertAction.java:85)
	at org.hibernate.engine.spi.ActionQueue.execute(ActionQueue.java:682)
	at org.hibernate.engine.spi.ActionQueue.addResolvedEntityInsertAction(ActionQueue.java:293)
	at org.hibernate.engine.spi.ActionQueue.addInsertAction(ActionQueue.java:274)
	at org.hibernate.engine.spi.ActionQueue.addAction(ActionQueue.java:324)
	at org.hibernate.event.internal.AbstractSaveEventListener.addInsertAction(AbstractSaveEventListener.java:394)
	at org.hibernate.event.internal.AbstractSaveEventListener.performSaveOrReplicate(AbstractSaveEventListener.java:308)
	at org.hibernate.event.internal.AbstractSaveEventListener.performSave(AbstractSaveEventListener.java:224)
	at org.hibernate.event.internal.AbstractSaveEventListener.saveWithGeneratedId(AbstractSaveEventListener.java:136)
	at org.hibernate.event.internal.DefaultPersistEventListener.entityIsTransient(DefaultPersistEventListener.java:177)
	at org.hibernate.event.internal.DefaultPersistEventListener.persist(DefaultPersistEventListener.java:95)
	at org.hibernate.event.internal.DefaultPersistEventListener.onPersist(DefaultPersistEventListener.java:79)
	at org.hibernate.event.internal.DefaultPersistEventListener.onPersist(DefaultPersistEventListener.java:55)
	at org.hibernate.event.service.internal.EventListenerGroupImpl.fireEventOnEachListener(EventListenerGroupImpl.java:127)
	at org.hibernate.internal.SessionImpl.firePersist(SessionImpl.java:761)
	at org.hibernate.internal.SessionImpl.persist(SessionImpl.java:745)
	at java.base/jdk.internal.reflect.NativeMethodAccessorImpl.invoke0(Native Method)
	at java.base/jdk.internal.reflect.NativeMethodAccessorImpl.invoke(NativeMethodAccessorImpl.java:77)
	at java.base/jdk.internal.reflect.DelegatingMethodAccessorImpl.invoke(DelegatingMethodAccessorImpl.java:43)
	at java.base/java.lang.reflect.Method.invoke(Method.java:569)
	at org.springframework.orm.jpa.ExtendedEntityManagerCreator$ExtendedEntityManagerInvocationHandler.invoke(ExtendedEntityManagerCreator.java:364)
	at jdk.proxy8/jdk.proxy8.$Proxy182.persist(Unknown Source)
	at java.base/jdk.internal.reflect.NativeMethodAccessorImpl.invoke0(Native Method)
	at java.base/jdk.internal.reflect.NativeMethodAccessorImpl.invoke(NativeMethodAccessorImpl.java:77)
	at java.base/jdk.internal.reflect.DelegatingMethodAccessorImpl.invoke(DelegatingMethodAccessorImpl.java:43)
	at java.base/java.lang.reflect.Method.invoke(Method.java:569)
	at org.springframework.orm.jpa.SharedEntityManagerCreator$SharedEntityManagerInvocationHandler.invoke(SharedEntityManagerCreator.java:320)
	at jdk.proxy8/jdk.proxy8.$Proxy182.persist(Unknown Source)
	at org.springframework.data.jpa.repository.support.SimpleJpaRepository.save(SimpleJpaRepository.java:636)
	at java.base/jdk.internal.reflect.NativeMethodAccessorImpl.invoke0(Native Method)
	at java.base/jdk.internal.reflect.NativeMethodAccessorImpl.invoke(NativeMethodAccessorImpl.java:77)
	at java.base/jdk.internal.reflect.DelegatingMethodAccessorImpl.invoke(DelegatingMethodAccessorImpl.java:43)
	at java.base/java.lang.reflect.Method.invoke(Method.java:569)
	at org.springframework.aop.support.AopUtils.invokeJoinpointUsingReflection(AopUtils.java:360)
	at org.springframework.data.repository.core.support.RepositoryMethodInvoker$RepositoryFragmentMethodInvoker.lambda$new$0(RepositoryMethodInvoker.java:277)
	at org.springframework.data.repository.core.support.RepositoryMethodInvoker.doInvoke(RepositoryMethodInvoker.java:170)
	at org.springframework.data.repository.core.support.RepositoryMethodInvoker.invoke(RepositoryMethodInvoker.java:158)
	at org.springframework.data.repository.core.support.RepositoryComposition$RepositoryFragments.invoke(RepositoryComposition.java:515)
	at org.springframework.data.repository.core.support.RepositoryComposition.invoke(RepositoryComposition.java:284)
	at org.springframework.data.repository.core.support.RepositoryFactorySupport$ImplementationMethodExecutionInterceptor.invoke(RepositoryFactorySupport.java:731)
	at org.springframework.aop.framework.ReflectiveMethodInvocation.proceed(ReflectiveMethodInvocation.java:184)
	at org.springframework.data.repository.core.support.QueryExecutorMethodInterceptor.doInvoke(QueryExecutorMethodInterceptor.java:174)
	at org.springframework.data.repository.core.support.QueryExecutorMethodInterceptor.invoke(QueryExecutorMethodInterceptor.java:149)
	at org.springframework.aop.framework.ReflectiveMethodInvocation.proceed(ReflectiveMethodInvocation.java:184)
	at org.springframework.data.projection.DefaultMethodInvokingMethodInterceptor.invoke(DefaultMethodInvokingMethodInterceptor.java:69)
	at org.springframework.aop.framework.ReflectiveMethodInvocation.proceed(ReflectiveMethodInvocation.java:184)
	at org.springframework.transaction.interceptor.TransactionAspectSupport.invokeWithinTransaction(TransactionAspectSupport.java:380)
	at org.springframework.transaction.interceptor.TransactionInterceptor.invoke(TransactionInterceptor.java:119)
	at org.springframework.aop.framework.ReflectiveMethodInvocation.proceed(ReflectiveMethodInvocation.java:184)
	at org.springframework.dao.support.PersistenceExceptionTranslationInterceptor.invoke(PersistenceExceptionTranslationInterceptor.java:138)
	... 73 common frames omitted
Caused by: org.h2.jdbc.JdbcSQLIntegrityConstraintViolationException: NULL not allowed for column "PUBLISH_DATE"; SQL statement:
insert into tbl_book (author,available,isbn,publish_date,publisher,stock_quantity,title,book_id) values (?,?,?,?,?,?,?,default) [23502-232]
	at org.h2.message.DbException.getJdbcSQLException(DbException.java:520)
	at org.h2.message.DbException.getJdbcSQLException(DbException.java:489)
	at org.h2.message.DbException.get(DbException.java:223)
	at org.h2.message.DbException.get(DbException.java:199)
	at org.h2.table.Column.validateConvertUpdateSequence(Column.java:402)
	at org.h2.table.Table.convertInsertRow(Table.java:963)
	at org.h2.command.dml.Insert.insertRows(Insert.java:167)
	at org.h2.command.dml.Insert.update(Insert.java:135)
	at org.h2.command.CommandContainer.executeUpdateWithGeneratedKeys(CommandContainer.java:212)
	at org.h2.command.CommandContainer.update(CommandContainer.java:133)
	at org.h2.command.Command.executeUpdate(Command.java:304)
	at org.h2.command.Command.executeUpdate(Command.java:248)
	at org.h2.jdbc.JdbcPreparedStatement.executeUpdateInternal(JdbcPreparedStatement.java:213)
	at org.h2.jdbc.JdbcPreparedStatement.executeUpdate(JdbcPreparedStatement.java:172)
	at com.zaxxer.hikari.pool.ProxyPreparedStatement.executeUpdate(ProxyPreparedStatement.java:61)
	at com.zaxxer.hikari.pool.HikariProxyPreparedStatement.executeUpdate(HikariProxyPreparedStatement.java)
	at org.hibernate.engine.jdbc.internal.ResultSetReturnImpl.executeUpdate(ResultSetReturnImpl.java:194)
	... 129 common frames omitted
2026-04-29 12:07:41.273 [http-nio-8080-exec-7] DEBUG [65538760] [POST] [/api/v1/books] [127.0.0.1] o.s.w.s.m.m.a.HttpEntityMethodProcessor - Using 'application/json', given [*/*] and supported [application/json, application/*+json]
2026-04-29 12:07:41.273 [http-nio-8080-exec-7] DEBUG [65538760] [POST] [/api/v1/books] [127.0.0.1] o.s.w.s.m.m.a.HttpEntityMethodProcessor - Writing [ErrorResponse{errorCode='INTERNAL_SERVER_ERROR', message='서버 내부 오류가 발생했습니다.', timestamp=2026-04-29T1 (truncated)...]
2026-04-29 12:07:41.274 [http-nio-8080-exec-7] WARN  [65538760] [POST] [/api/v1/books] [127.0.0.1] o.s.w.s.m.m.a.ExceptionHandlerExceptionResolver - Resolved [org.springframework.dao.DataIntegrityViolationException: could not execute statement [NULL not allowed for column "PUBLISH_DATE"; SQL statement:<EOL>insert into tbl_book (author,available,isbn,publish_date,publisher,stock_quantity,title,book_id) values (?,?,?,?,?,?,?,default) [23502-232]] [insert into tbl_book (author,available,isbn,publish_date,publisher,stock_quantity,title,book_id) values (?,?,?,?,?,?,?,default)]; SQL [insert into tbl_book (author,available,isbn,publish_date,publisher,stock_quantity,title,book_id) values (?,?,?,?,?,?,?,default)]; constraint [null]]
2026-04-29 12:07:41.274 [http-nio-8080-exec-7] DEBUG [65538760] [POST] [/api/v1/books] [127.0.0.1] o.s.web.servlet.DispatcherServlet - Completed 500 INTERNAL_SERVER_ERROR
2026-04-29 12:07:41.305 [http-nio-8080-exec-8] DEBUG [1ce01721] [DELETE] [/api/v1/books/2] [127.0.0.1] o.s.web.servlet.DispatcherServlet - DELETE "/api/v1/books/2", parameters={}
2026-04-29 12:07:41.306 [http-nio-8080-exec-8] DEBUG [1ce01721] [DELETE] [/api/v1/books/2] [127.0.0.1] o.s.w.s.m.m.a.RequestMappingHandlerMapping - Mapped to com.ohgiraffers.stability.section01.exception.controller.BookController#deleteBook(Long)
2026-04-29 12:07:41.306 [http-nio-8080-exec-8] INFO  [1ce01721] [DELETE] [/api/v1/books/2] [127.0.0.1] c.o.s.s.e.controller.BookController - [s1][BookController] 도서 삭제 요청 - ID: 2
2026-04-29 12:07:41.306 [http-nio-8080-exec-8] DEBUG [1ce01721] [DELETE] [/api/v1/books/2] [127.0.0.1] c.o.s.s.e.service.BookService - 도서 삭제 시작 - ID: 2
2026-04-29 12:07:41.307 [http-nio-8080-exec-8] DEBUG [1ce01721] [DELETE] [/api/v1/books/2] [127.0.0.1] org.hibernate.SQL - 
    select
        b1_0.book_id,
        b1_0.author,
        b1_0.available,
        b1_0.isbn,
        b1_0.publish_date,
        b1_0.publisher,
        b1_0.stock_quantity,
        b1_0.title 
    from
        tbl_book b1_0 
    where
        b1_0.book_id=?
2026-04-29 12:07:41.310 [http-nio-8080-exec-8] INFO  [1ce01721] [DELETE] [/api/v1/books/2] [127.0.0.1] c.o.s.s.e.service.BookService - [s1][BookService] 도서 삭제 완료 - ID: 2, 제목: Clean Code 클린 코드
2026-04-29 12:07:41.312 [http-nio-8080-exec-8] DEBUG [1ce01721] [DELETE] [/api/v1/books/2] [127.0.0.1] org.hibernate.SQL - 
    delete 
    from
        tbl_book 
    where
        book_id=?
2026-04-29 12:07:41.313 [http-nio-8080-exec-8] INFO  [1ce01721] [DELETE] [/api/v1/books/2] [127.0.0.1] c.o.s.s.e.controller.BookController - [s1][BookController] 도서 삭제 완료 - ID: 2
2026-04-29 12:07:41.314 [http-nio-8080-exec-8] DEBUG [1ce01721] [DELETE] [/api/v1/books/2] [127.0.0.1] o.s.w.s.m.m.a.HttpEntityMethodProcessor - Using 'application/json', given [*/*] and supported [application/json, application/*+json]
2026-04-29 12:07:41.314 [http-nio-8080-exec-8] DEBUG [1ce01721] [DELETE] [/api/v1/books/2] [127.0.0.1] o.s.w.s.m.m.a.HttpEntityMethodProcessor - Nothing to write: null body
2026-04-29 12:07:41.314 [http-nio-8080-exec-8] DEBUG [1ce01721] [DELETE] [/api/v1/books/2] [127.0.0.1] o.s.web.servlet.DispatcherServlet - Completed 204 NO_CONTENT
2026-04-29 12:07:41.328 [http-nio-8080-exec-9] DEBUG [879fbae1] [GET] [/api/v1/books/2] [127.0.0.1] o.s.web.servlet.DispatcherServlet - GET "/api/v1/books/2", parameters={}
2026-04-29 12:07:41.328 [http-nio-8080-exec-9] DEBUG [879fbae1] [GET] [/api/v1/books/2] [127.0.0.1] o.s.w.s.m.m.a.RequestMappingHandlerMapping - Mapped to com.ohgiraffers.stability.section01.exception.controller.BookController#getBookById(Long)
2026-04-29 12:07:41.328 [http-nio-8080-exec-9] INFO  [879fbae1] [GET] [/api/v1/books/2] [127.0.0.1] c.o.s.s.e.controller.BookController - [s1][BookController] 도서 조회 요청 - ID: 2
2026-04-29 12:07:41.328 [http-nio-8080-exec-9] DEBUG [879fbae1] [GET] [/api/v1/books/2] [127.0.0.1] c.o.s.s.e.service.BookService - 도서 조회 시작 - ID: 2
2026-04-29 12:07:41.329 [http-nio-8080-exec-9] DEBUG [879fbae1] [GET] [/api/v1/books/2] [127.0.0.1] org.hibernate.SQL - 
    select
        b1_0.book_id,
        b1_0.author,
        b1_0.available,
        b1_0.isbn,
        b1_0.publish_date,
        b1_0.publisher,
        b1_0.stock_quantity,
        b1_0.title 
    from
        tbl_book b1_0 
    where
        b1_0.book_id=?
2026-04-29 12:07:41.329 [http-nio-8080-exec-9] ERROR [879fbae1] [GET] [/api/v1/books/2] [127.0.0.1] c.o.s.s.e.service.BookService - 도서 조회 실패 - ID: 2: 해당 ID의 도서를 찾을 수 없습니다: 2
2026-04-29 12:07:41.330 [http-nio-8080-exec-9] DEBUG [879fbae1] [GET] [/api/v1/books/2] [127.0.0.1] o.s.w.s.m.m.a.ExceptionHandlerExceptionResolver - Using @ExceptionHandler com.ohgiraffers.stability.section01.exception.handler.GlobalExceptionHandler#handleBookNotFoundException(BookNotFoundException, HttpServletRequest)
2026-04-29 12:07:41.330 [http-nio-8080-exec-9] WARN  [879fbae1] [GET] [/api/v1/books/2] [127.0.0.1] c.o.s.s.e.h.GlobalExceptionHandler - [s1][GlobalExceptionHandler] 도서 조회 실패: 해당 ID의 도서를 찾을 수 없습니다: 2
2026-04-29 12:07:41.330 [http-nio-8080-exec-9] DEBUG [879fbae1] [GET] [/api/v1/books/2] [127.0.0.1] o.s.w.s.m.m.a.HttpEntityMethodProcessor - Using 'application/json', given [*/*] and supported [application/json, application/*+json]
2026-04-29 12:07:41.330 [http-nio-8080-exec-9] DEBUG [879fbae1] [GET] [/api/v1/books/2] [127.0.0.1] o.s.w.s.m.m.a.HttpEntityMethodProcessor - Writing [ErrorResponse{errorCode='BOOK_NOT_FOUND_BY_ID', message='해당 ID의 도서를 찾을 수 없습니다: 2', timestamp=2026-04 (truncated)...]
2026-04-29 12:07:41.330 [http-nio-8080-exec-9] WARN  [879fbae1] [GET] [/api/v1/books/2] [127.0.0.1] o.s.w.s.m.m.a.ExceptionHandlerExceptionResolver - Resolved [com.ohgiraffers.stability.section01.exception.exception.BookNotFoundException: 해당 ID의 도서를 찾을 수 없습니다: 2]
2026-04-29 12:07:41.330 [http-nio-8080-exec-9] DEBUG [879fbae1] [GET] [/api/v1/books/2] [127.0.0.1] o.s.web.servlet.DispatcherServlet - Completed 404 NOT_FOUND
2026-04-29 12:07:41.354 [http-nio-8080-exec-10] DEBUG [c0d51533] [GET] [/api/v1/books] [127.0.0.1] o.s.web.servlet.DispatcherServlet - GET "/api/v1/books", parameters={}
2026-04-29 12:07:41.355 [http-nio-8080-exec-10] DEBUG [c0d51533] [GET] [/api/v1/books] [127.0.0.1] o.s.w.s.m.m.a.RequestMappingHandlerMapping - Mapped to com.ohgiraffers.stability.section01.exception.controller.BookController#getAllBooks()
2026-04-29 12:07:41.355 [http-nio-8080-exec-10] INFO  [c0d51533] [GET] [/api/v1/books] [127.0.0.1] c.o.s.s.e.controller.BookController - [s1][BookController] 전체 도서 목록 조회 요청
2026-04-29 12:07:41.355 [http-nio-8080-exec-10] DEBUG [c0d51533] [GET] [/api/v1/books] [127.0.0.1] c.o.s.s.e.service.BookService - 전체 도서 목록 조회 시작
2026-04-29 12:07:41.356 [http-nio-8080-exec-10] DEBUG [c0d51533] [GET] [/api/v1/books] [127.0.0.1] org.hibernate.SQL - 
    select
        b1_0.book_id,
        b1_0.author,
        b1_0.available,
        b1_0.isbn,
        b1_0.publish_date,
        b1_0.publisher,
        b1_0.stock_quantity,
        b1_0.title 
    from
        tbl_book b1_0
2026-04-29 12:07:41.357 [http-nio-8080-exec-10] DEBUG [c0d51533] [GET] [/api/v1/books] [127.0.0.1] c.o.s.s.e.service.BookService - 전체 도서 목록 조회 완료 - 총 2권
2026-04-29 12:07:41.357 [http-nio-8080-exec-10] DEBUG [c0d51533] [GET] [/api/v1/books] [127.0.0.1] c.o.s.s.e.service.BookService - 전체 도서 목록 조회 종료
2026-04-29 12:07:41.357 [http-nio-8080-exec-10] INFO  [c0d51533] [GET] [/api/v1/books] [127.0.0.1] c.o.s.s.e.controller.BookController - [s1][BookController] 전체 도서 목록 조회 완료 - 총 2권
2026-04-29 12:07:41.357 [http-nio-8080-exec-10] DEBUG [c0d51533] [GET] [/api/v1/books] [127.0.0.1] o.s.w.s.m.m.a.HttpEntityMethodProcessor - Using 'application/json', given [*/*] and supported [application/json, application/*+json]
2026-04-29 12:07:41.357 [http-nio-8080-exec-10] DEBUG [c0d51533] [GET] [/api/v1/books] [127.0.0.1] o.s.w.s.m.m.a.HttpEntityMethodProcessor - Writing [[BookDTO{bookId=1, isbn='9788966262281', title='스프링 부트와 AWS로 혼자 구현하는 웹 서비스 (개정판)', author='이동욱', pub (truncated)...]
2026-04-29 12:07:41.358 [http-nio-8080-exec-10] DEBUG [c0d51533] [GET] [/api/v1/books] [127.0.0.1] o.s.web.servlet.DispatcherServlet - Completed 200 OK
2026-04-29 12:13:46.408 [File Watcher] INFO  [] [] [] [] o.s.b.d.a.LocalDevToolsAutoConfiguration$RestartingClassPathChangeChangedEventListener - Restarting due to 1 class path change (0 additions, 0 deletions, 1 modification)
2026-04-29 12:13:46.410 [Thread-20] INFO  [] [] [] [] o.s.b.w.e.tomcat.GracefulShutdown - Commencing graceful shutdown. Waiting for active requests to complete
2026-04-29 12:13:46.410 [tomcat-shutdown] INFO  [] [] [] [] o.a.coyote.http11.Http11NioProtocol - Pausing ProtocolHandler ["http-nio-8080"]
2026-04-29 12:13:46.507 [tomcat-shutdown] INFO  [] [] [] [] o.s.b.w.e.tomcat.GracefulShutdown - Graceful shutdown complete
2026-04-29 12:13:46.508 [Thread-20] INFO  [] [] [] [] o.a.coyote.http11.Http11NioProtocol - Stopping ProtocolHandler ["http-nio-8080"]
2026-04-29 12:13:46.509 [Thread-20] INFO  [] [] [] [] o.s.o.j.LocalContainerEntityManagerFactoryBean - Closing JPA EntityManagerFactory for persistence unit 'default'
2026-04-29 12:13:46.510 [Thread-20] DEBUG [] [] [] [] org.hibernate.SQL - 
    drop table if exists tbl_book cascade 
2026-04-29 12:13:46.510 [Thread-20] DEBUG [] [] [] [] org.hibernate.SQL - 
    drop table if exists tbl_loan cascade 
2026-04-29 12:13:46.510 [Thread-20] DEBUG [] [] [] [] org.hibernate.SQL - 
    drop table if exists tbl_member cascade 
2026-04-29 12:13:46.511 [Thread-20] DEBUG [] [] [] [] org.hibernate.SQL - 
    drop table if exists tbl_review cascade 
2026-04-29 12:13:46.511 [Thread-20] WARN  [] [] [] [] o.s.b.f.s.DisposableBeanAdapter - Invocation of destroy method failed on bean with name 'inMemoryDatabaseShutdownExecutor': org.h2.jdbc.JdbcSQLNonTransientConnectionException: Database is already closed (to disable automatic closing at VM shutdown, add ";DB_CLOSE_ON_EXIT=FALSE" to the db URL) [90121-232]
2026-04-29 12:13:46.511 [Thread-20] INFO  [] [] [] [] com.zaxxer.hikari.HikariDataSource - HikariPool-5 - Shutdown initiated...
2026-04-29 12:13:46.512 [Thread-20] INFO  [] [] [] [] com.zaxxer.hikari.HikariDataSource - HikariPool-5 - Shutdown completed.
2026-04-29 12:13:46.573 [restartedMain] INFO  [] [] [] [] c.o.s.Chap01SpringStabilityApplication - Starting Chap01SpringStabilityApplication using Java 17.0.18 with PID 4928 (C:\Lecture\10_Logging-Monitoring\module01-spring-stability\build\classes\java\main started by user in C:\Lecture\10_Logging-Monitoring\module01-spring-stability)
2026-04-29 12:13:46.573 [restartedMain] DEBUG [] [] [] [] c.o.s.Chap01SpringStabilityApplication - Running with Spring Boot v3.4.13, Spring v6.2.15
2026-04-29 12:13:46.573 [restartedMain] INFO  [] [] [] [] c.o.s.Chap01SpringStabilityApplication - The following 1 profile is active: "dev"
2026-04-29 12:13:46.695 [restartedMain] INFO  [] [] [] [] o.s.d.r.c.RepositoryConfigurationDelegate - Bootstrapping Spring Data JPA repositories in DEFAULT mode.
2026-04-29 12:13:46.715 [restartedMain] INFO  [] [] [] [] o.s.d.r.c.RepositoryConfigurationDelegate - Finished Spring Data repository scanning in 20 ms. Found 4 JPA repository interfaces.
2026-04-29 12:13:46.817 [restartedMain] INFO  [] [] [] [] o.s.b.w.e.tomcat.TomcatWebServer - Tomcat initialized with port 8080 (http)
2026-04-29 12:13:46.817 [restartedMain] INFO  [] [] [] [] o.a.coyote.http11.Http11NioProtocol - Initializing ProtocolHandler ["http-nio-8080"]
2026-04-29 12:13:46.818 [restartedMain] INFO  [] [] [] [] o.a.catalina.core.StandardService - Starting service [Tomcat]
2026-04-29 12:13:46.818 [restartedMain] INFO  [] [] [] [] o.a.catalina.core.StandardEngine - Starting Servlet engine: [Apache Tomcat/10.1.50]
2026-04-29 12:13:46.828 [restartedMain] INFO  [] [] [] [] o.a.c.c.C.[Tomcat].[localhost].[/] - Initializing Spring embedded WebApplicationContext
2026-04-29 12:13:46.828 [restartedMain] INFO  [] [] [] [] o.s.b.w.s.c.ServletWebServerApplicationContext - Root WebApplicationContext: initialization completed in 254 ms
2026-04-29 12:13:46.838 [restartedMain] DEBUG [] [] [] [] c.o.s.s.l.config.LoggingConfig$1 - Filter 'mdcLoggingFilter' configured for use
2026-04-29 12:13:46.867 [restartedMain] INFO  [] [] [] [] o.h.jpa.internal.util.LogHelper - HHH000204: Processing PersistenceUnitInfo [name: default]
2026-04-29 12:13:46.869 [restartedMain] INFO  [] [] [] [] o.h.c.i.RegionFactoryInitiator - HHH000026: Second-level cache disabled
2026-04-29 12:13:46.874 [restartedMain] INFO  [] [] [] [] o.s.o.j.p.SpringPersistenceUnitInfo - No LoadTimeWeaver setup: ignoring JPA class transformer
2026-04-29 12:13:46.875 [restartedMain] INFO  [] [] [] [] com.zaxxer.hikari.HikariDataSource - HikariPool-6 - Starting...
2026-04-29 12:13:46.876 [restartedMain] INFO  [] [] [] [] com.zaxxer.hikari.pool.HikariPool - HikariPool-6 - Added connection conn60: url=jdbc:h2:mem:library user=OHGIRAFFERS
2026-04-29 12:13:46.876 [restartedMain] INFO  [] [] [] [] com.zaxxer.hikari.HikariDataSource - HikariPool-6 - Start completed.
2026-04-29 12:13:46.877 [restartedMain] INFO  [] [] [] [] o.hibernate.orm.connections.pooling - HHH10001005: Database info:
	Database JDBC URL [Connecting through datasource 'HikariDataSource (HikariPool-6)']
	Database driver: undefined/unknown
	Database version: 2.3.232
	Autocommit mode: undefined/unknown
	Isolation level: undefined/unknown
	Minimum pool size: undefined/unknown
	Maximum pool size: undefined/unknown
2026-04-29 12:13:46.930 [restartedMain] INFO  [] [] [] [] o.h.e.t.j.p.i.JtaPlatformInitiator - HHH000489: No JTA platform available (set 'hibernate.transaction.jta.platform' to enable JTA platform integration)
2026-04-29 12:13:46.931 [restartedMain] DEBUG [] [] [] [] org.hibernate.SQL - 
    drop table if exists tbl_book cascade 
2026-04-29 12:13:46.931 [restartedMain] DEBUG [] [] [] [] org.hibernate.SQL - 
    drop table if exists tbl_loan cascade 
2026-04-29 12:13:46.931 [restartedMain] DEBUG [] [] [] [] org.hibernate.SQL - 
    drop table if exists tbl_member cascade 
2026-04-29 12:13:46.931 [restartedMain] DEBUG [] [] [] [] org.hibernate.SQL - 
    drop table if exists tbl_review cascade 
2026-04-29 12:13:46.931 [restartedMain] DEBUG [] [] [] [] org.hibernate.SQL - 
    create table tbl_book (
        available boolean not null,
        publish_date date not null,
        stock_quantity integer not null,
        book_id bigint generated by default as identity,
        isbn varchar(13) not null unique,
        author varchar(100) not null,
        publisher varchar(100) not null,
        title varchar(200) not null,
        primary key (book_id)
    )
2026-04-29 12:13:46.932 [restartedMain] DEBUG [] [] [] [] org.hibernate.SQL - 
    create table tbl_loan (
        fine_amount integer,
        overdue_days integer,
        book_id bigint not null,
        due_date timestamp(6) not null,
        loan_date timestamp(6) not null,
        loan_id bigint generated by default as identity,
        member_id bigint not null,
        return_date timestamp(6),
        status enum ('ACTIVE','OVERDUE','RETURNED') not null,
        primary key (loan_id)
    )
2026-04-29 12:13:46.932 [restartedMain] DEBUG [] [] [] [] org.hibernate.SQL - 
    create table tbl_member (
        active boolean not null,
        join_date timestamp(6) not null,
        member_id bigint generated by default as identity,
        phone varchar(20),
        member_name varchar(50) not null,
        email varchar(100) not null unique,
        primary key (member_id)
    )
2026-04-29 12:13:46.933 [restartedMain] DEBUG [] [] [] [] org.hibernate.SQL - 
    create table tbl_review (
        helpful_count integer not null check (helpful_count>=0),
        rating float(53) not null,
        verified_purchase boolean not null,
        book_id bigint not null,
        created_at timestamp(6) not null,
        member_id bigint not null,
        review_id bigint generated by default as identity,
        updated_at timestamp(6),
        title varchar(100) not null,
        content varchar(2000) not null,
        status enum ('ACTIVE','DELETED','HIDDEN') not null,
        primary key (review_id),
        unique (member_id, book_id)
    )
2026-04-29 12:13:46.933 [restartedMain] DEBUG [] [] [] [] org.hibernate.SQL - 
    alter table if exists tbl_loan 
       add constraint FK963g40utp85k5mww691e4ma6g 
       foreign key (book_id) 
       references tbl_book
2026-04-29 12:13:46.934 [restartedMain] DEBUG [] [] [] [] org.hibernate.SQL - 
    alter table if exists tbl_loan 
       add constraint FKqtnm703pqo6mnin10corsjsc 
       foreign key (member_id) 
       references tbl_member
2026-04-29 12:13:46.935 [restartedMain] DEBUG [] [] [] [] org.hibernate.SQL - 
    alter table if exists tbl_review 
       add constraint FK6ykodvsh8wis5tfouaxwi9qbc 
       foreign key (book_id) 
       references tbl_book
2026-04-29 12:13:46.935 [restartedMain] DEBUG [] [] [] [] org.hibernate.SQL - 
    alter table if exists tbl_review 
       add constraint FKcgs2lvcrlf9x3jtif9sskpx0 
       foreign key (member_id) 
       references tbl_member
2026-04-29 12:13:46.936 [restartedMain] INFO  [] [] [] [] o.s.o.j.LocalContainerEntityManagerFactoryBean - Initialized JPA EntityManagerFactory for persistence unit 'default'
2026-04-29 12:13:47.122 [restartedMain] WARN  [] [] [] [] o.s.b.a.o.j.JpaBaseConfiguration$JpaWebConfiguration - spring.jpa.open-in-view is enabled by default. Therefore, database queries may be performed during view rendering. Explicitly configure spring.jpa.open-in-view to disable this warning
2026-04-29 12:13:47.173 [restartedMain] DEBUG [] [] [] [] o.s.w.s.m.m.a.RequestMappingHandlerMapping - 29 mappings in 'requestMappingHandlerMapping'
2026-04-29 12:13:47.231 [restartedMain] DEBUG [] [] [] [] o.s.w.s.h.SimpleUrlHandlerMapping - Patterns [/webjars/**, /**] in 'resourceHandlerMapping'
2026-04-29 12:13:47.244 [restartedMain] DEBUG [] [] [] [] o.s.w.s.m.m.a.RequestMappingHandlerAdapter - ControllerAdvice beans: 0 @ModelAttribute, 0 @InitBinder, 1 RequestBodyAdvice, 1 ResponseBodyAdvice
2026-04-29 12:13:47.258 [restartedMain] DEBUG [] [] [] [] o.s.w.s.m.m.a.ExceptionHandlerExceptionResolver - ControllerAdvice beans: 2 @ExceptionHandler, 1 ResponseBodyAdvice
2026-04-29 12:13:47.293 [restartedMain] INFO  [] [] [] [] o.s.b.a.h.H2ConsoleAutoConfiguration - H2 console available at '/h2-console'. Database available at 'jdbc:h2:mem:library'
2026-04-29 12:13:47.334 [restartedMain] INFO  [] [] [] [] o.s.b.d.a.OptionalLiveReloadServer - LiveReload server is running on port 35729
2026-04-29 12:13:47.340 [restartedMain] INFO  [] [] [] [] o.a.coyote.http11.Http11NioProtocol - Starting ProtocolHandler ["http-nio-8080"]
2026-04-29 12:13:47.342 [restartedMain] INFO  [] [] [] [] o.s.b.w.e.tomcat.TomcatWebServer - Tomcat started on port 8080 (http) with context path '/'
2026-04-29 12:13:47.344 [restartedMain] INFO  [] [] [] [] c.o.s.Chap01SpringStabilityApplication - Started Chap01SpringStabilityApplication in 0.794 seconds (process running for 4189.953)
2026-04-29 12:13:47.344 [restartedMain] INFO  [] [] [] [] o.s.b.d.a.ConditionEvaluationDeltaLoggingListener - Condition evaluation unchanged
2026-04-29 12:16:30.929 [http-nio-8080-exec-1] INFO  [] [] [] [] o.a.c.c.C.[Tomcat].[localhost].[/] - Initializing Spring DispatcherServlet 'dispatcherServlet'
2026-04-29 12:16:30.929 [http-nio-8080-exec-1] INFO  [] [] [] [] o.s.web.servlet.DispatcherServlet - Initializing Servlet 'dispatcherServlet'
2026-04-29 12:16:30.929 [http-nio-8080-exec-1] DEBUG [] [] [] [] o.s.web.servlet.DispatcherServlet - Detected StandardServletMultipartResolver
2026-04-29 12:16:30.929 [http-nio-8080-exec-1] DEBUG [] [] [] [] o.s.web.servlet.DispatcherServlet - Detected AcceptHeaderLocaleResolver
2026-04-29 12:16:30.929 [http-nio-8080-exec-1] DEBUG [] [] [] [] o.s.web.servlet.DispatcherServlet - Detected FixedThemeResolver
2026-04-29 12:16:30.930 [http-nio-8080-exec-1] DEBUG [] [] [] [] o.s.web.servlet.DispatcherServlet - Detected org.springframework.web.servlet.view.DefaultRequestToViewNameTranslator@7824f516
2026-04-29 12:16:30.930 [http-nio-8080-exec-1] DEBUG [] [] [] [] o.s.web.servlet.DispatcherServlet - Detected org.springframework.web.servlet.support.SessionFlashMapManager@6e1c34d4
2026-04-29 12:16:30.930 [http-nio-8080-exec-1] DEBUG [] [] [] [] o.s.web.servlet.DispatcherServlet - enableLoggingRequestDetails='false': request parameters and headers will be masked to prevent unsafe logging of potentially sensitive data
2026-04-29 12:16:30.930 [http-nio-8080-exec-1] INFO  [] [] [] [] o.s.web.servlet.DispatcherServlet - Completed initialization in 1 ms
2026-04-29 12:16:30.931 [http-nio-8080-exec-1] DEBUG [75a7a056] [GET] [/api/v1/loans/status] [10.200.14.131] o.s.web.servlet.DispatcherServlet - GET "/api/v1/loans/status", parameters={}
2026-04-29 12:16:30.931 [http-nio-8080-exec-1] DEBUG [75a7a056] [GET] [/api/v1/loans/status] [10.200.14.131] o.s.w.s.m.m.a.RequestMappingHandlerMapping - Mapped to com.ohgiraffers.stability.section02.logging.controller.LoanController#getSystemStatus()
2026-04-29 12:16:30.934 [http-nio-8080-exec-1] INFO  [75a7a056] [GET] [/api/v1/loans/status] [10.200.14.131] c.o.s.s.l.controller.LoanController - [s2][LoanController] 대출 시스템 상태 확인 요청
2026-04-29 12:16:30.934 [http-nio-8080-exec-1] INFO  [75a7a056] [GET] [/api/v1/loans/status] [10.200.14.131] c.o.s.s.l.controller.LoanController - [s2][LoanController] 대출 시스템 상태 확인 완료 - 상태: HEALTHY
2026-04-29 12:16:30.937 [http-nio-8080-exec-1] DEBUG [75a7a056] [GET] [/api/v1/loans/status] [10.200.14.131] o.s.w.s.m.m.a.HttpEntityMethodProcessor - Using 'application/json', given [application/json] and supported [application/json, application/*+json]
2026-04-29 12:16:30.937 [http-nio-8080-exec-1] DEBUG [75a7a056] [GET] [/api/v1/loans/status] [10.200.14.131] o.s.w.s.m.m.a.HttpEntityMethodProcessor - Writing [{status=HEALTHY, message=대출 시스템이 정상적으로 동작 중입니다., timestamp=2026-04-29T12:16:30.934908500}]
2026-04-29 12:16:30.938 [http-nio-8080-exec-1] DEBUG [75a7a056] [GET] [/api/v1/loans/status] [10.200.14.131] o.s.web.servlet.DispatcherServlet - Completed 200 OK
2026-04-29 12:20:26.679 [http-nio-8080-exec-3] DEBUG [93e419e6] [GET] [/api/v1/loans/status] [10.200.14.131] o.s.web.servlet.DispatcherServlet - GET "/api/v1/loans/status", parameters={}
2026-04-29 12:20:26.679 [http-nio-8080-exec-3] DEBUG [93e419e6] [GET] [/api/v1/loans/status] [10.200.14.131] o.s.w.s.m.m.a.RequestMappingHandlerMapping - Mapped to com.ohgiraffers.stability.section02.logging.controller.LoanController#getSystemStatus()
2026-04-29 12:20:26.680 [http-nio-8080-exec-3] INFO  [93e419e6] [GET] [/api/v1/loans/status] [10.200.14.131] c.o.s.s.l.controller.LoanController - [s2][LoanController] 대출 시스템 상태 확인 요청
2026-04-29 12:20:26.680 [http-nio-8080-exec-3] INFO  [93e419e6] [GET] [/api/v1/loans/status] [10.200.14.131] c.o.s.s.l.controller.LoanController - [s2][LoanController] 대출 시스템 상태 확인 완료 - 상태: HEALTHY
2026-04-29 12:20:26.680 [http-nio-8080-exec-3] DEBUG [93e419e6] [GET] [/api/v1/loans/status] [10.200.14.131] o.s.w.s.m.m.a.HttpEntityMethodProcessor - Using 'application/json', given [application/json] and supported [application/json, application/*+json]
2026-04-29 12:20:26.681 [http-nio-8080-exec-3] DEBUG [93e419e6] [GET] [/api/v1/loans/status] [10.200.14.131] o.s.w.s.m.m.a.HttpEntityMethodProcessor - Writing [{status=HEALTHY, message=대출 시스템이 정상적으로 동작 중입니다., timestamp=2026-04-29T12:20:26.680146400}]
2026-04-29 12:20:26.681 [http-nio-8080-exec-3] DEBUG [93e419e6] [GET] [/api/v1/loans/status] [10.200.14.131] o.s.web.servlet.DispatcherServlet - Completed 200 OK
2026-04-29 12:20:26.724 [http-nio-8080-exec-8] DEBUG [a8bc8ed8] [POST] [/api/v1/books] [127.0.0.1] o.s.web.servlet.DispatcherServlet - POST "/api/v1/books", parameters={}
2026-04-29 12:20:26.724 [http-nio-8080-exec-8] DEBUG [a8bc8ed8] [POST] [/api/v1/books] [127.0.0.1] o.s.w.s.m.m.a.RequestMappingHandlerMapping - Mapped to com.ohgiraffers.stability.section01.exception.controller.BookController#registerBook(BookDTO)
2026-04-29 12:20:26.726 [http-nio-8080-exec-8] DEBUG [a8bc8ed8] [POST] [/api/v1/books] [127.0.0.1] o.s.w.s.m.m.a.RequestResponseBodyMethodProcessor - Read "application/json;charset=UTF-8" to [BookDTO{bookId=null, isbn='9781234567890', title='Spring Boot 완벽 가이드', author='김개발', publisher='테크출판 (truncated)...]
2026-04-29 12:20:26.727 [http-nio-8080-exec-8] INFO  [a8bc8ed8] [POST] [/api/v1/books] [127.0.0.1] c.o.s.s.e.controller.BookController - [s1][BookController] 도서 등록 요청 - ISBN: 9781234567890, 제목: Spring Boot 완벽 가이드
2026-04-29 12:20:26.728 [http-nio-8080-exec-8] DEBUG [a8bc8ed8] [POST] [/api/v1/books] [127.0.0.1] c.o.s.s.e.service.BookService - 도서 등록 시작 - ISBN: 9781234567890, 제목: Spring Boot 완벽 가이드
2026-04-29 12:20:26.729 [http-nio-8080-exec-8] DEBUG [a8bc8ed8] [POST] [/api/v1/books] [127.0.0.1] org.hibernate.SQL - 
    select
        b1_0.book_id 
    from
        tbl_book b1_0 
    where
        b1_0.isbn=? 
    fetch
        first ? rows only
2026-04-29 12:20:26.731 [http-nio-8080-exec-8] DEBUG [a8bc8ed8] [POST] [/api/v1/books] [127.0.0.1] org.hibernate.SQL - 
    insert 
    into
        tbl_book
        (author, available, isbn, publish_date, publisher, stock_quantity, title, book_id) 
    values
        (?, ?, ?, ?, ?, ?, ?, default)
2026-04-29 12:20:26.732 [http-nio-8080-exec-8] INFO  [a8bc8ed8] [POST] [/api/v1/books] [127.0.0.1] c.o.s.s.e.service.BookService - [s1][BookService] 도서 등록 완료 - ID: 1, 제목: Spring Boot 완벽 가이드
2026-04-29 12:20:26.733 [http-nio-8080-exec-8] INFO  [a8bc8ed8] [POST] [/api/v1/books] [127.0.0.1] c.o.s.s.e.controller.BookController - [s1][BookController] 도서 등록 완료 - ID: 1, 제목: Spring Boot 완벽 가이드
2026-04-29 12:20:26.735 [http-nio-8080-exec-8] DEBUG [a8bc8ed8] [POST] [/api/v1/books] [127.0.0.1] o.s.w.s.m.m.a.HttpEntityMethodProcessor - Using 'application/json', given [*/*] and supported [application/json, application/*+json]
2026-04-29 12:20:26.735 [http-nio-8080-exec-8] DEBUG [a8bc8ed8] [POST] [/api/v1/books] [127.0.0.1] o.s.w.s.m.m.a.HttpEntityMethodProcessor - Writing [BookDTO{bookId=1, isbn='9781234567890', title='Spring Boot 완벽 가이드', author='김개발', publisher='테크출판사', (truncated)...]
2026-04-29 12:20:26.735 [http-nio-8080-exec-8] DEBUG [a8bc8ed8] [POST] [/api/v1/books] [127.0.0.1] o.s.web.servlet.DispatcherServlet - Completed 201 CREATED
2026-04-29 12:20:26.760 [http-nio-8080-exec-10] DEBUG [7511a1e7] [POST] [/api/v1/books] [127.0.0.1] o.s.web.servlet.DispatcherServlet - POST "/api/v1/books", parameters={}
2026-04-29 12:20:26.760 [http-nio-8080-exec-10] DEBUG [7511a1e7] [POST] [/api/v1/books] [127.0.0.1] o.s.w.s.m.m.a.RequestMappingHandlerMapping - Mapped to com.ohgiraffers.stability.section01.exception.controller.BookController#registerBook(BookDTO)
2026-04-29 12:20:26.761 [http-nio-8080-exec-10] DEBUG [7511a1e7] [POST] [/api/v1/books] [127.0.0.1] o.s.w.s.m.m.a.RequestResponseBodyMethodProcessor - Read "application/json;charset=UTF-8" to [BookDTO{bookId=null, isbn='9780987654321', title='Java 프로그래밍 입문', author='박자바', publisher='코딩출판사', p (truncated)...]
2026-04-29 12:20:26.761 [http-nio-8080-exec-10] INFO  [7511a1e7] [POST] [/api/v1/books] [127.0.0.1] c.o.s.s.e.controller.BookController - [s1][BookController] 도서 등록 요청 - ISBN: 9780987654321, 제목: Java 프로그래밍 입문
2026-04-29 12:20:26.761 [http-nio-8080-exec-10] DEBUG [7511a1e7] [POST] [/api/v1/books] [127.0.0.1] c.o.s.s.e.service.BookService - 도서 등록 시작 - ISBN: 9780987654321, 제목: Java 프로그래밍 입문
2026-04-29 12:20:26.762 [http-nio-8080-exec-10] DEBUG [7511a1e7] [POST] [/api/v1/books] [127.0.0.1] org.hibernate.SQL - 
    select
        b1_0.book_id 
    from
        tbl_book b1_0 
    where
        b1_0.isbn=? 
    fetch
        first ? rows only
2026-04-29 12:20:26.763 [http-nio-8080-exec-10] DEBUG [7511a1e7] [POST] [/api/v1/books] [127.0.0.1] org.hibernate.SQL - 
    insert 
    into
        tbl_book
        (author, available, isbn, publish_date, publisher, stock_quantity, title, book_id) 
    values
        (?, ?, ?, ?, ?, ?, ?, default)
2026-04-29 12:20:26.763 [http-nio-8080-exec-10] INFO  [7511a1e7] [POST] [/api/v1/books] [127.0.0.1] c.o.s.s.e.service.BookService - [s1][BookService] 도서 등록 완료 - ID: 2, 제목: Java 프로그래밍 입문
2026-04-29 12:20:26.764 [http-nio-8080-exec-10] INFO  [7511a1e7] [POST] [/api/v1/books] [127.0.0.1] c.o.s.s.e.controller.BookController - [s1][BookController] 도서 등록 완료 - ID: 2, 제목: Java 프로그래밍 입문
2026-04-29 12:20:26.764 [http-nio-8080-exec-10] DEBUG [7511a1e7] [POST] [/api/v1/books] [127.0.0.1] o.s.w.s.m.m.a.HttpEntityMethodProcessor - Using 'application/json', given [*/*] and supported [application/json, application/*+json]
2026-04-29 12:20:26.764 [http-nio-8080-exec-10] DEBUG [7511a1e7] [POST] [/api/v1/books] [127.0.0.1] o.s.w.s.m.m.a.HttpEntityMethodProcessor - Writing [BookDTO{bookId=2, isbn='9780987654321', title='Java 프로그래밍 입문', author='박자바', publisher='코딩출판사', publ (truncated)...]
2026-04-29 12:20:26.764 [http-nio-8080-exec-10] DEBUG [7511a1e7] [POST] [/api/v1/books] [127.0.0.1] o.s.web.servlet.DispatcherServlet - Completed 201 CREATED
2026-04-29 12:20:26.785 [http-nio-8080-exec-6] DEBUG [930f3ed2] [POST] [/api/v1/books] [127.0.0.1] o.s.web.servlet.DispatcherServlet - POST "/api/v1/books", parameters={}
2026-04-29 12:20:26.785 [http-nio-8080-exec-6] DEBUG [930f3ed2] [POST] [/api/v1/books] [127.0.0.1] o.s.w.s.m.m.a.RequestMappingHandlerMapping - Mapped to com.ohgiraffers.stability.section01.exception.controller.BookController#registerBook(BookDTO)
2026-04-29 12:20:26.786 [http-nio-8080-exec-6] DEBUG [930f3ed2] [POST] [/api/v1/books] [127.0.0.1] o.s.w.s.m.m.a.RequestResponseBodyMethodProcessor - Read "application/json;charset=UTF-8" to [BookDTO{bookId=null, isbn='9788966262281', title='Clean Code', author='로버트 마틴', publisher='인사이트', pu (truncated)...]
2026-04-29 12:20:26.786 [http-nio-8080-exec-6] INFO  [930f3ed2] [POST] [/api/v1/books] [127.0.0.1] c.o.s.s.e.controller.BookController - [s1][BookController] 도서 등록 요청 - ISBN: 9788966262281, 제목: Clean Code
2026-04-29 12:20:26.786 [http-nio-8080-exec-6] DEBUG [930f3ed2] [POST] [/api/v1/books] [127.0.0.1] c.o.s.s.e.service.BookService - 도서 등록 시작 - ISBN: 9788966262281, 제목: Clean Code
2026-04-29 12:20:26.787 [http-nio-8080-exec-6] DEBUG [930f3ed2] [POST] [/api/v1/books] [127.0.0.1] org.hibernate.SQL - 
    select
        b1_0.book_id 
    from
        tbl_book b1_0 
    where
        b1_0.isbn=? 
    fetch
        first ? rows only
2026-04-29 12:20:26.788 [http-nio-8080-exec-6] DEBUG [930f3ed2] [POST] [/api/v1/books] [127.0.0.1] org.hibernate.SQL - 
    insert 
    into
        tbl_book
        (author, available, isbn, publish_date, publisher, stock_quantity, title, book_id) 
    values
        (?, ?, ?, ?, ?, ?, ?, default)
2026-04-29 12:20:26.789 [http-nio-8080-exec-6] INFO  [930f3ed2] [POST] [/api/v1/books] [127.0.0.1] c.o.s.s.e.service.BookService - [s1][BookService] 도서 등록 완료 - ID: 3, 제목: Clean Code
2026-04-29 12:20:26.789 [http-nio-8080-exec-6] INFO  [930f3ed2] [POST] [/api/v1/books] [127.0.0.1] c.o.s.s.e.controller.BookController - [s1][BookController] 도서 등록 완료 - ID: 3, 제목: Clean Code
2026-04-29 12:20:26.789 [http-nio-8080-exec-6] DEBUG [930f3ed2] [POST] [/api/v1/books] [127.0.0.1] o.s.w.s.m.m.a.HttpEntityMethodProcessor - Using 'application/json', given [*/*] and supported [application/json, application/*+json]
2026-04-29 12:20:26.789 [http-nio-8080-exec-6] DEBUG [930f3ed2] [POST] [/api/v1/books] [127.0.0.1] o.s.w.s.m.m.a.HttpEntityMethodProcessor - Writing [BookDTO{bookId=3, isbn='9788966262281', title='Clean Code', author='로버트 마틴', publisher='인사이트', publi (truncated)...]
2026-04-29 12:20:26.790 [http-nio-8080-exec-6] DEBUG [930f3ed2] [POST] [/api/v1/books] [127.0.0.1] o.s.web.servlet.DispatcherServlet - Completed 201 CREATED
2026-04-29 12:20:26.842 [http-nio-8080-exec-7] DEBUG [3f04c385] [GET] [/api/v1/books] [127.0.0.1] o.s.web.servlet.DispatcherServlet - GET "/api/v1/books", parameters={}
2026-04-29 12:20:26.843 [http-nio-8080-exec-7] DEBUG [3f04c385] [GET] [/api/v1/books] [127.0.0.1] o.s.w.s.m.m.a.RequestMappingHandlerMapping - Mapped to com.ohgiraffers.stability.section01.exception.controller.BookController#getAllBooks()
2026-04-29 12:20:26.843 [http-nio-8080-exec-7] INFO  [3f04c385] [GET] [/api/v1/books] [127.0.0.1] c.o.s.s.e.controller.BookController - [s1][BookController] 전체 도서 목록 조회 요청
2026-04-29 12:20:26.843 [http-nio-8080-exec-7] DEBUG [3f04c385] [GET] [/api/v1/books] [127.0.0.1] c.o.s.s.e.service.BookService - 전체 도서 목록 조회 시작
2026-04-29 12:20:26.845 [http-nio-8080-exec-7] DEBUG [3f04c385] [GET] [/api/v1/books] [127.0.0.1] org.hibernate.SQL - 
    select
        b1_0.book_id,
        b1_0.author,
        b1_0.available,
        b1_0.isbn,
        b1_0.publish_date,
        b1_0.publisher,
        b1_0.stock_quantity,
        b1_0.title 
    from
        tbl_book b1_0
2026-04-29 12:20:26.846 [http-nio-8080-exec-7] DEBUG [3f04c385] [GET] [/api/v1/books] [127.0.0.1] c.o.s.s.e.service.BookService - 전체 도서 목록 조회 완료 - 총 3권
2026-04-29 12:20:26.846 [http-nio-8080-exec-7] DEBUG [3f04c385] [GET] [/api/v1/books] [127.0.0.1] c.o.s.s.e.service.BookService - 전체 도서 목록 조회 종료
2026-04-29 12:20:26.847 [http-nio-8080-exec-7] INFO  [3f04c385] [GET] [/api/v1/books] [127.0.0.1] c.o.s.s.e.controller.BookController - [s1][BookController] 전체 도서 목록 조회 완료 - 총 3권
2026-04-29 12:20:26.847 [http-nio-8080-exec-7] DEBUG [3f04c385] [GET] [/api/v1/books] [127.0.0.1] o.s.w.s.m.m.a.HttpEntityMethodProcessor - Using 'application/json', given [application/json] and supported [application/json, application/*+json]
2026-04-29 12:20:26.847 [http-nio-8080-exec-7] DEBUG [3f04c385] [GET] [/api/v1/books] [127.0.0.1] o.s.w.s.m.m.a.HttpEntityMethodProcessor - Writing [[BookDTO{bookId=1, isbn='9781234567890', title='Spring Boot 완벽 가이드', author='김개발', publisher='테크출판사' (truncated)...]
2026-04-29 12:20:26.848 [http-nio-8080-exec-7] DEBUG [3f04c385] [GET] [/api/v1/books] [127.0.0.1] o.s.web.servlet.DispatcherServlet - Completed 200 OK
2026-04-29 12:20:26.865 [http-nio-8080-exec-4] DEBUG [58c62e53] [POST] [/api/v1/loans] [127.0.0.1] o.s.web.servlet.DispatcherServlet - POST "/api/v1/loans?memberId=1&bookId=1", parameters={masked}
2026-04-29 12:20:26.866 [http-nio-8080-exec-4] DEBUG [58c62e53] [POST] [/api/v1/loans] [127.0.0.1] o.s.w.s.m.m.a.RequestMappingHandlerMapping - Mapped to com.ohgiraffers.stability.section02.logging.controller.LoanController#createLoan(Long, Long)
2026-04-29 12:20:26.866 [http-nio-8080-exec-4] INFO  [58c62e53] [POST] [/api/v1/loans] [127.0.0.1] c.o.s.s.l.controller.LoanController - [s2][LoanController] 대출 요청 접수 - 회원 ID: 1, 도서 ID: 1
2026-04-29 12:20:26.867 [http-nio-8080-exec-4] DEBUG [58c62e53] [POST] [/api/v1/loans] [127.0.0.1] org.hibernate.SQL - 
    select
        m1_0.member_id,
        m1_0.active,
        m1_0.email,
        m1_0.join_date,
        m1_0.member_name,
        m1_0.phone 
    from
        tbl_member m1_0 
    where
        m1_0.member_id=?
2026-04-29 12:20:26.870 [http-nio-8080-exec-4] DEBUG [58c62e53] [POST] [/api/v1/loans] [127.0.0.1] org.hibernate.SQL - 
    select
        b1_0.book_id,
        b1_0.author,
        b1_0.available,
        b1_0.isbn,
        b1_0.publish_date,
        b1_0.publisher,
        b1_0.stock_quantity,
        b1_0.title 
    from
        tbl_book b1_0 
    where
        b1_0.book_id=?
2026-04-29 12:20:26.876 [http-nio-8080-exec-4] DEBUG [58c62e53] [POST] [/api/v1/loans] [127.0.0.1] org.hibernate.SQL - 
    select
        count(l1_0.loan_id) 
    from
        tbl_loan l1_0 
    where
        l1_0.member_id=? 
        and l1_0.status='ACTIVE'
2026-04-29 12:20:26.883 [http-nio-8080-exec-4] DEBUG [58c62e53] [POST] [/api/v1/loans] [127.0.0.1] org.hibernate.SQL - 
    select
        count(l1_0.loan_id)>0 
    from
        tbl_loan l1_0 
    where
        l1_0.book_id=? 
        and l1_0.status='ACTIVE'
2026-04-29 12:20:26.885 [http-nio-8080-exec-4] DEBUG [58c62e53] [POST] [/api/v1/loans] [127.0.0.1] org.hibernate.SQL - 
    insert 
    into
        tbl_loan
        (book_id, due_date, fine_amount, loan_date, member_id, overdue_days, return_date, status, loan_id) 
    values
        (?, ?, ?, ?, ?, ?, ?, ?, default)
2026-04-29 12:20:26.889 [http-nio-8080-exec-4] DEBUG [58c62e53] [POST] [/api/v1/loans] [127.0.0.1] org.hibernate.SQL - 
    update
        tbl_book 
    set
        author=?,
        available=?,
        isbn=?,
        publish_date=?,
        publisher=?,
        stock_quantity=?,
        title=? 
    where
        book_id=?
2026-04-29 12:20:26.889 [http-nio-8080-exec-4] INFO  [58c62e53] [POST] [/api/v1/loans] [127.0.0.1] c.o.s.s.l.controller.LoanController - [s2][LoanController] 대출 요청 처리 완료 - 대출 ID: 1
2026-04-29 12:20:26.894 [http-nio-8080-exec-4] DEBUG [58c62e53] [POST] [/api/v1/loans] [127.0.0.1] o.s.w.s.m.m.a.HttpEntityMethodProcessor - Using 'application/json', given [application/json] and supported [application/json, application/*+json]
2026-04-29 12:20:26.894 [http-nio-8080-exec-4] DEBUG [58c62e53] [POST] [/api/v1/loans] [127.0.0.1] o.s.w.s.m.m.a.HttpEntityMethodProcessor - Writing [LoanDTO{loanId=1, memberId=1, memberName='김도서', bookId=1, bookTitle='Spring Boot 완벽 가이드', bookIsbn=' (truncated)...]
2026-04-29 12:20:26.895 [http-nio-8080-exec-4] DEBUG [58c62e53] [POST] [/api/v1/loans] [127.0.0.1] o.s.web.servlet.DispatcherServlet - Completed 201 CREATED
2026-04-29 12:20:26.915 [http-nio-8080-exec-9] DEBUG [84924512] [POST] [/api/v1/loans] [127.0.0.1] o.s.web.servlet.DispatcherServlet - POST "/api/v1/loans?memberId=1&bookId=2", parameters={masked}
2026-04-29 12:20:26.915 [http-nio-8080-exec-9] DEBUG [84924512] [POST] [/api/v1/loans] [127.0.0.1] o.s.w.s.m.m.a.RequestMappingHandlerMapping - Mapped to com.ohgiraffers.stability.section02.logging.controller.LoanController#createLoan(Long, Long)
2026-04-29 12:20:26.916 [http-nio-8080-exec-9] INFO  [84924512] [POST] [/api/v1/loans] [127.0.0.1] c.o.s.s.l.controller.LoanController - [s2][LoanController] 대출 요청 접수 - 회원 ID: 1, 도서 ID: 2
2026-04-29 12:20:26.917 [http-nio-8080-exec-9] DEBUG [84924512] [POST] [/api/v1/loans] [127.0.0.1] org.hibernate.SQL - 
    select
        m1_0.member_id,
        m1_0.active,
        m1_0.email,
        m1_0.join_date,
        m1_0.member_name,
        m1_0.phone 
    from
        tbl_member m1_0 
    where
        m1_0.member_id=?
2026-04-29 12:20:26.917 [http-nio-8080-exec-9] DEBUG [84924512] [POST] [/api/v1/loans] [127.0.0.1] org.hibernate.SQL - 
    select
        b1_0.book_id,
        b1_0.author,
        b1_0.available,
        b1_0.isbn,
        b1_0.publish_date,
        b1_0.publisher,
        b1_0.stock_quantity,
        b1_0.title 
    from
        tbl_book b1_0 
    where
        b1_0.book_id=?
2026-04-29 12:20:26.919 [http-nio-8080-exec-9] DEBUG [84924512] [POST] [/api/v1/loans] [127.0.0.1] org.hibernate.SQL - 
    select
        count(l1_0.loan_id) 
    from
        tbl_loan l1_0 
    where
        l1_0.member_id=? 
        and l1_0.status='ACTIVE'
2026-04-29 12:20:26.919 [http-nio-8080-exec-9] DEBUG [84924512] [POST] [/api/v1/loans] [127.0.0.1] org.hibernate.SQL - 
    select
        count(l1_0.loan_id)>0 
    from
        tbl_loan l1_0 
    where
        l1_0.book_id=? 
        and l1_0.status='ACTIVE'
2026-04-29 12:20:26.920 [http-nio-8080-exec-9] DEBUG [84924512] [POST] [/api/v1/loans] [127.0.0.1] org.hibernate.SQL - 
    insert 
    into
        tbl_loan
        (book_id, due_date, fine_amount, loan_date, member_id, overdue_days, return_date, status, loan_id) 
    values
        (?, ?, ?, ?, ?, ?, ?, ?, default)
2026-04-29 12:20:26.931 [http-nio-8080-exec-9] DEBUG [84924512] [POST] [/api/v1/loans] [127.0.0.1] org.hibernate.SQL - 
    update
        tbl_book 
    set
        author=?,
        available=?,
        isbn=?,
        publish_date=?,
        publisher=?,
        stock_quantity=?,
        title=? 
    where
        book_id=?
2026-04-29 12:20:26.932 [http-nio-8080-exec-9] INFO  [84924512] [POST] [/api/v1/loans] [127.0.0.1] c.o.s.s.l.controller.LoanController - [s2][LoanController] 대출 요청 처리 완료 - 대출 ID: 2
2026-04-29 12:20:26.932 [http-nio-8080-exec-9] DEBUG [84924512] [POST] [/api/v1/loans] [127.0.0.1] o.s.w.s.m.m.a.HttpEntityMethodProcessor - Using 'application/json', given [application/json] and supported [application/json, application/*+json]
2026-04-29 12:20:26.932 [http-nio-8080-exec-9] DEBUG [84924512] [POST] [/api/v1/loans] [127.0.0.1] o.s.w.s.m.m.a.HttpEntityMethodProcessor - Writing [LoanDTO{loanId=2, memberId=1, memberName='김도서', bookId=2, bookTitle='Java 프로그래밍 입문', bookIsbn='97809 (truncated)...]
2026-04-29 12:20:26.933 [http-nio-8080-exec-9] DEBUG [84924512] [POST] [/api/v1/loans] [127.0.0.1] o.s.web.servlet.DispatcherServlet - Completed 201 CREATED
2026-04-29 12:20:26.951 [http-nio-8080-exec-5] DEBUG [7c847a6d] [GET] [/api/v1/loans/member/1] [127.0.0.1] o.s.web.servlet.DispatcherServlet - GET "/api/v1/loans/member/1", parameters={}
2026-04-29 12:20:26.951 [http-nio-8080-exec-5] DEBUG [7c847a6d] [GET] [/api/v1/loans/member/1] [127.0.0.1] o.s.w.s.m.m.a.RequestMappingHandlerMapping - Mapped to com.ohgiraffers.stability.section02.logging.controller.LoanController#getLoansByMember(Long)
2026-04-29 12:20:26.952 [http-nio-8080-exec-5] INFO  [7c847a6d] [GET] [/api/v1/loans/member/1] [127.0.0.1] c.o.s.s.l.controller.LoanController - [s2][LoanController] 회원별 대출 목록 조회 요청 - 회원 ID: 1
2026-04-29 12:20:26.952 [http-nio-8080-exec-5] DEBUG [7c847a6d] [GET] [/api/v1/loans/member/1] [127.0.0.1] org.hibernate.SQL - 
    select
        m1_0.member_id,
        m1_0.active,
        m1_0.email,
        m1_0.join_date,
        m1_0.member_name,
        m1_0.phone 
    from
        tbl_member m1_0 
    where
        m1_0.member_id=?
2026-04-29 12:20:26.955 [http-nio-8080-exec-5] DEBUG [7c847a6d] [GET] [/api/v1/loans/member/1] [127.0.0.1] org.hibernate.SQL - 
    select
        l1_0.loan_id,
        l1_0.book_id,
        l1_0.due_date,
        l1_0.fine_amount,
        l1_0.loan_date,
        l1_0.member_id,
        l1_0.overdue_days,
        l1_0.return_date,
        l1_0.status 
    from
        tbl_loan l1_0 
    where
        l1_0.member_id=?
2026-04-29 12:20:26.961 [http-nio-8080-exec-5] DEBUG [7c847a6d] [GET] [/api/v1/loans/member/1] [127.0.0.1] org.hibernate.SQL - 
    select
        b1_0.book_id,
        b1_0.author,
        b1_0.available,
        b1_0.isbn,
        b1_0.publish_date,
        b1_0.publisher,
        b1_0.stock_quantity,
        b1_0.title 
    from
        tbl_book b1_0 
    where
        b1_0.book_id=?
2026-04-29 12:20:26.963 [http-nio-8080-exec-5] DEBUG [7c847a6d] [GET] [/api/v1/loans/member/1] [127.0.0.1] org.hibernate.SQL - 
    select
        b1_0.book_id,
        b1_0.author,
        b1_0.available,
        b1_0.isbn,
        b1_0.publish_date,
        b1_0.publisher,
        b1_0.stock_quantity,
        b1_0.title 
    from
        tbl_book b1_0 
    where
        b1_0.book_id=?
2026-04-29 12:20:26.964 [http-nio-8080-exec-5] INFO  [7c847a6d] [GET] [/api/v1/loans/member/1] [127.0.0.1] c.o.s.s.l.controller.LoanController - [s2][LoanController] 회원별 대출 목록 조회 완료 - 회원 ID: 1, 대출 수: 2건
2026-04-29 12:20:26.964 [http-nio-8080-exec-5] DEBUG [7c847a6d] [GET] [/api/v1/loans/member/1] [127.0.0.1] o.s.w.s.m.m.a.HttpEntityMethodProcessor - Using 'application/json', given [application/json] and supported [application/json, application/*+json]
2026-04-29 12:20:26.964 [http-nio-8080-exec-5] DEBUG [7c847a6d] [GET] [/api/v1/loans/member/1] [127.0.0.1] o.s.w.s.m.m.a.HttpEntityMethodProcessor - Writing [[LoanDTO{loanId=1, memberId=1, memberName='김도서', bookId=1, bookTitle='Spring Boot 완벽 가이드', bookIsbn= (truncated)...]
2026-04-29 12:20:26.965 [http-nio-8080-exec-5] DEBUG [7c847a6d] [GET] [/api/v1/loans/member/1] [127.0.0.1] o.s.web.servlet.DispatcherServlet - Completed 200 OK
2026-04-29 12:20:26.988 [http-nio-8080-exec-1] DEBUG [5596669d] [PATCH] [/api/v1/loans/1/extend] [127.0.0.1] o.s.web.servlet.DispatcherServlet - PATCH "/api/v1/loans/1/extend?extensionDays=7", parameters={masked}
2026-04-29 12:20:26.989 [http-nio-8080-exec-1] DEBUG [5596669d] [PATCH] [/api/v1/loans/1/extend] [127.0.0.1] o.s.w.s.m.m.a.RequestMappingHandlerMapping - Mapped to com.ohgiraffers.stability.section02.logging.controller.LoanController#extendLoan(Long, int)
2026-04-29 12:20:26.989 [http-nio-8080-exec-1] INFO  [5596669d] [PATCH] [/api/v1/loans/1/extend] [127.0.0.1] c.o.s.s.l.controller.LoanController - [s2][LoanController] 대출 연장 요청 접수 - 대출 ID: 1, 연장 일수: 7일
2026-04-29 12:20:26.990 [http-nio-8080-exec-1] DEBUG [5596669d] [PATCH] [/api/v1/loans/1/extend] [127.0.0.1] org.hibernate.SQL - 
    select
        l1_0.loan_id,
        l1_0.book_id,
        l1_0.due_date,
        l1_0.fine_amount,
        l1_0.loan_date,
        l1_0.member_id,
        l1_0.overdue_days,
        l1_0.return_date,
        l1_0.status 
    from
        tbl_loan l1_0 
    where
        l1_0.loan_id=?
2026-04-29 12:20:26.992 [http-nio-8080-exec-1] DEBUG [5596669d] [PATCH] [/api/v1/loans/1/extend] [127.0.0.1] org.hibernate.SQL - 
    select
        m1_0.member_id,
        m1_0.active,
        m1_0.email,
        m1_0.join_date,
        m1_0.member_name,
        m1_0.phone 
    from
        tbl_member m1_0 
    where
        m1_0.member_id=?
2026-04-29 12:20:26.992 [http-nio-8080-exec-1] DEBUG [5596669d] [PATCH] [/api/v1/loans/1/extend] [127.0.0.1] org.hibernate.SQL - 
    select
        b1_0.book_id,
        b1_0.author,
        b1_0.available,
        b1_0.isbn,
        b1_0.publish_date,
        b1_0.publisher,
        b1_0.stock_quantity,
        b1_0.title 
    from
        tbl_book b1_0 
    where
        b1_0.book_id=?
2026-04-29 12:20:26.994 [http-nio-8080-exec-1] DEBUG [5596669d] [PATCH] [/api/v1/loans/1/extend] [127.0.0.1] org.hibernate.SQL - 
    update
        tbl_loan 
    set
        book_id=?,
        due_date=?,
        fine_amount=?,
        loan_date=?,
        member_id=?,
        overdue_days=?,
        return_date=?,
        status=? 
    where
        loan_id=?
2026-04-29 12:20:26.994 [http-nio-8080-exec-1] INFO  [5596669d] [PATCH] [/api/v1/loans/1/extend] [127.0.0.1] c.o.s.s.l.controller.LoanController - [s2][LoanController] 대출 연장 요청 처리 완료 - 대출 ID: 1
2026-04-29 12:20:26.995 [http-nio-8080-exec-1] DEBUG [5596669d] [PATCH] [/api/v1/loans/1/extend] [127.0.0.1] o.s.w.s.m.m.a.HttpEntityMethodProcessor - Using 'application/json', given [application/json] and supported [application/json, application/*+json]
2026-04-29 12:20:26.995 [http-nio-8080-exec-1] DEBUG [5596669d] [PATCH] [/api/v1/loans/1/extend] [127.0.0.1] o.s.w.s.m.m.a.HttpEntityMethodProcessor - Writing [LoanDTO{loanId=1, memberId=1, memberName='김도서', bookId=1, bookTitle='Spring Boot 완벽 가이드', bookIsbn=' (truncated)...]
2026-04-29 12:20:26.995 [http-nio-8080-exec-1] DEBUG [5596669d] [PATCH] [/api/v1/loans/1/extend] [127.0.0.1] o.s.web.servlet.DispatcherServlet - Completed 200 OK
2026-04-29 12:20:27.013 [http-nio-8080-exec-2] DEBUG [ef93f0ca] [PATCH] [/api/v1/loans/1/return] [127.0.0.1] o.s.web.servlet.DispatcherServlet - PATCH "/api/v1/loans/1/return", parameters={}
2026-04-29 12:20:27.013 [http-nio-8080-exec-2] DEBUG [ef93f0ca] [PATCH] [/api/v1/loans/1/return] [127.0.0.1] o.s.w.s.m.m.a.RequestMappingHandlerMapping - Mapped to com.ohgiraffers.stability.section02.logging.controller.LoanController#returnBook(Long)
2026-04-29 12:20:27.013 [http-nio-8080-exec-2] INFO  [ef93f0ca] [PATCH] [/api/v1/loans/1/return] [127.0.0.1] c.o.s.s.l.controller.LoanController - [s2][LoanController] 반납 요청 접수 - 대출 ID: 1
2026-04-29 12:20:27.014 [http-nio-8080-exec-2] DEBUG [ef93f0ca] [PATCH] [/api/v1/loans/1/return] [127.0.0.1] org.hibernate.SQL - 
    select
        l1_0.loan_id,
        l1_0.book_id,
        l1_0.due_date,
        l1_0.fine_amount,
        l1_0.loan_date,
        l1_0.member_id,
        l1_0.overdue_days,
        l1_0.return_date,
        l1_0.status 
    from
        tbl_loan l1_0 
    where
        l1_0.loan_id=?
2026-04-29 12:20:27.015 [http-nio-8080-exec-2] DEBUG [ef93f0ca] [PATCH] [/api/v1/loans/1/return] [127.0.0.1] org.hibernate.SQL - 
    select
        b1_0.book_id,
        b1_0.author,
        b1_0.available,
        b1_0.isbn,
        b1_0.publish_date,
        b1_0.publisher,
        b1_0.stock_quantity,
        b1_0.title 
    from
        tbl_book b1_0 
    where
        b1_0.book_id=?
2026-04-29 12:20:27.016 [http-nio-8080-exec-2] DEBUG [ef93f0ca] [PATCH] [/api/v1/loans/1/return] [127.0.0.1] org.hibernate.SQL - 
    select
        m1_0.member_id,
        m1_0.active,
        m1_0.email,
        m1_0.join_date,
        m1_0.member_name,
        m1_0.phone 
    from
        tbl_member m1_0 
    where
        m1_0.member_id=?
2026-04-29 12:20:27.017 [http-nio-8080-exec-2] DEBUG [ef93f0ca] [PATCH] [/api/v1/loans/1/return] [127.0.0.1] org.hibernate.SQL - 
    update
        tbl_loan 
    set
        book_id=?,
        due_date=?,
        fine_amount=?,
        loan_date=?,
        member_id=?,
        overdue_days=?,
        return_date=?,
        status=? 
    where
        loan_id=?
2026-04-29 12:20:27.018 [http-nio-8080-exec-2] DEBUG [ef93f0ca] [PATCH] [/api/v1/loans/1/return] [127.0.0.1] org.hibernate.SQL - 
    update
        tbl_book 
    set
        author=?,
        available=?,
        isbn=?,
        publish_date=?,
        publisher=?,
        stock_quantity=?,
        title=? 
    where
        book_id=?
2026-04-29 12:20:27.018 [http-nio-8080-exec-2] INFO  [ef93f0ca] [PATCH] [/api/v1/loans/1/return] [127.0.0.1] c.o.s.s.l.controller.LoanController - [s2][LoanController] 반납 요청 처리 완료 - 대출 ID: 1
2026-04-29 12:20:27.018 [http-nio-8080-exec-2] DEBUG [ef93f0ca] [PATCH] [/api/v1/loans/1/return] [127.0.0.1] o.s.w.s.m.m.a.HttpEntityMethodProcessor - Using 'application/json', given [application/json] and supported [application/json, application/*+json]
2026-04-29 12:20:27.018 [http-nio-8080-exec-2] DEBUG [ef93f0ca] [PATCH] [/api/v1/loans/1/return] [127.0.0.1] o.s.w.s.m.m.a.HttpEntityMethodProcessor - Writing [LoanDTO{loanId=1, memberId=1, memberName='김도서', bookId=1, bookTitle='Spring Boot 완벽 가이드', bookIsbn=' (truncated)...]
2026-04-29 12:20:27.019 [http-nio-8080-exec-2] DEBUG [ef93f0ca] [PATCH] [/api/v1/loans/1/return] [127.0.0.1] o.s.web.servlet.DispatcherServlet - Completed 200 OK
2026-04-29 12:20:27.035 [http-nio-8080-exec-3] DEBUG [047e257f] [GET] [/api/v1/loans/overdue] [127.0.0.1] o.s.web.servlet.DispatcherServlet - GET "/api/v1/loans/overdue", parameters={}
2026-04-29 12:20:27.035 [http-nio-8080-exec-3] DEBUG [047e257f] [GET] [/api/v1/loans/overdue] [127.0.0.1] o.s.w.s.m.m.a.RequestMappingHandlerMapping - Mapped to com.ohgiraffers.stability.section02.logging.controller.LoanController#getOverdueLoans()
2026-04-29 12:20:27.035 [http-nio-8080-exec-3] INFO  [047e257f] [GET] [/api/v1/loans/overdue] [127.0.0.1] c.o.s.s.l.controller.LoanController - [s2][LoanController] 연체 대출 목록 조회 요청
2026-04-29 12:20:27.038 [http-nio-8080-exec-3] DEBUG [047e257f] [GET] [/api/v1/loans/overdue] [127.0.0.1] org.hibernate.SQL - 
    select
        l1_0.loan_id,
        l1_0.book_id,
        l1_0.due_date,
        l1_0.fine_amount,
        l1_0.loan_date,
        l1_0.member_id,
        l1_0.overdue_days,
        l1_0.return_date,
        l1_0.status 
    from
        tbl_loan l1_0 
    where
        l1_0.status='ACTIVE' 
        and l1_0.due_date<?
2026-04-29 12:20:27.039 [http-nio-8080-exec-3] INFO  [047e257f] [GET] [/api/v1/loans/overdue] [127.0.0.1] c.o.s.s.l.controller.LoanController - [s2][LoanController] 연체 대출 목록 조회 완료 - 연체 건수: 0건
2026-04-29 12:20:27.039 [http-nio-8080-exec-3] DEBUG [047e257f] [GET] [/api/v1/loans/overdue] [127.0.0.1] o.s.w.s.m.m.a.HttpEntityMethodProcessor - Using 'application/json', given [application/json] and supported [application/json, application/*+json]
2026-04-29 12:20:27.039 [http-nio-8080-exec-3] DEBUG [047e257f] [GET] [/api/v1/loans/overdue] [127.0.0.1] o.s.w.s.m.m.a.HttpEntityMethodProcessor - Writing [[]]
2026-04-29 12:20:27.040 [http-nio-8080-exec-3] DEBUG [047e257f] [GET] [/api/v1/loans/overdue] [127.0.0.1] o.s.web.servlet.DispatcherServlet - Completed 200 OK
2026-04-29 12:20:27.060 [http-nio-8080-exec-8] DEBUG [2131c0b6] [POST] [/api/v1/loans/overdue/process] [127.0.0.1] o.s.web.servlet.DispatcherServlet - POST "/api/v1/loans/overdue/process", parameters={}
2026-04-29 12:20:27.060 [http-nio-8080-exec-8] DEBUG [2131c0b6] [POST] [/api/v1/loans/overdue/process] [127.0.0.1] o.s.w.s.m.m.a.RequestMappingHandlerMapping - Mapped to com.ohgiraffers.stability.section02.logging.controller.LoanController#processOverdueLoans()
2026-04-29 12:20:27.060 [http-nio-8080-exec-8] INFO  [2131c0b6] [POST] [/api/v1/loans/overdue/process] [127.0.0.1] c.o.s.s.l.controller.LoanController - [s2][LoanController] 연체 대출 일괄 처리 요청
2026-04-29 12:20:27.062 [http-nio-8080-exec-8] DEBUG [2131c0b6] [POST] [/api/v1/loans/overdue/process] [127.0.0.1] org.hibernate.SQL - 
    select
        l1_0.loan_id,
        l1_0.book_id,
        l1_0.due_date,
        l1_0.fine_amount,
        l1_0.loan_date,
        l1_0.member_id,
        l1_0.overdue_days,
        l1_0.return_date,
        l1_0.status 
    from
        tbl_loan l1_0 
    where
        l1_0.status='ACTIVE' 
        and l1_0.due_date<?
2026-04-29 12:20:27.062 [http-nio-8080-exec-8] INFO  [2131c0b6] [POST] [/api/v1/loans/overdue/process] [127.0.0.1] c.o.s.s.l.controller.LoanController - [s2][LoanController] 연체 대출 일괄 처리 완료 - 처리 건수: 0건
2026-04-29 12:20:27.063 [http-nio-8080-exec-8] DEBUG [2131c0b6] [POST] [/api/v1/loans/overdue/process] [127.0.0.1] o.s.w.s.m.m.a.HttpEntityMethodProcessor - Using 'application/json', given [application/json] and supported [application/json, application/*+json]
2026-04-29 12:20:27.063 [http-nio-8080-exec-8] DEBUG [2131c0b6] [POST] [/api/v1/loans/overdue/process] [127.0.0.1] o.s.w.s.m.m.a.HttpEntityMethodProcessor - Writing [{processedCount=0, message=연체 대출 일괄 처리가 완료되었습니다.}]
2026-04-29 12:20:27.063 [http-nio-8080-exec-8] DEBUG [2131c0b6] [POST] [/api/v1/loans/overdue/process] [127.0.0.1] o.s.web.servlet.DispatcherServlet - Completed 200 OK
2026-04-29 12:20:27.085 [http-nio-8080-exec-10] DEBUG [cbe8d7b9] [POST] [/api/v1/loans/test/logging] [127.0.0.1] o.s.web.servlet.DispatcherServlet - POST "/api/v1/loans/test/logging?level=debug&message=%EB%94%94%EB%B2%84%EA%B7%B8+%EB%A1%9C%EA%B7%B8+%ED%85%8C%EC%8A%A4%ED%8A%B8%EC%9E%85%EB%8B%88%EB%8B%A4", parameters={masked}
2026-04-29 12:20:27.085 [http-nio-8080-exec-10] DEBUG [cbe8d7b9] [POST] [/api/v1/loans/test/logging] [127.0.0.1] o.s.w.s.m.m.a.RequestMappingHandlerMapping - Mapped to com.ohgiraffers.stability.section02.logging.controller.LoanController#testLogging(String, String)
2026-04-29 12:20:27.086 [http-nio-8080-exec-10] INFO  [cbe8d7b9] [POST] [/api/v1/loans/test/logging] [127.0.0.1] c.o.s.s.l.controller.LoanController - [s2][LoanController] 로깅 테스트 요청 - 레벨: debug, 메시지: 디버그 로그 테스트입니다
2026-04-29 12:20:27.086 [http-nio-8080-exec-10] DEBUG [cbe8d7b9] [POST] [/api/v1/loans/test/logging] [127.0.0.1] c.o.s.s.l.controller.LoanController - [s2][LoanController] DEBUG 테스트: 디버그 로그 테스트입니다
2026-04-29 12:20:27.086 [http-nio-8080-exec-10] DEBUG [cbe8d7b9] [POST] [/api/v1/loans/test/logging] [127.0.0.1] o.s.w.s.m.m.a.HttpEntityMethodProcessor - Using 'application/json', given [application/json] and supported [application/json, application/*+json]
2026-04-29 12:20:27.086 [http-nio-8080-exec-10] DEBUG [cbe8d7b9] [POST] [/api/v1/loans/test/logging] [127.0.0.1] o.s.w.s.m.m.a.HttpEntityMethodProcessor - Writing [{result=로깅 테스트가 완료되었습니다., level=debug, message=디버그 로그 테스트입니다}]
2026-04-29 12:20:27.087 [http-nio-8080-exec-10] DEBUG [cbe8d7b9] [POST] [/api/v1/loans/test/logging] [127.0.0.1] o.s.web.servlet.DispatcherServlet - Completed 200 OK
2026-04-29 12:20:27.122 [http-nio-8080-exec-6] DEBUG [85117de4] [POST] [/api/v1/loans/test/logging] [127.0.0.1] o.s.web.servlet.DispatcherServlet - POST "/api/v1/loans/test/logging?level=info&message=%EC%A0%95%EB%B3%B4+%EB%A1%9C%EA%B7%B8+%ED%85%8C%EC%8A%A4%ED%8A%B8%EC%9E%85%EB%8B%88%EB%8B%A4", parameters={masked}
2026-04-29 12:20:27.122 [http-nio-8080-exec-6] DEBUG [85117de4] [POST] [/api/v1/loans/test/logging] [127.0.0.1] o.s.w.s.m.m.a.RequestMappingHandlerMapping - Mapped to com.ohgiraffers.stability.section02.logging.controller.LoanController#testLogging(String, String)
2026-04-29 12:20:27.122 [http-nio-8080-exec-6] INFO  [85117de4] [POST] [/api/v1/loans/test/logging] [127.0.0.1] c.o.s.s.l.controller.LoanController - [s2][LoanController] 로깅 테스트 요청 - 레벨: info, 메시지: 정보 로그 테스트입니다
2026-04-29 12:20:27.123 [http-nio-8080-exec-6] INFO  [85117de4] [POST] [/api/v1/loans/test/logging] [127.0.0.1] c.o.s.s.l.controller.LoanController - [s2][LoanController] INFO 테스트: 정보 로그 테스트입니다
2026-04-29 12:20:27.123 [http-nio-8080-exec-6] DEBUG [85117de4] [POST] [/api/v1/loans/test/logging] [127.0.0.1] o.s.w.s.m.m.a.HttpEntityMethodProcessor - Using 'application/json', given [application/json] and supported [application/json, application/*+json]
2026-04-29 12:20:27.123 [http-nio-8080-exec-6] DEBUG [85117de4] [POST] [/api/v1/loans/test/logging] [127.0.0.1] o.s.w.s.m.m.a.HttpEntityMethodProcessor - Writing [{result=로깅 테스트가 완료되었습니다., level=info, message=정보 로그 테스트입니다}]
2026-04-29 12:20:27.123 [http-nio-8080-exec-6] DEBUG [85117de4] [POST] [/api/v1/loans/test/logging] [127.0.0.1] o.s.web.servlet.DispatcherServlet - Completed 200 OK
2026-04-29 12:20:27.143 [http-nio-8080-exec-7] DEBUG [af884b38] [POST] [/api/v1/loans/test/logging] [127.0.0.1] o.s.web.servlet.DispatcherServlet - POST "/api/v1/loans/test/logging?level=warn&message=%EA%B2%BD%EA%B3%A0+%EB%A1%9C%EA%B7%B8+%ED%85%8C%EC%8A%A4%ED%8A%B8%EC%9E%85%EB%8B%88%EB%8B%A4", parameters={masked}
2026-04-29 12:20:27.143 [http-nio-8080-exec-7] DEBUG [af884b38] [POST] [/api/v1/loans/test/logging] [127.0.0.1] o.s.w.s.m.m.a.RequestMappingHandlerMapping - Mapped to com.ohgiraffers.stability.section02.logging.controller.LoanController#testLogging(String, String)
2026-04-29 12:20:27.143 [http-nio-8080-exec-7] INFO  [af884b38] [POST] [/api/v1/loans/test/logging] [127.0.0.1] c.o.s.s.l.controller.LoanController - [s2][LoanController] 로깅 테스트 요청 - 레벨: warn, 메시지: 경고 로그 테스트입니다
2026-04-29 12:20:27.143 [http-nio-8080-exec-7] WARN  [af884b38] [POST] [/api/v1/loans/test/logging] [127.0.0.1] c.o.s.s.l.controller.LoanController - [s2][LoanController] WARN 테스트: 경고 로그 테스트입니다
2026-04-29 12:20:27.144 [http-nio-8080-exec-7] DEBUG [af884b38] [POST] [/api/v1/loans/test/logging] [127.0.0.1] o.s.w.s.m.m.a.HttpEntityMethodProcessor - Using 'application/json', given [application/json] and supported [application/json, application/*+json]
2026-04-29 12:20:27.144 [http-nio-8080-exec-7] DEBUG [af884b38] [POST] [/api/v1/loans/test/logging] [127.0.0.1] o.s.w.s.m.m.a.HttpEntityMethodProcessor - Writing [{result=로깅 테스트가 완료되었습니다., level=warn, message=경고 로그 테스트입니다}]
2026-04-29 12:20:27.144 [http-nio-8080-exec-7] DEBUG [af884b38] [POST] [/api/v1/loans/test/logging] [127.0.0.1] o.s.web.servlet.DispatcherServlet - Completed 200 OK
2026-04-29 12:20:27.163 [http-nio-8080-exec-4] DEBUG [8255686f] [POST] [/api/v1/loans/test/logging] [127.0.0.1] o.s.web.servlet.DispatcherServlet - POST "/api/v1/loans/test/logging?level=error&message=%EC%97%90%EB%9F%AC+%EB%A1%9C%EA%B7%B8+%ED%85%8C%EC%8A%A4%ED%8A%B8%EC%9E%85%EB%8B%88%EB%8B%A4", parameters={masked}
2026-04-29 12:20:27.164 [http-nio-8080-exec-4] DEBUG [8255686f] [POST] [/api/v1/loans/test/logging] [127.0.0.1] o.s.w.s.m.m.a.RequestMappingHandlerMapping - Mapped to com.ohgiraffers.stability.section02.logging.controller.LoanController#testLogging(String, String)
2026-04-29 12:20:27.164 [http-nio-8080-exec-4] INFO  [8255686f] [POST] [/api/v1/loans/test/logging] [127.0.0.1] c.o.s.s.l.controller.LoanController - [s2][LoanController] 로깅 테스트 요청 - 레벨: error, 메시지: 에러 로그 테스트입니다
2026-04-29 12:20:27.164 [http-nio-8080-exec-4] ERROR [8255686f] [POST] [/api/v1/loans/test/logging] [127.0.0.1] c.o.s.s.l.controller.LoanController - [s2][LoanController] ERROR 테스트: 에러 로그 테스트입니다
2026-04-29 12:20:27.164 [http-nio-8080-exec-4] DEBUG [8255686f] [POST] [/api/v1/loans/test/logging] [127.0.0.1] o.s.w.s.m.m.a.HttpEntityMethodProcessor - Using 'application/json', given [application/json] and supported [application/json, application/*+json]
2026-04-29 12:20:27.164 [http-nio-8080-exec-4] DEBUG [8255686f] [POST] [/api/v1/loans/test/logging] [127.0.0.1] o.s.w.s.m.m.a.HttpEntityMethodProcessor - Writing [{result=로깅 테스트가 완료되었습니다., level=error, message=에러 로그 테스트입니다}]
2026-04-29 12:20:27.165 [http-nio-8080-exec-4] DEBUG [8255686f] [POST] [/api/v1/loans/test/logging] [127.0.0.1] o.s.web.servlet.DispatcherServlet - Completed 200 OK
2026-04-29 12:20:27.182 [http-nio-8080-exec-9] DEBUG [de472bfa] [POST] [/api/v1/loans] [127.0.0.1] o.s.web.servlet.DispatcherServlet - POST "/api/v1/loans?memberId=999&bookId=1", parameters={masked}
2026-04-29 12:20:27.182 [http-nio-8080-exec-9] DEBUG [de472bfa] [POST] [/api/v1/loans] [127.0.0.1] o.s.w.s.m.m.a.RequestMappingHandlerMapping - Mapped to com.ohgiraffers.stability.section02.logging.controller.LoanController#createLoan(Long, Long)
2026-04-29 12:20:27.182 [http-nio-8080-exec-9] INFO  [de472bfa] [POST] [/api/v1/loans] [127.0.0.1] c.o.s.s.l.controller.LoanController - [s2][LoanController] 대출 요청 접수 - 회원 ID: 999, 도서 ID: 1
2026-04-29 12:20:27.183 [http-nio-8080-exec-9] DEBUG [de472bfa] [POST] [/api/v1/loans] [127.0.0.1] org.hibernate.SQL - 
    select
        m1_0.member_id,
        m1_0.active,
        m1_0.email,
        m1_0.join_date,
        m1_0.member_name,
        m1_0.phone 
    from
        tbl_member m1_0 
    where
        m1_0.member_id=?
2026-04-29 12:20:27.185 [http-nio-8080-exec-9] DEBUG [de472bfa] [POST] [/api/v1/loans] [127.0.0.1] o.s.w.s.m.m.a.ExceptionHandlerExceptionResolver - Using @ExceptionHandler com.ohgiraffers.stability.section01.exception.handler.GlobalExceptionHandler#handleIllegalArgumentException(IllegalArgumentException, HttpServletRequest)
2026-04-29 12:20:27.185 [http-nio-8080-exec-9] WARN  [de472bfa] [POST] [/api/v1/loans] [127.0.0.1] c.o.s.s.e.h.GlobalExceptionHandler - [s1][GlobalExceptionHandler] 잘못된 인수: 존재하지 않는 회원입니다: 999
2026-04-29 12:20:27.187 [http-nio-8080-exec-9] DEBUG [de472bfa] [POST] [/api/v1/loans] [127.0.0.1] o.s.w.s.m.m.a.HttpEntityMethodProcessor - Using 'application/json', given [application/json] and supported [application/json, application/*+json]
2026-04-29 12:20:27.187 [http-nio-8080-exec-9] DEBUG [de472bfa] [POST] [/api/v1/loans] [127.0.0.1] o.s.w.s.m.m.a.HttpEntityMethodProcessor - Writing [ErrorResponse{errorCode='INVALID_ARGUMENT', message='존재하지 않는 회원입니다: 999', timestamp=2026-04-29T12:20 (truncated)...]
2026-04-29 12:20:27.187 [http-nio-8080-exec-9] WARN  [de472bfa] [POST] [/api/v1/loans] [127.0.0.1] o.s.w.s.m.m.a.ExceptionHandlerExceptionResolver - Resolved [java.lang.IllegalArgumentException: 존재하지 않는 회원입니다: 999]
2026-04-29 12:20:27.188 [http-nio-8080-exec-9] DEBUG [de472bfa] [POST] [/api/v1/loans] [127.0.0.1] o.s.web.servlet.DispatcherServlet - Completed 400 BAD_REQUEST
2026-04-29 12:20:27.204 [http-nio-8080-exec-5] DEBUG [5ab3a14d] [POST] [/api/v1/loans] [127.0.0.1] o.s.web.servlet.DispatcherServlet - POST "/api/v1/loans?memberId=1&bookId=999", parameters={masked}
2026-04-29 12:20:27.204 [http-nio-8080-exec-5] DEBUG [5ab3a14d] [POST] [/api/v1/loans] [127.0.0.1] o.s.w.s.m.m.a.RequestMappingHandlerMapping - Mapped to com.ohgiraffers.stability.section02.logging.controller.LoanController#createLoan(Long, Long)
2026-04-29 12:20:27.204 [http-nio-8080-exec-5] INFO  [5ab3a14d] [POST] [/api/v1/loans] [127.0.0.1] c.o.s.s.l.controller.LoanController - [s2][LoanController] 대출 요청 접수 - 회원 ID: 1, 도서 ID: 999
2026-04-29 12:20:27.205 [http-nio-8080-exec-5] DEBUG [5ab3a14d] [POST] [/api/v1/loans] [127.0.0.1] org.hibernate.SQL - 
    select
        m1_0.member_id,
        m1_0.active,
        m1_0.email,
        m1_0.join_date,
        m1_0.member_name,
        m1_0.phone 
    from
        tbl_member m1_0 
    where
        m1_0.member_id=?
2026-04-29 12:20:27.206 [http-nio-8080-exec-5] DEBUG [5ab3a14d] [POST] [/api/v1/loans] [127.0.0.1] org.hibernate.SQL - 
    select
        b1_0.book_id,
        b1_0.author,
        b1_0.available,
        b1_0.isbn,
        b1_0.publish_date,
        b1_0.publisher,
        b1_0.stock_quantity,
        b1_0.title 
    from
        tbl_book b1_0 
    where
        b1_0.book_id=?
2026-04-29 12:20:27.208 [http-nio-8080-exec-5] DEBUG [5ab3a14d] [POST] [/api/v1/loans] [127.0.0.1] o.s.w.s.m.m.a.ExceptionHandlerExceptionResolver - Using @ExceptionHandler com.ohgiraffers.stability.section01.exception.handler.GlobalExceptionHandler#handleBookNotFoundException(BookNotFoundException, HttpServletRequest)
2026-04-29 12:20:27.208 [http-nio-8080-exec-5] WARN  [5ab3a14d] [POST] [/api/v1/loans] [127.0.0.1] c.o.s.s.e.h.GlobalExceptionHandler - [s1][GlobalExceptionHandler] 도서 조회 실패: 해당 ID의 도서를 찾을 수 없습니다: 999
2026-04-29 12:20:27.208 [http-nio-8080-exec-5] DEBUG [5ab3a14d] [POST] [/api/v1/loans] [127.0.0.1] o.s.w.s.m.m.a.HttpEntityMethodProcessor - Using 'application/json', given [application/json] and supported [application/json, application/*+json]
2026-04-29 12:20:27.208 [http-nio-8080-exec-5] DEBUG [5ab3a14d] [POST] [/api/v1/loans] [127.0.0.1] o.s.w.s.m.m.a.HttpEntityMethodProcessor - Writing [ErrorResponse{errorCode='BOOK_NOT_FOUND_BY_ID', message='해당 ID의 도서를 찾을 수 없습니다: 999', timestamp=2026- (truncated)...]
2026-04-29 12:20:27.209 [http-nio-8080-exec-5] WARN  [5ab3a14d] [POST] [/api/v1/loans] [127.0.0.1] o.s.w.s.m.m.a.ExceptionHandlerExceptionResolver - Resolved [com.ohgiraffers.stability.section01.exception.exception.BookNotFoundException: 해당 ID의 도서를 찾을 수 없습니다: 999]
2026-04-29 12:20:27.209 [http-nio-8080-exec-5] DEBUG [5ab3a14d] [POST] [/api/v1/loans] [127.0.0.1] o.s.web.servlet.DispatcherServlet - Completed 404 NOT_FOUND
2026-04-29 12:20:27.224 [http-nio-8080-exec-1] DEBUG [2021d47c] [PATCH] [/api/v1/loans/1/return] [127.0.0.1] o.s.web.servlet.DispatcherServlet - PATCH "/api/v1/loans/1/return", parameters={}
2026-04-29 12:20:27.225 [http-nio-8080-exec-1] DEBUG [2021d47c] [PATCH] [/api/v1/loans/1/return] [127.0.0.1] o.s.w.s.m.m.a.RequestMappingHandlerMapping - Mapped to com.ohgiraffers.stability.section02.logging.controller.LoanController#returnBook(Long)
2026-04-29 12:20:27.225 [http-nio-8080-exec-1] INFO  [2021d47c] [PATCH] [/api/v1/loans/1/return] [127.0.0.1] c.o.s.s.l.controller.LoanController - [s2][LoanController] 반납 요청 접수 - 대출 ID: 1
2026-04-29 12:20:27.225 [http-nio-8080-exec-1] DEBUG [2021d47c] [PATCH] [/api/v1/loans/1/return] [127.0.0.1] org.hibernate.SQL - 
    select
        l1_0.loan_id,
        l1_0.book_id,
        l1_0.due_date,
        l1_0.fine_amount,
        l1_0.loan_date,
        l1_0.member_id,
        l1_0.overdue_days,
        l1_0.return_date,
        l1_0.status 
    from
        tbl_loan l1_0 
    where
        l1_0.loan_id=?
2026-04-29 12:20:27.227 [http-nio-8080-exec-1] DEBUG [2021d47c] [PATCH] [/api/v1/loans/1/return] [127.0.0.1] o.s.w.s.m.m.a.ExceptionHandlerExceptionResolver - Using @ExceptionHandler com.ohgiraffers.stability.section01.exception.handler.GlobalExceptionHandler#handleIllegalArgumentException(IllegalArgumentException, HttpServletRequest)
2026-04-29 12:20:27.227 [http-nio-8080-exec-1] WARN  [2021d47c] [PATCH] [/api/v1/loans/1/return] [127.0.0.1] c.o.s.s.e.h.GlobalExceptionHandler - [s1][GlobalExceptionHandler] 잘못된 인수: 이미 반납된 도서입니다: 1
2026-04-29 12:20:27.227 [http-nio-8080-exec-1] DEBUG [2021d47c] [PATCH] [/api/v1/loans/1/return] [127.0.0.1] o.s.w.s.m.m.a.HttpEntityMethodProcessor - Using 'application/json', given [application/json] and supported [application/json, application/*+json]
2026-04-29 12:20:27.227 [http-nio-8080-exec-1] DEBUG [2021d47c] [PATCH] [/api/v1/loans/1/return] [127.0.0.1] o.s.w.s.m.m.a.HttpEntityMethodProcessor - Writing [ErrorResponse{errorCode='INVALID_ARGUMENT', message='이미 반납된 도서입니다: 1', timestamp=2026-04-29T12:20:27 (truncated)...]
2026-04-29 12:20:27.228 [http-nio-8080-exec-1] WARN  [2021d47c] [PATCH] [/api/v1/loans/1/return] [127.0.0.1] o.s.w.s.m.m.a.ExceptionHandlerExceptionResolver - Resolved [java.lang.IllegalArgumentException: 이미 반납된 도서입니다: 1]
2026-04-29 12:20:27.228 [http-nio-8080-exec-1] DEBUG [2021d47c] [PATCH] [/api/v1/loans/1/return] [127.0.0.1] o.s.web.servlet.DispatcherServlet - Completed 400 BAD_REQUEST
2026-04-29 12:20:27.256 [http-nio-8080-exec-2] DEBUG [8ac27fd6] [PATCH] [/api/v1/loans/2/extend] [127.0.0.1] o.s.web.servlet.DispatcherServlet - PATCH "/api/v1/loans/2/extend?extensionDays=30", parameters={masked}
2026-04-29 12:20:27.257 [http-nio-8080-exec-2] DEBUG [8ac27fd6] [PATCH] [/api/v1/loans/2/extend] [127.0.0.1] o.s.w.s.m.m.a.RequestMappingHandlerMapping - Mapped to com.ohgiraffers.stability.section02.logging.controller.LoanController#extendLoan(Long, int)
2026-04-29 12:20:27.257 [http-nio-8080-exec-2] INFO  [8ac27fd6] [PATCH] [/api/v1/loans/2/extend] [127.0.0.1] c.o.s.s.l.controller.LoanController - [s2][LoanController] 대출 연장 요청 접수 - 대출 ID: 2, 연장 일수: 30일
2026-04-29 12:20:27.257 [http-nio-8080-exec-2] DEBUG [8ac27fd6] [PATCH] [/api/v1/loans/2/extend] [127.0.0.1] org.hibernate.SQL - 
    select
        l1_0.loan_id,
        l1_0.book_id,
        l1_0.due_date,
        l1_0.fine_amount,
        l1_0.loan_date,
        l1_0.member_id,
        l1_0.overdue_days,
        l1_0.return_date,
        l1_0.status 
    from
        tbl_loan l1_0 
    where
        l1_0.loan_id=?
2026-04-29 12:20:27.259 [http-nio-8080-exec-2] DEBUG [8ac27fd6] [PATCH] [/api/v1/loans/2/extend] [127.0.0.1] o.s.w.s.m.m.a.ExceptionHandlerExceptionResolver - Using @ExceptionHandler com.ohgiraffers.stability.section01.exception.handler.GlobalExceptionHandler#handleIllegalArgumentException(IllegalArgumentException, HttpServletRequest)
2026-04-29 12:20:27.259 [http-nio-8080-exec-2] WARN  [8ac27fd6] [PATCH] [/api/v1/loans/2/extend] [127.0.0.1] c.o.s.s.e.h.GlobalExceptionHandler - [s1][GlobalExceptionHandler] 잘못된 인수: 연장 일수는 1일 이상 14일 이하여야 합니다: 30
2026-04-29 12:20:27.260 [http-nio-8080-exec-2] DEBUG [8ac27fd6] [PATCH] [/api/v1/loans/2/extend] [127.0.0.1] o.s.w.s.m.m.a.HttpEntityMethodProcessor - Using 'application/json', given [application/json] and supported [application/json, application/*+json]
2026-04-29 12:20:27.260 [http-nio-8080-exec-2] DEBUG [8ac27fd6] [PATCH] [/api/v1/loans/2/extend] [127.0.0.1] o.s.w.s.m.m.a.HttpEntityMethodProcessor - Writing [ErrorResponse{errorCode='INVALID_ARGUMENT', message='연장 일수는 1일 이상 14일 이하여야 합니다: 30', timestamp=2026- (truncated)...]
2026-04-29 12:20:27.260 [http-nio-8080-exec-2] WARN  [8ac27fd6] [PATCH] [/api/v1/loans/2/extend] [127.0.0.1] o.s.w.s.m.m.a.ExceptionHandlerExceptionResolver - Resolved [java.lang.IllegalArgumentException: 연장 일수는 1일 이상 14일 이하여야 합니다: 30]
2026-04-29 12:20:27.260 [http-nio-8080-exec-2] DEBUG [8ac27fd6] [PATCH] [/api/v1/loans/2/extend] [127.0.0.1] o.s.web.servlet.DispatcherServlet - Completed 400 BAD_REQUEST
2026-04-29 12:20:27.281 [http-nio-8080-exec-3] DEBUG [2c4b3229] [GET] [/api/v1/loans/member/1] [127.0.0.1] o.s.web.servlet.DispatcherServlet - GET "/api/v1/loans/member/1", parameters={}
2026-04-29 12:20:27.281 [http-nio-8080-exec-3] DEBUG [2c4b3229] [GET] [/api/v1/loans/member/1] [127.0.0.1] o.s.w.s.m.m.a.RequestMappingHandlerMapping - Mapped to com.ohgiraffers.stability.section02.logging.controller.LoanController#getLoansByMember(Long)
2026-04-29 12:20:27.281 [http-nio-8080-exec-3] INFO  [2c4b3229] [GET] [/api/v1/loans/member/1] [127.0.0.1] c.o.s.s.l.controller.LoanController - [s2][LoanController] 회원별 대출 목록 조회 요청 - 회원 ID: 1
2026-04-29 12:20:27.282 [http-nio-8080-exec-3] DEBUG [2c4b3229] [GET] [/api/v1/loans/member/1] [127.0.0.1] org.hibernate.SQL - 
    select
        m1_0.member_id,
        m1_0.active,
        m1_0.email,
        m1_0.join_date,
        m1_0.member_name,
        m1_0.phone 
    from
        tbl_member m1_0 
    where
        m1_0.member_id=?
2026-04-29 12:20:27.284 [http-nio-8080-exec-3] DEBUG [2c4b3229] [GET] [/api/v1/loans/member/1] [127.0.0.1] org.hibernate.SQL - 
    select
        l1_0.loan_id,
        l1_0.book_id,
        l1_0.due_date,
        l1_0.fine_amount,
        l1_0.loan_date,
        l1_0.member_id,
        l1_0.overdue_days,
        l1_0.return_date,
        l1_0.status 
    from
        tbl_loan l1_0 
    where
        l1_0.member_id=?
2026-04-29 12:20:27.285 [http-nio-8080-exec-3] DEBUG [2c4b3229] [GET] [/api/v1/loans/member/1] [127.0.0.1] org.hibernate.SQL - 
    select
        b1_0.book_id,
        b1_0.author,
        b1_0.available,
        b1_0.isbn,
        b1_0.publish_date,
        b1_0.publisher,
        b1_0.stock_quantity,
        b1_0.title 
    from
        tbl_book b1_0 
    where
        b1_0.book_id=?
2026-04-29 12:20:27.285 [http-nio-8080-exec-3] DEBUG [2c4b3229] [GET] [/api/v1/loans/member/1] [127.0.0.1] org.hibernate.SQL - 
    select
        b1_0.book_id,
        b1_0.author,
        b1_0.available,
        b1_0.isbn,
        b1_0.publish_date,
        b1_0.publisher,
        b1_0.stock_quantity,
        b1_0.title 
    from
        tbl_book b1_0 
    where
        b1_0.book_id=?
2026-04-29 12:20:27.286 [http-nio-8080-exec-3] INFO  [2c4b3229] [GET] [/api/v1/loans/member/1] [127.0.0.1] c.o.s.s.l.controller.LoanController - [s2][LoanController] 회원별 대출 목록 조회 완료 - 회원 ID: 1, 대출 수: 2건
2026-04-29 12:20:27.286 [http-nio-8080-exec-3] DEBUG [2c4b3229] [GET] [/api/v1/loans/member/1] [127.0.0.1] o.s.w.s.m.m.a.HttpEntityMethodProcessor - Using 'application/json', given [application/json] and supported [application/json, application/*+json]
2026-04-29 12:20:27.286 [http-nio-8080-exec-3] DEBUG [2c4b3229] [GET] [/api/v1/loans/member/1] [127.0.0.1] o.s.w.s.m.m.a.HttpEntityMethodProcessor - Writing [[LoanDTO{loanId=1, memberId=1, memberName='김도서', bookId=1, bookTitle='Spring Boot 완벽 가이드', bookIsbn= (truncated)...]
2026-04-29 12:20:27.286 [http-nio-8080-exec-3] DEBUG [2c4b3229] [GET] [/api/v1/loans/member/1] [127.0.0.1] o.s.web.servlet.DispatcherServlet - Completed 200 OK
2026-04-29 12:20:27.342 [http-nio-8080-exec-8] DEBUG [79d0f0e1] [GET] [/api/v1/loans/status] [127.0.0.1] o.s.web.servlet.DispatcherServlet - GET "/api/v1/loans/status", parameters={}
2026-04-29 12:20:27.342 [http-nio-8080-exec-8] DEBUG [79d0f0e1] [GET] [/api/v1/loans/status] [127.0.0.1] o.s.w.s.m.m.a.RequestMappingHandlerMapping - Mapped to com.ohgiraffers.stability.section02.logging.controller.LoanController#getSystemStatus()
2026-04-29 12:20:27.343 [http-nio-8080-exec-8] INFO  [79d0f0e1] [GET] [/api/v1/loans/status] [127.0.0.1] c.o.s.s.l.controller.LoanController - [s2][LoanController] 대출 시스템 상태 확인 요청
2026-04-29 12:20:27.343 [http-nio-8080-exec-8] INFO  [79d0f0e1] [GET] [/api/v1/loans/status] [127.0.0.1] c.o.s.s.l.controller.LoanController - [s2][LoanController] 대출 시스템 상태 확인 완료 - 상태: HEALTHY
2026-04-29 12:20:27.343 [http-nio-8080-exec-8] DEBUG [79d0f0e1] [GET] [/api/v1/loans/status] [127.0.0.1] o.s.w.s.m.m.a.HttpEntityMethodProcessor - Using 'application/json', given [application/json] and supported [application/json, application/*+json]
2026-04-29 12:20:27.344 [http-nio-8080-exec-8] DEBUG [79d0f0e1] [GET] [/api/v1/loans/status] [127.0.0.1] o.s.w.s.m.m.a.HttpEntityMethodProcessor - Writing [{status=HEALTHY, message=대출 시스템이 정상적으로 동작 중입니다., timestamp=2026-04-29T12:20:27.343189200}]
2026-04-29 12:20:27.345 [http-nio-8080-exec-8] DEBUG [79d0f0e1] [GET] [/api/v1/loans/status] [127.0.0.1] o.s.web.servlet.DispatcherServlet - Completed 200 OK
2026-04-29 12:21:21.099 [http-nio-8080-exec-9] DEBUG [3b1b2502] [GET] [/favicon.ico] [0:0:0:0:0:0:0:1] o.s.web.servlet.DispatcherServlet - GET "/favicon.ico", parameters={}
2026-04-29 12:21:21.099 [http-nio-8080-exec-9] DEBUG [3b1b2502] [GET] [/favicon.ico] [0:0:0:0:0:0:0:1] o.s.w.s.h.SimpleUrlHandlerMapping - Mapped to ResourceHttpRequestHandler [classpath [META-INF/resources/], classpath [resources/], classpath [static/], classpath [public/], ServletContext [/]]
2026-04-29 12:21:21.100 [http-nio-8080-exec-9] DEBUG [3b1b2502] [GET] [/favicon.ico] [0:0:0:0:0:0:0:1] o.s.w.s.r.ResourceHttpRequestHandler - Resource not found
2026-04-29 12:21:21.101 [http-nio-8080-exec-9] DEBUG [3b1b2502] [GET] [/favicon.ico] [0:0:0:0:0:0:0:1] o.s.w.s.m.m.a.ExceptionHandlerExceptionResolver - Using @ExceptionHandler com.ohgiraffers.stability.section01.exception.handler.GlobalExceptionHandler#handleGenericException(Exception, HttpServletRequest)
2026-04-29 12:21:21.101 [http-nio-8080-exec-9] ERROR [3b1b2502] [GET] [/favicon.ico] [0:0:0:0:0:0:0:1] c.o.s.s.e.h.GlobalExceptionHandler - [s1][GlobalExceptionHandler] 예상하지 못한 오류 발생
org.springframework.web.servlet.resource.NoResourceFoundException: No static resource favicon.ico.
	at org.springframework.web.servlet.resource.ResourceHttpRequestHandler.handleRequest(ResourceHttpRequestHandler.java:585)
	at org.springframework.web.servlet.mvc.HttpRequestHandlerAdapter.handle(HttpRequestHandlerAdapter.java:52)
	at org.springframework.web.servlet.DispatcherServlet.doDispatch(DispatcherServlet.java:1089)
	at org.springframework.web.servlet.DispatcherServlet.doService(DispatcherServlet.java:979)
	at org.springframework.web.servlet.FrameworkServlet.processRequest(FrameworkServlet.java:1014)
	at org.springframework.web.servlet.FrameworkServlet.doGet(FrameworkServlet.java:903)
	at jakarta.servlet.http.HttpServlet.service(HttpServlet.java:564)
	at org.springframework.web.servlet.FrameworkServlet.service(FrameworkServlet.java:885)
	at jakarta.servlet.http.HttpServlet.service(HttpServlet.java:658)
	at org.apache.catalina.core.ApplicationFilterChain.internalDoFilter(ApplicationFilterChain.java:193)
	at org.apache.catalina.core.ApplicationFilterChain.doFilter(ApplicationFilterChain.java:138)
	at org.apache.tomcat.websocket.server.WsFilter.doFilter(WsFilter.java:51)
	at org.apache.catalina.core.ApplicationFilterChain.internalDoFilter(ApplicationFilterChain.java:162)
	at org.apache.catalina.core.ApplicationFilterChain.doFilter(ApplicationFilterChain.java:138)
	at com.ohgiraffers.stability.section02.logging.config.LoggingConfig$1.doFilterInternal(LoggingConfig.java:78)
	at org.springframework.web.filter.OncePerRequestFilter.doFilter(OncePerRequestFilter.java:116)
	at org.apache.catalina.core.ApplicationFilterChain.internalDoFilter(ApplicationFilterChain.java:162)
	at org.apache.catalina.core.ApplicationFilterChain.doFilter(ApplicationFilterChain.java:138)
	at org.springframework.web.filter.RequestContextFilter.doFilterInternal(RequestContextFilter.java:100)
	at org.springframework.web.filter.OncePerRequestFilter.doFilter(OncePerRequestFilter.java:116)
	at org.apache.catalina.core.ApplicationFilterChain.internalDoFilter(ApplicationFilterChain.java:162)
	at org.apache.catalina.core.ApplicationFilterChain.doFilter(ApplicationFilterChain.java:138)
	at org.springframework.web.filter.FormContentFilter.doFilterInternal(FormContentFilter.java:93)
	at org.springframework.web.filter.OncePerRequestFilter.doFilter(OncePerRequestFilter.java:116)
	at org.apache.catalina.core.ApplicationFilterChain.internalDoFilter(ApplicationFilterChain.java:162)
	at org.apache.catalina.core.ApplicationFilterChain.doFilter(ApplicationFilterChain.java:138)
	at org.springframework.web.filter.CharacterEncodingFilter.doFilterInternal(CharacterEncodingFilter.java:201)
	at org.springframework.web.filter.OncePerRequestFilter.doFilter(OncePerRequestFilter.java:116)
	at org.apache.catalina.core.ApplicationFilterChain.internalDoFilter(ApplicationFilterChain.java:162)
	at org.apache.catalina.core.ApplicationFilterChain.doFilter(ApplicationFilterChain.java:138)
	at org.apache.catalina.core.StandardWrapperValve.invoke(StandardWrapperValve.java:165)
	at org.apache.catalina.core.StandardContextValve.invoke(StandardContextValve.java:88)
	at org.apache.catalina.authenticator.AuthenticatorBase.invoke(AuthenticatorBase.java:482)
	at org.apache.catalina.core.StandardHostValve.invoke(StandardHostValve.java:113)
	at org.apache.catalina.valves.ErrorReportValve.invoke(ErrorReportValve.java:83)
	at org.apache.catalina.core.StandardEngineValve.invoke(StandardEngineValve.java:72)
	at org.apache.catalina.connector.CoyoteAdapter.service(CoyoteAdapter.java:342)
	at org.apache.coyote.http11.Http11Processor.service(Http11Processor.java:399)
	at org.apache.coyote.AbstractProcessorLight.process(AbstractProcessorLight.java:63)
	at org.apache.coyote.AbstractProtocol$ConnectionHandler.process(AbstractProtocol.java:903)
	at org.apache.tomcat.util.net.NioEndpoint$SocketProcessor.doRun(NioEndpoint.java:1774)
	at org.apache.tomcat.util.net.SocketProcessorBase.run(SocketProcessorBase.java:52)
	at org.apache.tomcat.util.threads.ThreadPoolExecutor.runWorker(ThreadPoolExecutor.java:973)
	at org.apache.tomcat.util.threads.ThreadPoolExecutor$Worker.run(ThreadPoolExecutor.java:491)
	at org.apache.tomcat.util.threads.TaskThread$WrappingRunnable.run(TaskThread.java:63)
	at java.base/java.lang.Thread.run(Thread.java:840)
2026-04-29 12:21:21.102 [http-nio-8080-exec-9] DEBUG [3b1b2502] [GET] [/favicon.ico] [0:0:0:0:0:0:0:1] o.s.w.s.m.m.a.HttpEntityMethodProcessor - Using 'application/json;q=0.8', given [image/avif, image/webp, image/apng, image/svg+xml, image/*, */*;q=0.8] and supported [application/json, application/*+json]
2026-04-29 12:21:21.102 [http-nio-8080-exec-9] DEBUG [3b1b2502] [GET] [/favicon.ico] [0:0:0:0:0:0:0:1] o.s.w.s.m.m.a.HttpEntityMethodProcessor - Writing [ErrorResponse{errorCode='INTERNAL_SERVER_ERROR', message='서버 내부 오류가 발생했습니다.', timestamp=2026-04-29T1 (truncated)...]
2026-04-29 12:21:21.102 [http-nio-8080-exec-9] WARN  [3b1b2502] [GET] [/favicon.ico] [0:0:0:0:0:0:0:1] o.s.w.s.m.m.a.ExceptionHandlerExceptionResolver - Resolved [org.springframework.web.servlet.resource.NoResourceFoundException: No static resource favicon.ico.]
2026-04-29 12:21:21.102 [http-nio-8080-exec-9] DEBUG [3b1b2502] [GET] [/favicon.ico] [0:0:0:0:0:0:0:1] o.s.web.servlet.DispatcherServlet - Completed 500 INTERNAL_SERVER_ERROR
2026-04-29 12:21:26.774 [http-nio-8080-exec-2] DEBUG [7e0ddbf3] [GET] [/favicon.ico] [0:0:0:0:0:0:0:1] o.s.web.servlet.DispatcherServlet - GET "/favicon.ico", parameters={}
2026-04-29 12:21:26.774 [http-nio-8080-exec-2] DEBUG [7e0ddbf3] [GET] [/favicon.ico] [0:0:0:0:0:0:0:1] o.s.w.s.h.SimpleUrlHandlerMapping - Mapped to ResourceHttpRequestHandler [classpath [META-INF/resources/], classpath [resources/], classpath [static/], classpath [public/], ServletContext [/]]
2026-04-29 12:21:26.776 [http-nio-8080-exec-2] DEBUG [7e0ddbf3] [GET] [/favicon.ico] [0:0:0:0:0:0:0:1] o.s.w.s.r.ResourceHttpRequestHandler - Resource not found
2026-04-29 12:21:26.776 [http-nio-8080-exec-2] DEBUG [7e0ddbf3] [GET] [/favicon.ico] [0:0:0:0:0:0:0:1] o.s.w.s.m.m.a.ExceptionHandlerExceptionResolver - Using @ExceptionHandler com.ohgiraffers.stability.section01.exception.handler.GlobalExceptionHandler#handleGenericException(Exception, HttpServletRequest)
2026-04-29 12:21:26.776 [http-nio-8080-exec-2] ERROR [7e0ddbf3] [GET] [/favicon.ico] [0:0:0:0:0:0:0:1] c.o.s.s.e.h.GlobalExceptionHandler - [s1][GlobalExceptionHandler] 예상하지 못한 오류 발생
org.springframework.web.servlet.resource.NoResourceFoundException: No static resource favicon.ico.
	at org.springframework.web.servlet.resource.ResourceHttpRequestHandler.handleRequest(ResourceHttpRequestHandler.java:585)
	at org.springframework.web.servlet.mvc.HttpRequestHandlerAdapter.handle(HttpRequestHandlerAdapter.java:52)
	at org.springframework.web.servlet.DispatcherServlet.doDispatch(DispatcherServlet.java:1089)
	at org.springframework.web.servlet.DispatcherServlet.doService(DispatcherServlet.java:979)
	at org.springframework.web.servlet.FrameworkServlet.processRequest(FrameworkServlet.java:1014)
	at org.springframework.web.servlet.FrameworkServlet.doGet(FrameworkServlet.java:903)
	at jakarta.servlet.http.HttpServlet.service(HttpServlet.java:564)
	at org.springframework.web.servlet.FrameworkServlet.service(FrameworkServlet.java:885)
	at jakarta.servlet.http.HttpServlet.service(HttpServlet.java:658)
	at org.apache.catalina.core.ApplicationFilterChain.internalDoFilter(ApplicationFilterChain.java:193)
	at org.apache.catalina.core.ApplicationFilterChain.doFilter(ApplicationFilterChain.java:138)
	at org.apache.tomcat.websocket.server.WsFilter.doFilter(WsFilter.java:51)
	at org.apache.catalina.core.ApplicationFilterChain.internalDoFilter(ApplicationFilterChain.java:162)
	at org.apache.catalina.core.ApplicationFilterChain.doFilter(ApplicationFilterChain.java:138)
	at com.ohgiraffers.stability.section02.logging.config.LoggingConfig$1.doFilterInternal(LoggingConfig.java:78)
	at org.springframework.web.filter.OncePerRequestFilter.doFilter(OncePerRequestFilter.java:116)
	at org.apache.catalina.core.ApplicationFilterChain.internalDoFilter(ApplicationFilterChain.java:162)
	at org.apache.catalina.core.ApplicationFilterChain.doFilter(ApplicationFilterChain.java:138)
	at org.springframework.web.filter.RequestContextFilter.doFilterInternal(RequestContextFilter.java:100)
	at org.springframework.web.filter.OncePerRequestFilter.doFilter(OncePerRequestFilter.java:116)
	at org.apache.catalina.core.ApplicationFilterChain.internalDoFilter(ApplicationFilterChain.java:162)
	at org.apache.catalina.core.ApplicationFilterChain.doFilter(ApplicationFilterChain.java:138)
	at org.springframework.web.filter.FormContentFilter.doFilterInternal(FormContentFilter.java:93)
	at org.springframework.web.filter.OncePerRequestFilter.doFilter(OncePerRequestFilter.java:116)
	at org.apache.catalina.core.ApplicationFilterChain.internalDoFilter(ApplicationFilterChain.java:162)
	at org.apache.catalina.core.ApplicationFilterChain.doFilter(ApplicationFilterChain.java:138)
	at org.springframework.web.filter.CharacterEncodingFilter.doFilterInternal(CharacterEncodingFilter.java:201)
	at org.springframework.web.filter.OncePerRequestFilter.doFilter(OncePerRequestFilter.java:116)
	at org.apache.catalina.core.ApplicationFilterChain.internalDoFilter(ApplicationFilterChain.java:162)
	at org.apache.catalina.core.ApplicationFilterChain.doFilter(ApplicationFilterChain.java:138)
	at org.apache.catalina.core.StandardWrapperValve.invoke(StandardWrapperValve.java:165)
	at org.apache.catalina.core.StandardContextValve.invoke(StandardContextValve.java:88)
	at org.apache.catalina.authenticator.AuthenticatorBase.invoke(AuthenticatorBase.java:482)
	at org.apache.catalina.core.StandardHostValve.invoke(StandardHostValve.java:113)
	at org.apache.catalina.valves.ErrorReportValve.invoke(ErrorReportValve.java:83)
	at org.apache.catalina.core.StandardEngineValve.invoke(StandardEngineValve.java:72)
	at org.apache.catalina.connector.CoyoteAdapter.service(CoyoteAdapter.java:342)
	at org.apache.coyote.http11.Http11Processor.service(Http11Processor.java:399)
	at org.apache.coyote.AbstractProcessorLight.process(AbstractProcessorLight.java:63)
	at org.apache.coyote.AbstractProtocol$ConnectionHandler.process(AbstractProtocol.java:903)
	at org.apache.tomcat.util.net.NioEndpoint$SocketProcessor.doRun(NioEndpoint.java:1774)
	at org.apache.tomcat.util.net.SocketProcessorBase.run(SocketProcessorBase.java:52)
	at org.apache.tomcat.util.threads.ThreadPoolExecutor.runWorker(ThreadPoolExecutor.java:973)
	at org.apache.tomcat.util.threads.ThreadPoolExecutor$Worker.run(ThreadPoolExecutor.java:491)
	at org.apache.tomcat.util.threads.TaskThread$WrappingRunnable.run(TaskThread.java:63)
	at java.base/java.lang.Thread.run(Thread.java:840)
2026-04-29 12:21:26.777 [http-nio-8080-exec-2] DEBUG [7e0ddbf3] [GET] [/favicon.ico] [0:0:0:0:0:0:0:1] o.s.w.s.m.m.a.HttpEntityMethodProcessor - Using 'application/json;q=0.8', given [image/avif, image/webp, image/apng, image/svg+xml, image/*, */*;q=0.8] and supported [application/json, application/*+json]
2026-04-29 12:21:26.777 [http-nio-8080-exec-2] DEBUG [7e0ddbf3] [GET] [/favicon.ico] [0:0:0:0:0:0:0:1] o.s.w.s.m.m.a.HttpEntityMethodProcessor - Writing [ErrorResponse{errorCode='INTERNAL_SERVER_ERROR', message='서버 내부 오류가 발생했습니다.', timestamp=2026-04-29T1 (truncated)...]
2026-04-29 12:21:26.777 [http-nio-8080-exec-2] WARN  [7e0ddbf3] [GET] [/favicon.ico] [0:0:0:0:0:0:0:1] o.s.w.s.m.m.a.ExceptionHandlerExceptionResolver - Resolved [org.springframework.web.servlet.resource.NoResourceFoundException: No static resource favicon.ico.]
2026-04-29 12:21:26.778 [http-nio-8080-exec-2] DEBUG [7e0ddbf3] [GET] [/favicon.ico] [0:0:0:0:0:0:0:1] o.s.web.servlet.DispatcherServlet - Completed 500 INTERNAL_SERVER_ERROR
2026-04-29 12:21:30.008 [http-nio-8080-exec-2] DEBUG [cdf9413b] [GET] [/favicon.ico] [0:0:0:0:0:0:0:1] o.s.web.servlet.DispatcherServlet - GET "/favicon.ico", parameters={}
2026-04-29 12:21:30.009 [http-nio-8080-exec-2] DEBUG [cdf9413b] [GET] [/favicon.ico] [0:0:0:0:0:0:0:1] o.s.w.s.h.SimpleUrlHandlerMapping - Mapped to ResourceHttpRequestHandler [classpath [META-INF/resources/], classpath [resources/], classpath [static/], classpath [public/], ServletContext [/]]
2026-04-29 12:21:30.010 [http-nio-8080-exec-2] DEBUG [cdf9413b] [GET] [/favicon.ico] [0:0:0:0:0:0:0:1] o.s.w.s.r.ResourceHttpRequestHandler - Resource not found
2026-04-29 12:21:30.011 [http-nio-8080-exec-2] DEBUG [cdf9413b] [GET] [/favicon.ico] [0:0:0:0:0:0:0:1] o.s.w.s.m.m.a.ExceptionHandlerExceptionResolver - Using @ExceptionHandler com.ohgiraffers.stability.section01.exception.handler.GlobalExceptionHandler#handleGenericException(Exception, HttpServletRequest)
2026-04-29 12:21:30.011 [http-nio-8080-exec-2] ERROR [cdf9413b] [GET] [/favicon.ico] [0:0:0:0:0:0:0:1] c.o.s.s.e.h.GlobalExceptionHandler - [s1][GlobalExceptionHandler] 예상하지 못한 오류 발생
org.springframework.web.servlet.resource.NoResourceFoundException: No static resource favicon.ico.
	at org.springframework.web.servlet.resource.ResourceHttpRequestHandler.handleRequest(ResourceHttpRequestHandler.java:585)
	at org.springframework.web.servlet.mvc.HttpRequestHandlerAdapter.handle(HttpRequestHandlerAdapter.java:52)
	at org.springframework.web.servlet.DispatcherServlet.doDispatch(DispatcherServlet.java:1089)
	at org.springframework.web.servlet.DispatcherServlet.doService(DispatcherServlet.java:979)
	at org.springframework.web.servlet.FrameworkServlet.processRequest(FrameworkServlet.java:1014)
	at org.springframework.web.servlet.FrameworkServlet.doGet(FrameworkServlet.java:903)
	at jakarta.servlet.http.HttpServlet.service(HttpServlet.java:564)
	at org.springframework.web.servlet.FrameworkServlet.service(FrameworkServlet.java:885)
	at jakarta.servlet.http.HttpServlet.service(HttpServlet.java:658)
	at org.apache.catalina.core.ApplicationFilterChain.internalDoFilter(ApplicationFilterChain.java:193)
	at org.apache.catalina.core.ApplicationFilterChain.doFilter(ApplicationFilterChain.java:138)
	at org.apache.tomcat.websocket.server.WsFilter.doFilter(WsFilter.java:51)
	at org.apache.catalina.core.ApplicationFilterChain.internalDoFilter(ApplicationFilterChain.java:162)
	at org.apache.catalina.core.ApplicationFilterChain.doFilter(ApplicationFilterChain.java:138)
	at com.ohgiraffers.stability.section02.logging.config.LoggingConfig$1.doFilterInternal(LoggingConfig.java:78)
	at org.springframework.web.filter.OncePerRequestFilter.doFilter(OncePerRequestFilter.java:116)
	at org.apache.catalina.core.ApplicationFilterChain.internalDoFilter(ApplicationFilterChain.java:162)
	at org.apache.catalina.core.ApplicationFilterChain.doFilter(ApplicationFilterChain.java:138)
	at org.springframework.web.filter.RequestContextFilter.doFilterInternal(RequestContextFilter.java:100)
	at org.springframework.web.filter.OncePerRequestFilter.doFilter(OncePerRequestFilter.java:116)
	at org.apache.catalina.core.ApplicationFilterChain.internalDoFilter(ApplicationFilterChain.java:162)
	at org.apache.catalina.core.ApplicationFilterChain.doFilter(ApplicationFilterChain.java:138)
	at org.springframework.web.filter.FormContentFilter.doFilterInternal(FormContentFilter.java:93)
	at org.springframework.web.filter.OncePerRequestFilter.doFilter(OncePerRequestFilter.java:116)
	at org.apache.catalina.core.ApplicationFilterChain.internalDoFilter(ApplicationFilterChain.java:162)
	at org.apache.catalina.core.ApplicationFilterChain.doFilter(ApplicationFilterChain.java:138)
	at org.springframework.web.filter.CharacterEncodingFilter.doFilterInternal(CharacterEncodingFilter.java:201)
	at org.springframework.web.filter.OncePerRequestFilter.doFilter(OncePerRequestFilter.java:116)
	at org.apache.catalina.core.ApplicationFilterChain.internalDoFilter(ApplicationFilterChain.java:162)
	at org.apache.catalina.core.ApplicationFilterChain.doFilter(ApplicationFilterChain.java:138)
	at org.apache.catalina.core.StandardWrapperValve.invoke(StandardWrapperValve.java:165)
	at org.apache.catalina.core.StandardContextValve.invoke(StandardContextValve.java:88)
	at org.apache.catalina.authenticator.AuthenticatorBase.invoke(AuthenticatorBase.java:482)
	at org.apache.catalina.core.StandardHostValve.invoke(StandardHostValve.java:113)
	at org.apache.catalina.valves.ErrorReportValve.invoke(ErrorReportValve.java:83)
	at org.apache.catalina.core.StandardEngineValve.invoke(StandardEngineValve.java:72)
	at org.apache.catalina.connector.CoyoteAdapter.service(CoyoteAdapter.java:342)
	at org.apache.coyote.http11.Http11Processor.service(Http11Processor.java:399)
	at org.apache.coyote.AbstractProcessorLight.process(AbstractProcessorLight.java:63)
	at org.apache.coyote.AbstractProtocol$ConnectionHandler.process(AbstractProtocol.java:903)
	at org.apache.tomcat.util.net.NioEndpoint$SocketProcessor.doRun(NioEndpoint.java:1774)
	at org.apache.tomcat.util.net.SocketProcessorBase.run(SocketProcessorBase.java:52)
	at org.apache.tomcat.util.threads.ThreadPoolExecutor.runWorker(ThreadPoolExecutor.java:973)
	at org.apache.tomcat.util.threads.ThreadPoolExecutor$Worker.run(ThreadPoolExecutor.java:491)
	at org.apache.tomcat.util.threads.TaskThread$WrappingRunnable.run(TaskThread.java:63)
	at java.base/java.lang.Thread.run(Thread.java:840)
2026-04-29 12:21:30.011 [http-nio-8080-exec-2] DEBUG [cdf9413b] [GET] [/favicon.ico] [0:0:0:0:0:0:0:1] o.s.w.s.m.m.a.HttpEntityMethodProcessor - Using 'application/json;q=0.8', given [image/avif, image/webp, image/apng, image/svg+xml, image/*, */*;q=0.8] and supported [application/json, application/*+json]
2026-04-29 12:21:30.012 [http-nio-8080-exec-2] DEBUG [cdf9413b] [GET] [/favicon.ico] [0:0:0:0:0:0:0:1] o.s.w.s.m.m.a.HttpEntityMethodProcessor - Writing [ErrorResponse{errorCode='INTERNAL_SERVER_ERROR', message='서버 내부 오류가 발생했습니다.', timestamp=2026-04-29T1 (truncated)...]
2026-04-29 12:21:30.012 [http-nio-8080-exec-2] WARN  [cdf9413b] [GET] [/favicon.ico] [0:0:0:0:0:0:0:1] o.s.w.s.m.m.a.ExceptionHandlerExceptionResolver - Resolved [org.springframework.web.servlet.resource.NoResourceFoundException: No static resource favicon.ico.]
2026-04-29 12:21:30.012 [http-nio-8080-exec-2] DEBUG [cdf9413b] [GET] [/favicon.ico] [0:0:0:0:0:0:0:1] o.s.web.servlet.DispatcherServlet - Completed 500 INTERNAL_SERVER_ERROR
2026-04-29 12:21:37.644 [http-nio-8080-exec-5] DEBUG [34211c9b] [GET] [/favicon.ico] [0:0:0:0:0:0:0:1] o.s.web.servlet.DispatcherServlet - GET "/favicon.ico", parameters={}
2026-04-29 12:21:37.644 [http-nio-8080-exec-5] DEBUG [34211c9b] [GET] [/favicon.ico] [0:0:0:0:0:0:0:1] o.s.w.s.h.SimpleUrlHandlerMapping - Mapped to ResourceHttpRequestHandler [classpath [META-INF/resources/], classpath [resources/], classpath [static/], classpath [public/], ServletContext [/]]
2026-04-29 12:21:37.646 [http-nio-8080-exec-5] DEBUG [34211c9b] [GET] [/favicon.ico] [0:0:0:0:0:0:0:1] o.s.w.s.r.ResourceHttpRequestHandler - Resource not found
2026-04-29 12:21:37.646 [http-nio-8080-exec-5] DEBUG [34211c9b] [GET] [/favicon.ico] [0:0:0:0:0:0:0:1] o.s.w.s.m.m.a.ExceptionHandlerExceptionResolver - Using @ExceptionHandler com.ohgiraffers.stability.section01.exception.handler.GlobalExceptionHandler#handleGenericException(Exception, HttpServletRequest)
2026-04-29 12:21:37.646 [http-nio-8080-exec-5] ERROR [34211c9b] [GET] [/favicon.ico] [0:0:0:0:0:0:0:1] c.o.s.s.e.h.GlobalExceptionHandler - [s1][GlobalExceptionHandler] 예상하지 못한 오류 발생
org.springframework.web.servlet.resource.NoResourceFoundException: No static resource favicon.ico.
	at org.springframework.web.servlet.resource.ResourceHttpRequestHandler.handleRequest(ResourceHttpRequestHandler.java:585)
	at org.springframework.web.servlet.mvc.HttpRequestHandlerAdapter.handle(HttpRequestHandlerAdapter.java:52)
	at org.springframework.web.servlet.DispatcherServlet.doDispatch(DispatcherServlet.java:1089)
	at org.springframework.web.servlet.DispatcherServlet.doService(DispatcherServlet.java:979)
	at org.springframework.web.servlet.FrameworkServlet.processRequest(FrameworkServlet.java:1014)
	at org.springframework.web.servlet.FrameworkServlet.doGet(FrameworkServlet.java:903)
	at jakarta.servlet.http.HttpServlet.service(HttpServlet.java:564)
	at org.springframework.web.servlet.FrameworkServlet.service(FrameworkServlet.java:885)
	at jakarta.servlet.http.HttpServlet.service(HttpServlet.java:658)
	at org.apache.catalina.core.ApplicationFilterChain.internalDoFilter(ApplicationFilterChain.java:193)
	at org.apache.catalina.core.ApplicationFilterChain.doFilter(ApplicationFilterChain.java:138)
	at org.apache.tomcat.websocket.server.WsFilter.doFilter(WsFilter.java:51)
	at org.apache.catalina.core.ApplicationFilterChain.internalDoFilter(ApplicationFilterChain.java:162)
	at org.apache.catalina.core.ApplicationFilterChain.doFilter(ApplicationFilterChain.java:138)
	at com.ohgiraffers.stability.section02.logging.config.LoggingConfig$1.doFilterInternal(LoggingConfig.java:78)
	at org.springframework.web.filter.OncePerRequestFilter.doFilter(OncePerRequestFilter.java:116)
	at org.apache.catalina.core.ApplicationFilterChain.internalDoFilter(ApplicationFilterChain.java:162)
	at org.apache.catalina.core.ApplicationFilterChain.doFilter(ApplicationFilterChain.java:138)
	at org.springframework.web.filter.RequestContextFilter.doFilterInternal(RequestContextFilter.java:100)
	at org.springframework.web.filter.OncePerRequestFilter.doFilter(OncePerRequestFilter.java:116)
	at org.apache.catalina.core.ApplicationFilterChain.internalDoFilter(ApplicationFilterChain.java:162)
	at org.apache.catalina.core.ApplicationFilterChain.doFilter(ApplicationFilterChain.java:138)
	at org.springframework.web.filter.FormContentFilter.doFilterInternal(FormContentFilter.java:93)
	at org.springframework.web.filter.OncePerRequestFilter.doFilter(OncePerRequestFilter.java:116)
	at org.apache.catalina.core.ApplicationFilterChain.internalDoFilter(ApplicationFilterChain.java:162)
	at org.apache.catalina.core.ApplicationFilterChain.doFilter(ApplicationFilterChain.java:138)
	at org.springframework.web.filter.CharacterEncodingFilter.doFilterInternal(CharacterEncodingFilter.java:201)
	at org.springframework.web.filter.OncePerRequestFilter.doFilter(OncePerRequestFilter.java:116)
	at org.apache.catalina.core.ApplicationFilterChain.internalDoFilter(ApplicationFilterChain.java:162)
	at org.apache.catalina.core.ApplicationFilterChain.doFilter(ApplicationFilterChain.java:138)
	at org.apache.catalina.core.StandardWrapperValve.invoke(StandardWrapperValve.java:165)
	at org.apache.catalina.core.StandardContextValve.invoke(StandardContextValve.java:88)
	at org.apache.catalina.authenticator.AuthenticatorBase.invoke(AuthenticatorBase.java:482)
	at org.apache.catalina.core.StandardHostValve.invoke(StandardHostValve.java:113)
	at org.apache.catalina.valves.ErrorReportValve.invoke(ErrorReportValve.java:83)
	at org.apache.catalina.core.StandardEngineValve.invoke(StandardEngineValve.java:72)
	at org.apache.catalina.connector.CoyoteAdapter.service(CoyoteAdapter.java:342)
	at org.apache.coyote.http11.Http11Processor.service(Http11Processor.java:399)
	at org.apache.coyote.AbstractProcessorLight.process(AbstractProcessorLight.java:63)
	at org.apache.coyote.AbstractProtocol$ConnectionHandler.process(AbstractProtocol.java:903)
	at org.apache.tomcat.util.net.NioEndpoint$SocketProcessor.doRun(NioEndpoint.java:1774)
	at org.apache.tomcat.util.net.SocketProcessorBase.run(SocketProcessorBase.java:52)
	at org.apache.tomcat.util.threads.ThreadPoolExecutor.runWorker(ThreadPoolExecutor.java:973)
	at org.apache.tomcat.util.threads.ThreadPoolExecutor$Worker.run(ThreadPoolExecutor.java:491)
	at org.apache.tomcat.util.threads.TaskThread$WrappingRunnable.run(TaskThread.java:63)
	at java.base/java.lang.Thread.run(Thread.java:840)
2026-04-29 12:21:37.647 [http-nio-8080-exec-5] DEBUG [34211c9b] [GET] [/favicon.ico] [0:0:0:0:0:0:0:1] o.s.w.s.m.m.a.HttpEntityMethodProcessor - Using 'application/json;q=0.8', given [image/avif, image/webp, image/apng, image/svg+xml, image/*, */*;q=0.8] and supported [application/json, application/*+json]
2026-04-29 12:21:37.647 [http-nio-8080-exec-5] DEBUG [34211c9b] [GET] [/favicon.ico] [0:0:0:0:0:0:0:1] o.s.w.s.m.m.a.HttpEntityMethodProcessor - Writing [ErrorResponse{errorCode='INTERNAL_SERVER_ERROR', message='서버 내부 오류가 발생했습니다.', timestamp=2026-04-29T1 (truncated)...]
2026-04-29 12:21:37.648 [http-nio-8080-exec-5] WARN  [34211c9b] [GET] [/favicon.ico] [0:0:0:0:0:0:0:1] o.s.w.s.m.m.a.ExceptionHandlerExceptionResolver - Resolved [org.springframework.web.servlet.resource.NoResourceFoundException: No static resource favicon.ico.]
2026-04-29 12:21:37.648 [http-nio-8080-exec-5] DEBUG [34211c9b] [GET] [/favicon.ico] [0:0:0:0:0:0:0:1] o.s.web.servlet.DispatcherServlet - Completed 500 INTERNAL_SERVER_ERROR
2026-04-29 12:21:38.824 [http-nio-8080-exec-4] DEBUG [ebb55d39] [GET] [/favicon.ico] [0:0:0:0:0:0:0:1] o.s.web.servlet.DispatcherServlet - GET "/favicon.ico", parameters={}
2026-04-29 12:21:38.824 [http-nio-8080-exec-4] DEBUG [ebb55d39] [GET] [/favicon.ico] [0:0:0:0:0:0:0:1] o.s.w.s.h.SimpleUrlHandlerMapping - Mapped to ResourceHttpRequestHandler [classpath [META-INF/resources/], classpath [resources/], classpath [static/], classpath [public/], ServletContext [/]]
2026-04-29 12:21:38.824 [http-nio-8080-exec-4] DEBUG [ebb55d39] [GET] [/favicon.ico] [0:0:0:0:0:0:0:1] o.s.w.s.r.ResourceHttpRequestHandler - Resource not found
2026-04-29 12:21:38.824 [http-nio-8080-exec-4] DEBUG [ebb55d39] [GET] [/favicon.ico] [0:0:0:0:0:0:0:1] o.s.w.s.m.m.a.ExceptionHandlerExceptionResolver - Using @ExceptionHandler com.ohgiraffers.stability.section01.exception.handler.GlobalExceptionHandler#handleGenericException(Exception, HttpServletRequest)
2026-04-29 12:21:38.824 [http-nio-8080-exec-4] ERROR [ebb55d39] [GET] [/favicon.ico] [0:0:0:0:0:0:0:1] c.o.s.s.e.h.GlobalExceptionHandler - [s1][GlobalExceptionHandler] 예상하지 못한 오류 발생
org.springframework.web.servlet.resource.NoResourceFoundException: No static resource favicon.ico.
	at org.springframework.web.servlet.resource.ResourceHttpRequestHandler.handleRequest(ResourceHttpRequestHandler.java:585)
	at org.springframework.web.servlet.mvc.HttpRequestHandlerAdapter.handle(HttpRequestHandlerAdapter.java:52)
	at org.springframework.web.servlet.DispatcherServlet.doDispatch(DispatcherServlet.java:1089)
	at org.springframework.web.servlet.DispatcherServlet.doService(DispatcherServlet.java:979)
	at org.springframework.web.servlet.FrameworkServlet.processRequest(FrameworkServlet.java:1014)
	at org.springframework.web.servlet.FrameworkServlet.doGet(FrameworkServlet.java:903)
	at jakarta.servlet.http.HttpServlet.service(HttpServlet.java:564)
	at org.springframework.web.servlet.FrameworkServlet.service(FrameworkServlet.java:885)
	at jakarta.servlet.http.HttpServlet.service(HttpServlet.java:658)
	at org.apache.catalina.core.ApplicationFilterChain.internalDoFilter(ApplicationFilterChain.java:193)
	at org.apache.catalina.core.ApplicationFilterChain.doFilter(ApplicationFilterChain.java:138)
	at org.apache.tomcat.websocket.server.WsFilter.doFilter(WsFilter.java:51)
	at org.apache.catalina.core.ApplicationFilterChain.internalDoFilter(ApplicationFilterChain.java:162)
	at org.apache.catalina.core.ApplicationFilterChain.doFilter(ApplicationFilterChain.java:138)
	at com.ohgiraffers.stability.section02.logging.config.LoggingConfig$1.doFilterInternal(LoggingConfig.java:78)
	at org.springframework.web.filter.OncePerRequestFilter.doFilter(OncePerRequestFilter.java:116)
	at org.apache.catalina.core.ApplicationFilterChain.internalDoFilter(ApplicationFilterChain.java:162)
	at org.apache.catalina.core.ApplicationFilterChain.doFilter(ApplicationFilterChain.java:138)
	at org.springframework.web.filter.RequestContextFilter.doFilterInternal(RequestContextFilter.java:100)
	at org.springframework.web.filter.OncePerRequestFilter.doFilter(OncePerRequestFilter.java:116)
	at org.apache.catalina.core.ApplicationFilterChain.internalDoFilter(ApplicationFilterChain.java:162)
	at org.apache.catalina.core.ApplicationFilterChain.doFilter(ApplicationFilterChain.java:138)
	at org.springframework.web.filter.FormContentFilter.doFilterInternal(FormContentFilter.java:93)
	at org.springframework.web.filter.OncePerRequestFilter.doFilter(OncePerRequestFilter.java:116)
	at org.apache.catalina.core.ApplicationFilterChain.internalDoFilter(ApplicationFilterChain.java:162)
	at org.apache.catalina.core.ApplicationFilterChain.doFilter(ApplicationFilterChain.java:138)
	at org.springframework.web.filter.CharacterEncodingFilter.doFilterInternal(CharacterEncodingFilter.java:201)
	at org.springframework.web.filter.OncePerRequestFilter.doFilter(OncePerRequestFilter.java:116)
	at org.apache.catalina.core.ApplicationFilterChain.internalDoFilter(ApplicationFilterChain.java:162)
	at org.apache.catalina.core.ApplicationFilterChain.doFilter(ApplicationFilterChain.java:138)
	at org.apache.catalina.core.StandardWrapperValve.invoke(StandardWrapperValve.java:165)
	at org.apache.catalina.core.StandardContextValve.invoke(StandardContextValve.java:88)
	at org.apache.catalina.authenticator.AuthenticatorBase.invoke(AuthenticatorBase.java:482)
	at org.apache.catalina.core.StandardHostValve.invoke(StandardHostValve.java:113)
	at org.apache.catalina.valves.ErrorReportValve.invoke(ErrorReportValve.java:83)
	at org.apache.catalina.core.StandardEngineValve.invoke(StandardEngineValve.java:72)
	at org.apache.catalina.connector.CoyoteAdapter.service(CoyoteAdapter.java:342)
	at org.apache.coyote.http11.Http11Processor.service(Http11Processor.java:399)
	at org.apache.coyote.AbstractProcessorLight.process(AbstractProcessorLight.java:63)
	at org.apache.coyote.AbstractProtocol$ConnectionHandler.process(AbstractProtocol.java:903)
	at org.apache.tomcat.util.net.NioEndpoint$SocketProcessor.doRun(NioEndpoint.java:1774)
	at org.apache.tomcat.util.net.SocketProcessorBase.run(SocketProcessorBase.java:52)
	at org.apache.tomcat.util.threads.ThreadPoolExecutor.runWorker(ThreadPoolExecutor.java:973)
	at org.apache.tomcat.util.threads.ThreadPoolExecutor$Worker.run(ThreadPoolExecutor.java:491)
	at org.apache.tomcat.util.threads.TaskThread$WrappingRunnable.run(TaskThread.java:63)
	at java.base/java.lang.Thread.run(Thread.java:840)
2026-04-29 12:21:38.824 [http-nio-8080-exec-4] DEBUG [ebb55d39] [GET] [/favicon.ico] [0:0:0:0:0:0:0:1] o.s.w.s.m.m.a.HttpEntityMethodProcessor - Using 'application/json;q=0.8', given [image/avif, image/webp, image/apng, image/svg+xml, image/*, */*;q=0.8] and supported [application/json, application/*+json]
2026-04-29 12:21:38.824 [http-nio-8080-exec-4] DEBUG [ebb55d39] [GET] [/favicon.ico] [0:0:0:0:0:0:0:1] o.s.w.s.m.m.a.HttpEntityMethodProcessor - Writing [ErrorResponse{errorCode='INTERNAL_SERVER_ERROR', message='서버 내부 오류가 발생했습니다.', timestamp=2026-04-29T1 (truncated)...]
2026-04-29 12:21:38.824 [http-nio-8080-exec-4] WARN  [ebb55d39] [GET] [/favicon.ico] [0:0:0:0:0:0:0:1] o.s.w.s.m.m.a.ExceptionHandlerExceptionResolver - Resolved [org.springframework.web.servlet.resource.NoResourceFoundException: No static resource favicon.ico.]
2026-04-29 12:21:38.824 [http-nio-8080-exec-4] DEBUG [ebb55d39] [GET] [/favicon.ico] [0:0:0:0:0:0:0:1] o.s.web.servlet.DispatcherServlet - Completed 500 INTERNAL_SERVER_ERROR
2026-04-29 12:21:45.427 [http-nio-8080-exec-10] DEBUG [e62dc19c] [GET] [/favicon.ico] [0:0:0:0:0:0:0:1] o.s.web.servlet.DispatcherServlet - GET "/favicon.ico", parameters={}
2026-04-29 12:21:45.427 [http-nio-8080-exec-10] DEBUG [e62dc19c] [GET] [/favicon.ico] [0:0:0:0:0:0:0:1] o.s.w.s.h.SimpleUrlHandlerMapping - Mapped to ResourceHttpRequestHandler [classpath [META-INF/resources/], classpath [resources/], classpath [static/], classpath [public/], ServletContext [/]]
2026-04-29 12:21:45.428 [http-nio-8080-exec-10] DEBUG [e62dc19c] [GET] [/favicon.ico] [0:0:0:0:0:0:0:1] o.s.w.s.r.ResourceHttpRequestHandler - Resource not found
2026-04-29 12:21:45.429 [http-nio-8080-exec-10] DEBUG [e62dc19c] [GET] [/favicon.ico] [0:0:0:0:0:0:0:1] o.s.w.s.m.m.a.ExceptionHandlerExceptionResolver - Using @ExceptionHandler com.ohgiraffers.stability.section01.exception.handler.GlobalExceptionHandler#handleGenericException(Exception, HttpServletRequest)
2026-04-29 12:21:45.429 [http-nio-8080-exec-10] ERROR [e62dc19c] [GET] [/favicon.ico] [0:0:0:0:0:0:0:1] c.o.s.s.e.h.GlobalExceptionHandler - [s1][GlobalExceptionHandler] 예상하지 못한 오류 발생
org.springframework.web.servlet.resource.NoResourceFoundException: No static resource favicon.ico.
	at org.springframework.web.servlet.resource.ResourceHttpRequestHandler.handleRequest(ResourceHttpRequestHandler.java:585)
	at org.springframework.web.servlet.mvc.HttpRequestHandlerAdapter.handle(HttpRequestHandlerAdapter.java:52)
	at org.springframework.web.servlet.DispatcherServlet.doDispatch(DispatcherServlet.java:1089)
	at org.springframework.web.servlet.DispatcherServlet.doService(DispatcherServlet.java:979)
	at org.springframework.web.servlet.FrameworkServlet.processRequest(FrameworkServlet.java:1014)
	at org.springframework.web.servlet.FrameworkServlet.doGet(FrameworkServlet.java:903)
	at jakarta.servlet.http.HttpServlet.service(HttpServlet.java:564)
	at org.springframework.web.servlet.FrameworkServlet.service(FrameworkServlet.java:885)
	at jakarta.servlet.http.HttpServlet.service(HttpServlet.java:658)
	at org.apache.catalina.core.ApplicationFilterChain.internalDoFilter(ApplicationFilterChain.java:193)
	at org.apache.catalina.core.ApplicationFilterChain.doFilter(ApplicationFilterChain.java:138)
	at org.apache.tomcat.websocket.server.WsFilter.doFilter(WsFilter.java:51)
	at org.apache.catalina.core.ApplicationFilterChain.internalDoFilter(ApplicationFilterChain.java:162)
	at org.apache.catalina.core.ApplicationFilterChain.doFilter(ApplicationFilterChain.java:138)
	at com.ohgiraffers.stability.section02.logging.config.LoggingConfig$1.doFilterInternal(LoggingConfig.java:78)
	at org.springframework.web.filter.OncePerRequestFilter.doFilter(OncePerRequestFilter.java:116)
	at org.apache.catalina.core.ApplicationFilterChain.internalDoFilter(ApplicationFilterChain.java:162)
	at org.apache.catalina.core.ApplicationFilterChain.doFilter(ApplicationFilterChain.java:138)
	at org.springframework.web.filter.RequestContextFilter.doFilterInternal(RequestContextFilter.java:100)
	at org.springframework.web.filter.OncePerRequestFilter.doFilter(OncePerRequestFilter.java:116)
	at org.apache.catalina.core.ApplicationFilterChain.internalDoFilter(ApplicationFilterChain.java:162)
	at org.apache.catalina.core.ApplicationFilterChain.doFilter(ApplicationFilterChain.java:138)
	at org.springframework.web.filter.FormContentFilter.doFilterInternal(FormContentFilter.java:93)
	at org.springframework.web.filter.OncePerRequestFilter.doFilter(OncePerRequestFilter.java:116)
	at org.apache.catalina.core.ApplicationFilterChain.internalDoFilter(ApplicationFilterChain.java:162)
	at org.apache.catalina.core.ApplicationFilterChain.doFilter(ApplicationFilterChain.java:138)
	at org.springframework.web.filter.CharacterEncodingFilter.doFilterInternal(CharacterEncodingFilter.java:201)
	at org.springframework.web.filter.OncePerRequestFilter.doFilter(OncePerRequestFilter.java:116)
	at org.apache.catalina.core.ApplicationFilterChain.internalDoFilter(ApplicationFilterChain.java:162)
	at org.apache.catalina.core.ApplicationFilterChain.doFilter(ApplicationFilterChain.java:138)
	at org.apache.catalina.core.StandardWrapperValve.invoke(StandardWrapperValve.java:165)
	at org.apache.catalina.core.StandardContextValve.invoke(StandardContextValve.java:88)
	at org.apache.catalina.authenticator.AuthenticatorBase.invoke(AuthenticatorBase.java:482)
	at org.apache.catalina.core.StandardHostValve.invoke(StandardHostValve.java:113)
	at org.apache.catalina.valves.ErrorReportValve.invoke(ErrorReportValve.java:83)
	at org.apache.catalina.core.StandardEngineValve.invoke(StandardEngineValve.java:72)
	at org.apache.catalina.connector.CoyoteAdapter.service(CoyoteAdapter.java:342)
	at org.apache.coyote.http11.Http11Processor.service(Http11Processor.java:399)
	at org.apache.coyote.AbstractProcessorLight.process(AbstractProcessorLight.java:63)
	at org.apache.coyote.AbstractProtocol$ConnectionHandler.process(AbstractProtocol.java:903)
	at org.apache.tomcat.util.net.NioEndpoint$SocketProcessor.doRun(NioEndpoint.java:1774)
	at org.apache.tomcat.util.net.SocketProcessorBase.run(SocketProcessorBase.java:52)
	at org.apache.tomcat.util.threads.ThreadPoolExecutor.runWorker(ThreadPoolExecutor.java:973)
	at org.apache.tomcat.util.threads.ThreadPoolExecutor$Worker.run(ThreadPoolExecutor.java:491)
	at org.apache.tomcat.util.threads.TaskThread$WrappingRunnable.run(TaskThread.java:63)
	at java.base/java.lang.Thread.run(Thread.java:840)
2026-04-29 12:21:45.432 [http-nio-8080-exec-10] DEBUG [e62dc19c] [GET] [/favicon.ico] [0:0:0:0:0:0:0:1] o.s.w.s.m.m.a.HttpEntityMethodProcessor - Using 'application/json;q=0.8', given [image/avif, image/webp, image/apng, image/svg+xml, image/*, */*;q=0.8] and supported [application/json, application/*+json]
2026-04-29 12:21:45.432 [http-nio-8080-exec-10] DEBUG [e62dc19c] [GET] [/favicon.ico] [0:0:0:0:0:0:0:1] o.s.w.s.m.m.a.HttpEntityMethodProcessor - Writing [ErrorResponse{errorCode='INTERNAL_SERVER_ERROR', message='서버 내부 오류가 발생했습니다.', timestamp=2026-04-29T1 (truncated)...]
2026-04-29 12:21:45.432 [http-nio-8080-exec-10] WARN  [e62dc19c] [GET] [/favicon.ico] [0:0:0:0:0:0:0:1] o.s.w.s.m.m.a.ExceptionHandlerExceptionResolver - Resolved [org.springframework.web.servlet.resource.NoResourceFoundException: No static resource favicon.ico.]
2026-04-29 12:21:45.432 [http-nio-8080-exec-10] DEBUG [e62dc19c] [GET] [/favicon.ico] [0:0:0:0:0:0:0:1] o.s.web.servlet.DispatcherServlet - Completed 500 INTERNAL_SERVER_ERROR
