2026-06-09 11:21:50 [INFO][module01-actuator] [background-preinit] traceId= o.h.validator.internal.util.Version - HV000001: Hibernate Validator 8.0.2.Final
2026-06-09 11:21:50 [INFO][module01-actuator] [main] traceId= c.w.a.PopularShopStarterApplication - Starting PopularShopStarterApplication using Java 17.0.18 with PID 31600 (C:\Lecture\14_Monitoring-master\module01-actuator\build\classes\java\main started by user in C:\Lecture\14_Monitoring-master\module01-actuator)
2026-06-09 11:21:50 [INFO][module01-actuator] [main] traceId= c.w.a.PopularShopStarterApplication - No active profile set, falling back to 1 default profile: "default"
2026-06-09 11:21:51 [INFO][module01-actuator] [main] traceId= o.s.d.r.c.RepositoryConfigurationDelegate - Bootstrapping Spring Data JPA repositories in DEFAULT mode.
2026-06-09 11:21:51 [INFO][module01-actuator] [main] traceId= o.s.d.r.c.RepositoryConfigurationDelegate - Finished Spring Data repository scanning in 37 ms. Found 2 JPA repository interfaces.
2026-06-09 11:21:51 [INFO][module01-actuator] [main] traceId= o.s.b.w.e.tomcat.TomcatWebServer - Tomcat initialized with port 8080 (http)
2026-06-09 11:21:51 [INFO][module01-actuator] [main] traceId= o.a.coyote.http11.Http11NioProtocol - Initializing ProtocolHandler ["http-nio-8080"]
2026-06-09 11:21:51 [INFO][module01-actuator] [main] traceId= o.a.catalina.core.StandardService - Starting service [Tomcat]
2026-06-09 11:21:51 [INFO][module01-actuator] [main] traceId= o.a.catalina.core.StandardEngine - Starting Servlet engine: [Apache Tomcat/10.1.41]
2026-06-09 11:21:51 [INFO][module01-actuator] [main] traceId= o.a.c.c.C.[Tomcat].[localhost].[/] - Initializing Spring embedded WebApplicationContext
2026-06-09 11:21:51 [INFO][module01-actuator] [main] traceId= o.s.b.w.s.c.ServletWebServerApplicationContext - Root WebApplicationContext: initialization completed in 1159 ms
2026-06-09 11:21:51 [INFO][module01-actuator] [main] traceId= com.zaxxer.hikari.HikariDataSource - HikariPool-1 - Starting...
2026-06-09 11:21:52 [INFO][module01-actuator] [main] traceId= com.zaxxer.hikari.pool.HikariPool - HikariPool-1 - Added connection com.mysql.cj.jdbc.ConnectionImpl@55061418
2026-06-09 11:21:52 [INFO][module01-actuator] [main] traceId= com.zaxxer.hikari.HikariDataSource - HikariPool-1 - Start completed.
2026-06-09 11:21:52 [INFO][module01-actuator] [main] traceId= o.h.jpa.internal.util.LogHelper - HHH000204: Processing PersistenceUnitInfo [name: default]
2026-06-09 11:21:52 [INFO][module01-actuator] [main] traceId= org.hibernate.Version - HHH000412: Hibernate ORM core version 6.6.15.Final
2026-06-09 11:21:52 [INFO][module01-actuator] [main] traceId= o.h.c.i.RegionFactoryInitiator - HHH000026: Second-level cache disabled
2026-06-09 11:21:52 [INFO][module01-actuator] [main] traceId= o.s.o.j.p.SpringPersistenceUnitInfo - No LoadTimeWeaver setup: ignoring JPA class transformer
2026-06-09 11:21:52 [INFO][module01-actuator] [main] traceId= o.hibernate.orm.connections.pooling - HHH10001005: Database info:
	Database JDBC URL [Connecting through datasource 'HikariDataSource (HikariPool-1)']
	Database driver: undefined/unknown
	Database version: 8.4.8
	Autocommit mode: undefined/unknown
	Isolation level: undefined/unknown
	Minimum pool size: undefined/unknown
	Maximum pool size: undefined/unknown
2026-06-09 11:21:53 [INFO][module01-actuator] [main] traceId= o.h.e.t.j.p.i.JtaPlatformInitiator - HHH000489: No JTA platform available (set 'hibernate.transaction.jta.platform' to enable JTA platform integration)
2026-06-09 11:21:53 [INFO][module01-actuator] [main] traceId= o.s.o.j.LocalContainerEntityManagerFactoryBean - Initialized JPA EntityManagerFactory for persistence unit 'default'
2026-06-09 11:21:53 [INFO][module01-actuator] [main] traceId= o.s.d.j.r.query.QueryEnhancerFactory - Hibernate is in classpath; If applicable, HQL parser will be used.
2026-06-09 11:21:54 [INFO][module01-actuator] [main] traceId= o.s.b.a.e.web.EndpointLinksResolver - Exposing 5 endpoints beneath base path '/actuator'
2026-06-09 11:21:54 [INFO][module01-actuator] [main] traceId= o.a.coyote.http11.Http11NioProtocol - Starting ProtocolHandler ["http-nio-8080"]
2026-06-09 11:21:54 [INFO][module01-actuator] [main] traceId= o.s.b.w.e.tomcat.TomcatWebServer - Tomcat started on port 8080 (http) with context path '/'
2026-06-09 11:21:54 [INFO][module01-actuator] [main] traceId= c.w.a.PopularShopStarterApplication - Started PopularShopStarterApplication in 4.576 seconds (process running for 5.216)
2026-06-09 11:21:54 [INFO][module01-actuator] [RMI TCP Connection(2)-192.168.0.7] traceId= o.a.c.c.C.[Tomcat].[localhost].[/] - Initializing Spring DispatcherServlet 'dispatcherServlet'
2026-06-09 11:21:54 [INFO][module01-actuator] [RMI TCP Connection(2)-192.168.0.7] traceId= o.s.web.servlet.DispatcherServlet - Initializing Servlet 'dispatcherServlet'
2026-06-09 11:21:54 [INFO][module01-actuator] [RMI TCP Connection(2)-192.168.0.7] traceId= o.s.web.servlet.DispatcherServlet - Completed initialization in 2 ms
2026-06-09 11:58:41 [INFO][module01-actuator] [http-nio-8080-exec-1] traceId=fa6b966b-a151-4872-8834-686be2822269 c.w.a.g.log.RequestLoggingFilter - event=request_started method=GET uri=/actuator/prometheus
2026-06-09 11:58:41 [INFO][module01-actuator] [http-nio-8080-exec-1] traceId=fa6b966b-a151-4872-8834-686be2822269 c.w.a.g.log.RequestLoggingFilter - event=request_completed method=GET uri=/actuator/prometheus status=200 durationMs=88
2026-06-09 11:58:46 [INFO][module01-actuator] [http-nio-8080-exec-2] traceId=79d4fcce-8dbd-4c94-8ae7-8aa9388e661e c.w.a.g.log.RequestLoggingFilter - event=request_started method=GET uri=/actuator/prometheus
2026-06-09 11:58:46 [INFO][module01-actuator] [http-nio-8080-exec-2] traceId=79d4fcce-8dbd-4c94-8ae7-8aa9388e661e c.w.a.g.log.RequestLoggingFilter - event=request_completed method=GET uri=/actuator/prometheus status=200 durationMs=35
2026-06-09 11:58:51 [INFO][module01-actuator] [http-nio-8080-exec-3] traceId=11d8a96c-73ec-489c-abc1-85a03a5598f0 c.w.a.g.log.RequestLoggingFilter - event=request_started method=GET uri=/actuator/prometheus
2026-06-09 11:58:51 [INFO][module01-actuator] [http-nio-8080-exec-3] traceId=11d8a96c-73ec-489c-abc1-85a03a5598f0 c.w.a.g.log.RequestLoggingFilter - event=request_completed method=GET uri=/actuator/prometheus status=200 durationMs=35
2026-06-09 11:58:56 [INFO][module01-actuator] [http-nio-8080-exec-4] traceId=32b8b00d-f302-4e34-90f3-30e4dc0080a2 c.w.a.g.log.RequestLoggingFilter - event=request_started method=GET uri=/actuator/prometheus
2026-06-09 11:58:56 [INFO][module01-actuator] [http-nio-8080-exec-4] traceId=32b8b00d-f302-4e34-90f3-30e4dc0080a2 c.w.a.g.log.RequestLoggingFilter - event=request_completed method=GET uri=/actuator/prometheus status=200 durationMs=32
2026-06-09 11:59:01 [INFO][module01-actuator] [http-nio-8080-exec-5] traceId=e20cab8d-8c66-4967-ad05-8a067cd51bdf c.w.a.g.log.RequestLoggingFilter - event=request_started method=GET uri=/actuator/prometheus
2026-06-09 11:59:01 [INFO][module01-actuator] [http-nio-8080-exec-5] traceId=e20cab8d-8c66-4967-ad05-8a067cd51bdf c.w.a.g.log.RequestLoggingFilter - event=request_completed method=GET uri=/actuator/prometheus status=200 durationMs=37
2026-06-09 11:59:06 [INFO][module01-actuator] [http-nio-8080-exec-6] traceId=35ecc4ba-dea9-46f0-8735-4a8b5f9b1dfa c.w.a.g.log.RequestLoggingFilter - event=request_started method=GET uri=/actuator/prometheus
2026-06-09 11:59:06 [INFO][module01-actuator] [http-nio-8080-exec-6] traceId=35ecc4ba-dea9-46f0-8735-4a8b5f9b1dfa c.w.a.g.log.RequestLoggingFilter - event=request_completed method=GET uri=/actuator/prometheus status=200 durationMs=37
2026-06-09 11:59:11 [INFO][module01-actuator] [http-nio-8080-exec-7] traceId=57a8afdb-bd2e-4d0c-abd1-e67a0c8e9978 c.w.a.g.log.RequestLoggingFilter - event=request_started method=GET uri=/actuator/prometheus
2026-06-09 11:59:11 [INFO][module01-actuator] [http-nio-8080-exec-7] traceId=57a8afdb-bd2e-4d0c-abd1-e67a0c8e9978 c.w.a.g.log.RequestLoggingFilter - event=request_completed method=GET uri=/actuator/prometheus status=200 durationMs=37
2026-06-09 11:59:16 [INFO][module01-actuator] [http-nio-8080-exec-8] traceId=e171b5f1-78ab-4b10-9536-f7086472cbca c.w.a.g.log.RequestLoggingFilter - event=request_started method=GET uri=/actuator/prometheus
2026-06-09 11:59:16 [INFO][module01-actuator] [http-nio-8080-exec-8] traceId=e171b5f1-78ab-4b10-9536-f7086472cbca c.w.a.g.log.RequestLoggingFilter - event=request_completed method=GET uri=/actuator/prometheus status=200 durationMs=30
2026-06-09 11:59:21 [INFO][module01-actuator] [http-nio-8080-exec-9] traceId=bd92936e-69e8-4c69-9c0e-35427d0d0720 c.w.a.g.log.RequestLoggingFilter - event=request_started method=GET uri=/actuator/prometheus
2026-06-09 11:59:21 [INFO][module01-actuator] [http-nio-8080-exec-9] traceId=bd92936e-69e8-4c69-9c0e-35427d0d0720 c.w.a.g.log.RequestLoggingFilter - event=request_completed method=GET uri=/actuator/prometheus status=200 durationMs=32
2026-06-09 11:59:26 [INFO][module01-actuator] [http-nio-8080-exec-10] traceId=8dc0813f-2525-41ed-bdf5-a89e1778b311 c.w.a.g.log.RequestLoggingFilter - event=request_started method=GET uri=/actuator/prometheus
2026-06-09 11:59:26 [INFO][module01-actuator] [http-nio-8080-exec-10] traceId=8dc0813f-2525-41ed-bdf5-a89e1778b311 c.w.a.g.log.RequestLoggingFilter - event=request_completed method=GET uri=/actuator/prometheus status=200 durationMs=34
2026-06-09 11:59:31 [INFO][module01-actuator] [http-nio-8080-exec-1] traceId=2ce366e3-485b-4579-a4c9-ae0996ae4995 c.w.a.g.log.RequestLoggingFilter - event=request_started method=GET uri=/actuator/prometheus
2026-06-09 11:59:31 [INFO][module01-actuator] [http-nio-8080-exec-1] traceId=2ce366e3-485b-4579-a4c9-ae0996ae4995 c.w.a.g.log.RequestLoggingFilter - event=request_completed method=GET uri=/actuator/prometheus status=200 durationMs=37
2026-06-09 11:59:36 [INFO][module01-actuator] [http-nio-8080-exec-2] traceId=b3afb4c7-a237-4eae-9f9e-6dfa379aed99 c.w.a.g.log.RequestLoggingFilter - event=request_started method=GET uri=/actuator/prometheus
2026-06-09 11:59:36 [INFO][module01-actuator] [http-nio-8080-exec-2] traceId=b3afb4c7-a237-4eae-9f9e-6dfa379aed99 c.w.a.g.log.RequestLoggingFilter - event=request_completed method=GET uri=/actuator/prometheus status=200 durationMs=36
2026-06-09 11:59:41 [INFO][module01-actuator] [http-nio-8080-exec-3] traceId=06e6f991-c412-414b-848c-3b5c62ef243c c.w.a.g.log.RequestLoggingFilter - event=request_started method=GET uri=/actuator/prometheus
2026-06-09 11:59:41 [INFO][module01-actuator] [http-nio-8080-exec-3] traceId=06e6f991-c412-414b-848c-3b5c62ef243c c.w.a.g.log.RequestLoggingFilter - event=request_completed method=GET uri=/actuator/prometheus status=200 durationMs=35
2026-06-09 11:59:46 [INFO][module01-actuator] [http-nio-8080-exec-4] traceId=615babd8-86fc-4514-827c-81af1f574d5e c.w.a.g.log.RequestLoggingFilter - event=request_started method=GET uri=/actuator/prometheus
2026-06-09 11:59:46 [INFO][module01-actuator] [http-nio-8080-exec-4] traceId=615babd8-86fc-4514-827c-81af1f574d5e c.w.a.g.log.RequestLoggingFilter - event=request_completed method=GET uri=/actuator/prometheus status=200 durationMs=34
2026-06-09 11:59:51 [INFO][module01-actuator] [http-nio-8080-exec-5] traceId=fe8563ae-aa29-4cf9-afc4-2037f257ca23 c.w.a.g.log.RequestLoggingFilter - event=request_started method=GET uri=/actuator/prometheus
2026-06-09 11:59:51 [INFO][module01-actuator] [http-nio-8080-exec-5] traceId=fe8563ae-aa29-4cf9-afc4-2037f257ca23 c.w.a.g.log.RequestLoggingFilter - event=request_completed method=GET uri=/actuator/prometheus status=200 durationMs=34
2026-06-09 11:59:56 [INFO][module01-actuator] [http-nio-8080-exec-6] traceId=731aaaa8-a9b5-4923-a434-93c8b9a24d61 c.w.a.g.log.RequestLoggingFilter - event=request_started method=GET uri=/actuator/prometheus
2026-06-09 11:59:56 [INFO][module01-actuator] [http-nio-8080-exec-6] traceId=731aaaa8-a9b5-4923-a434-93c8b9a24d61 c.w.a.g.log.RequestLoggingFilter - event=request_completed method=GET uri=/actuator/prometheus status=200 durationMs=40
2026-06-09 12:00:01 [INFO][module01-actuator] [http-nio-8080-exec-7] traceId=e87c32d5-3f18-4080-bb4c-feb66d90ee23 c.w.a.g.log.RequestLoggingFilter - event=request_started method=GET uri=/actuator/prometheus
2026-06-09 12:00:01 [INFO][module01-actuator] [http-nio-8080-exec-7] traceId=e87c32d5-3f18-4080-bb4c-feb66d90ee23 c.w.a.g.log.RequestLoggingFilter - event=request_completed method=GET uri=/actuator/prometheus status=200 durationMs=36
2026-06-09 12:00:06 [INFO][module01-actuator] [http-nio-8080-exec-8] traceId=89486a18-e928-4e2d-8f4a-55038df286be c.w.a.g.log.RequestLoggingFilter - event=request_started method=GET uri=/actuator/prometheus
2026-06-09 12:00:06 [INFO][module01-actuator] [http-nio-8080-exec-8] traceId=89486a18-e928-4e2d-8f4a-55038df286be c.w.a.g.log.RequestLoggingFilter - event=request_completed method=GET uri=/actuator/prometheus status=200 durationMs=41
2026-06-09 12:00:11 [INFO][module01-actuator] [http-nio-8080-exec-9] traceId=e38732d9-e6c6-4e19-8eee-838166cad29a c.w.a.g.log.RequestLoggingFilter - event=request_started method=GET uri=/actuator/prometheus
2026-06-09 12:00:11 [INFO][module01-actuator] [http-nio-8080-exec-9] traceId=e38732d9-e6c6-4e19-8eee-838166cad29a c.w.a.g.log.RequestLoggingFilter - event=request_completed method=GET uri=/actuator/prometheus status=200 durationMs=37
2026-06-09 12:00:16 [INFO][module01-actuator] [http-nio-8080-exec-10] traceId=3039c105-3b71-4b74-ae57-ec5e6bde6674 c.w.a.g.log.RequestLoggingFilter - event=request_started method=GET uri=/actuator/prometheus
2026-06-09 12:00:16 [INFO][module01-actuator] [http-nio-8080-exec-10] traceId=3039c105-3b71-4b74-ae57-ec5e6bde6674 c.w.a.g.log.RequestLoggingFilter - event=request_completed method=GET uri=/actuator/prometheus status=200 durationMs=39
2026-06-09 12:00:21 [INFO][module01-actuator] [http-nio-8080-exec-1] traceId=25a7fa1f-f5f6-44b3-9026-e37f1c0884c9 c.w.a.g.log.RequestLoggingFilter - event=request_started method=GET uri=/actuator/prometheus
2026-06-09 12:00:21 [INFO][module01-actuator] [http-nio-8080-exec-1] traceId=25a7fa1f-f5f6-44b3-9026-e37f1c0884c9 c.w.a.g.log.RequestLoggingFilter - event=request_completed method=GET uri=/actuator/prometheus status=200 durationMs=35
2026-06-09 12:00:26 [INFO][module01-actuator] [http-nio-8080-exec-2] traceId=e1f1cf20-dcdb-4481-9e44-921ca94fe111 c.w.a.g.log.RequestLoggingFilter - event=request_started method=GET uri=/actuator/prometheus
2026-06-09 12:00:26 [INFO][module01-actuator] [http-nio-8080-exec-2] traceId=e1f1cf20-dcdb-4481-9e44-921ca94fe111 c.w.a.g.log.RequestLoggingFilter - event=request_completed method=GET uri=/actuator/prometheus status=200 durationMs=32
2026-06-09 12:00:31 [INFO][module01-actuator] [http-nio-8080-exec-3] traceId=52d2cf59-0b59-46b7-a86e-50decb32e270 c.w.a.g.log.RequestLoggingFilter - event=request_started method=GET uri=/actuator/prometheus
2026-06-09 12:00:31 [INFO][module01-actuator] [http-nio-8080-exec-3] traceId=52d2cf59-0b59-46b7-a86e-50decb32e270 c.w.a.g.log.RequestLoggingFilter - event=request_completed method=GET uri=/actuator/prometheus status=200 durationMs=67
2026-06-09 12:00:36 [INFO][module01-actuator] [http-nio-8080-exec-4] traceId=816f98fb-0629-4394-9b33-9dc41e59eed4 c.w.a.g.log.RequestLoggingFilter - event=request_started method=GET uri=/actuator/prometheus
2026-06-09 12:00:36 [INFO][module01-actuator] [http-nio-8080-exec-4] traceId=816f98fb-0629-4394-9b33-9dc41e59eed4 c.w.a.g.log.RequestLoggingFilter - event=request_completed method=GET uri=/actuator/prometheus status=200 durationMs=40
2026-06-09 12:00:41 [INFO][module01-actuator] [http-nio-8080-exec-5] traceId=cd01bfd1-fecc-4e12-8bad-3f5bef247b70 c.w.a.g.log.RequestLoggingFilter - event=request_started method=GET uri=/actuator/prometheus
2026-06-09 12:00:41 [INFO][module01-actuator] [http-nio-8080-exec-5] traceId=cd01bfd1-fecc-4e12-8bad-3f5bef247b70 c.w.a.g.log.RequestLoggingFilter - event=request_completed method=GET uri=/actuator/prometheus status=200 durationMs=36
2026-06-09 12:00:46 [INFO][module01-actuator] [http-nio-8080-exec-6] traceId=a26c09c2-896b-44a7-9c73-d41d0709bb99 c.w.a.g.log.RequestLoggingFilter - event=request_started method=GET uri=/actuator/prometheus
2026-06-09 12:00:46 [INFO][module01-actuator] [http-nio-8080-exec-6] traceId=a26c09c2-896b-44a7-9c73-d41d0709bb99 c.w.a.g.log.RequestLoggingFilter - event=request_completed method=GET uri=/actuator/prometheus status=200 durationMs=43
2026-06-09 12:00:51 [INFO][module01-actuator] [http-nio-8080-exec-7] traceId=d0792fef-46bc-4520-bd38-e7f09820a5f5 c.w.a.g.log.RequestLoggingFilter - event=request_started method=GET uri=/actuator/prometheus
2026-06-09 12:00:51 [INFO][module01-actuator] [http-nio-8080-exec-7] traceId=d0792fef-46bc-4520-bd38-e7f09820a5f5 c.w.a.g.log.RequestLoggingFilter - event=request_completed method=GET uri=/actuator/prometheus status=200 durationMs=36
2026-06-09 12:00:56 [INFO][module01-actuator] [http-nio-8080-exec-8] traceId=4d29bf0c-4d1c-43d5-bb13-5a50ed534992 c.w.a.g.log.RequestLoggingFilter - event=request_started method=GET uri=/actuator/prometheus
2026-06-09 12:00:56 [INFO][module01-actuator] [http-nio-8080-exec-8] traceId=4d29bf0c-4d1c-43d5-bb13-5a50ed534992 c.w.a.g.log.RequestLoggingFilter - event=request_completed method=GET uri=/actuator/prometheus status=200 durationMs=37
2026-06-09 12:01:01 [INFO][module01-actuator] [http-nio-8080-exec-9] traceId=f6d387b8-bec9-4747-8b00-f2669b56d615 c.w.a.g.log.RequestLoggingFilter - event=request_started method=GET uri=/actuator/prometheus
2026-06-09 12:01:01 [INFO][module01-actuator] [http-nio-8080-exec-9] traceId=f6d387b8-bec9-4747-8b00-f2669b56d615 c.w.a.g.log.RequestLoggingFilter - event=request_completed method=GET uri=/actuator/prometheus status=200 durationMs=75
2026-06-09 12:01:06 [INFO][module01-actuator] [http-nio-8080-exec-10] traceId=f654591c-61ad-4897-b9ed-87ceb6b8c64b c.w.a.g.log.RequestLoggingFilter - event=request_started method=GET uri=/actuator/prometheus
2026-06-09 12:01:06 [INFO][module01-actuator] [http-nio-8080-exec-10] traceId=f654591c-61ad-4897-b9ed-87ceb6b8c64b c.w.a.g.log.RequestLoggingFilter - event=request_completed method=GET uri=/actuator/prometheus status=200 durationMs=36
2026-06-09 12:01:11 [INFO][module01-actuator] [http-nio-8080-exec-1] traceId=9db2520d-a042-4492-b82a-674970aa0b94 c.w.a.g.log.RequestLoggingFilter - event=request_started method=GET uri=/actuator/prometheus
2026-06-09 12:01:11 [INFO][module01-actuator] [http-nio-8080-exec-1] traceId=9db2520d-a042-4492-b82a-674970aa0b94 c.w.a.g.log.RequestLoggingFilter - event=request_completed method=GET uri=/actuator/prometheus status=200 durationMs=36
2026-06-09 12:01:16 [INFO][module01-actuator] [http-nio-8080-exec-2] traceId=3e629fd4-bc37-4c4f-b603-d484d1719522 c.w.a.g.log.RequestLoggingFilter - event=request_started method=GET uri=/actuator/prometheus
2026-06-09 12:01:16 [INFO][module01-actuator] [http-nio-8080-exec-2] traceId=3e629fd4-bc37-4c4f-b603-d484d1719522 c.w.a.g.log.RequestLoggingFilter - event=request_completed method=GET uri=/actuator/prometheus status=200 durationMs=39
2026-06-09 12:01:21 [INFO][module01-actuator] [http-nio-8080-exec-3] traceId=ff1ed164-01d4-4f29-ba9a-6597c7cf4b1a c.w.a.g.log.RequestLoggingFilter - event=request_started method=GET uri=/actuator/prometheus
2026-06-09 12:01:21 [INFO][module01-actuator] [http-nio-8080-exec-3] traceId=ff1ed164-01d4-4f29-ba9a-6597c7cf4b1a c.w.a.g.log.RequestLoggingFilter - event=request_completed method=GET uri=/actuator/prometheus status=200 durationMs=34
2026-06-09 12:01:26 [INFO][module01-actuator] [http-nio-8080-exec-4] traceId=d7c3c74b-e78d-476a-a014-7d9c9eeb82f7 c.w.a.g.log.RequestLoggingFilter - event=request_started method=GET uri=/actuator/prometheus
2026-06-09 12:01:26 [INFO][module01-actuator] [http-nio-8080-exec-4] traceId=d7c3c74b-e78d-476a-a014-7d9c9eeb82f7 c.w.a.g.log.RequestLoggingFilter - event=request_completed method=GET uri=/actuator/prometheus status=200 durationMs=34
2026-06-09 12:01:31 [INFO][module01-actuator] [http-nio-8080-exec-5] traceId=5de4680b-8f69-4494-b3e9-30103c107766 c.w.a.g.log.RequestLoggingFilter - event=request_started method=GET uri=/actuator/prometheus
2026-06-09 12:01:31 [INFO][module01-actuator] [http-nio-8080-exec-5] traceId=5de4680b-8f69-4494-b3e9-30103c107766 c.w.a.g.log.RequestLoggingFilter - event=request_completed method=GET uri=/actuator/prometheus status=200 durationMs=126
2026-06-09 12:01:36 [INFO][module01-actuator] [http-nio-8080-exec-6] traceId=a365e5ac-1fa7-4459-ae10-63e9861ddc57 c.w.a.g.log.RequestLoggingFilter - event=request_started method=GET uri=/actuator/prometheus
2026-06-09 12:01:36 [INFO][module01-actuator] [http-nio-8080-exec-6] traceId=a365e5ac-1fa7-4459-ae10-63e9861ddc57 c.w.a.g.log.RequestLoggingFilter - event=request_completed method=GET uri=/actuator/prometheus status=200 durationMs=54
2026-06-09 12:01:41 [INFO][module01-actuator] [http-nio-8080-exec-7] traceId=95ca28c0-caf1-4f42-a03f-7fedc43766da c.w.a.g.log.RequestLoggingFilter - event=request_started method=GET uri=/actuator/prometheus
2026-06-09 12:01:41 [INFO][module01-actuator] [http-nio-8080-exec-7] traceId=95ca28c0-caf1-4f42-a03f-7fedc43766da c.w.a.g.log.RequestLoggingFilter - event=request_completed method=GET uri=/actuator/prometheus status=200 durationMs=49
2026-06-09 12:01:46 [INFO][module01-actuator] [http-nio-8080-exec-8] traceId=7b6b33d8-e491-4ad6-becb-393693e48990 c.w.a.g.log.RequestLoggingFilter - event=request_started method=GET uri=/actuator/prometheus
2026-06-09 12:01:46 [INFO][module01-actuator] [http-nio-8080-exec-8] traceId=7b6b33d8-e491-4ad6-becb-393693e48990 c.w.a.g.log.RequestLoggingFilter - event=request_completed method=GET uri=/actuator/prometheus status=200 durationMs=48
2026-06-09 12:01:51 [INFO][module01-actuator] [http-nio-8080-exec-9] traceId=6917db12-80ed-4211-ae83-bd956a1d2581 c.w.a.g.log.RequestLoggingFilter - event=request_started method=GET uri=/actuator/prometheus
2026-06-09 12:01:51 [INFO][module01-actuator] [http-nio-8080-exec-9] traceId=6917db12-80ed-4211-ae83-bd956a1d2581 c.w.a.g.log.RequestLoggingFilter - event=request_completed method=GET uri=/actuator/prometheus status=200 durationMs=46
2026-06-09 12:01:56 [INFO][module01-actuator] [http-nio-8080-exec-10] traceId=30d37244-2ae0-4d65-835d-b074d986540f c.w.a.g.log.RequestLoggingFilter - event=request_started method=GET uri=/actuator/prometheus
2026-06-09 12:01:56 [INFO][module01-actuator] [http-nio-8080-exec-10] traceId=30d37244-2ae0-4d65-835d-b074d986540f c.w.a.g.log.RequestLoggingFilter - event=request_completed method=GET uri=/actuator/prometheus status=200 durationMs=55
2026-06-09 12:02:01 [INFO][module01-actuator] [http-nio-8080-exec-1] traceId=68d43a2a-cbfd-45fc-aa0a-e5f90001ae1e c.w.a.g.log.RequestLoggingFilter - event=request_started method=GET uri=/actuator/prometheus
2026-06-09 12:02:01 [INFO][module01-actuator] [http-nio-8080-exec-1] traceId=68d43a2a-cbfd-45fc-aa0a-e5f90001ae1e c.w.a.g.log.RequestLoggingFilter - event=request_completed method=GET uri=/actuator/prometheus status=200 durationMs=56
2026-06-09 12:02:06 [INFO][module01-actuator] [http-nio-8080-exec-2] traceId=ae6264f3-9675-4ecb-9dd9-b233487f383b c.w.a.g.log.RequestLoggingFilter - event=request_started method=GET uri=/actuator/prometheus
2026-06-09 12:02:06 [INFO][module01-actuator] [http-nio-8080-exec-2] traceId=ae6264f3-9675-4ecb-9dd9-b233487f383b c.w.a.g.log.RequestLoggingFilter - event=request_completed method=GET uri=/actuator/prometheus status=200 durationMs=48
2026-06-09 12:02:11 [INFO][module01-actuator] [http-nio-8080-exec-3] traceId=7c2fcce2-d8bd-4943-b39c-00150070a72f c.w.a.g.log.RequestLoggingFilter - event=request_started method=GET uri=/actuator/prometheus
2026-06-09 12:02:11 [INFO][module01-actuator] [http-nio-8080-exec-3] traceId=7c2fcce2-d8bd-4943-b39c-00150070a72f c.w.a.g.log.RequestLoggingFilter - event=request_completed method=GET uri=/actuator/prometheus status=200 durationMs=58
2026-06-09 12:02:16 [INFO][module01-actuator] [http-nio-8080-exec-4] traceId=26203e0d-9557-4c56-bd2f-a14cbc9bb514 c.w.a.g.log.RequestLoggingFilter - event=request_started method=GET uri=/actuator/prometheus
2026-06-09 12:02:16 [INFO][module01-actuator] [http-nio-8080-exec-4] traceId=26203e0d-9557-4c56-bd2f-a14cbc9bb514 c.w.a.g.log.RequestLoggingFilter - event=request_completed method=GET uri=/actuator/prometheus status=200 durationMs=61
2026-06-09 12:02:21 [INFO][module01-actuator] [http-nio-8080-exec-5] traceId=ab2522f2-d302-4d1e-9c20-8c26d97557ea c.w.a.g.log.RequestLoggingFilter - event=request_started method=GET uri=/actuator/prometheus
2026-06-09 12:02:21 [INFO][module01-actuator] [http-nio-8080-exec-5] traceId=ab2522f2-d302-4d1e-9c20-8c26d97557ea c.w.a.g.log.RequestLoggingFilter - event=request_completed method=GET uri=/actuator/prometheus status=200 durationMs=55
2026-06-09 12:02:26 [INFO][module01-actuator] [http-nio-8080-exec-6] traceId=3c6e6f7d-aad3-4776-831f-b25a6e5cdede c.w.a.g.log.RequestLoggingFilter - event=request_started method=GET uri=/actuator/prometheus
2026-06-09 12:02:26 [INFO][module01-actuator] [http-nio-8080-exec-6] traceId=3c6e6f7d-aad3-4776-831f-b25a6e5cdede c.w.a.g.log.RequestLoggingFilter - event=request_completed method=GET uri=/actuator/prometheus status=200 durationMs=47
2026-06-09 12:02:31 [INFO][module01-actuator] [http-nio-8080-exec-7] traceId=b07c30e1-9206-4259-afc8-98a9e2b39508 c.w.a.g.log.RequestLoggingFilter - event=request_started method=GET uri=/actuator/prometheus
2026-06-09 12:02:31 [INFO][module01-actuator] [http-nio-8080-exec-7] traceId=b07c30e1-9206-4259-afc8-98a9e2b39508 c.w.a.g.log.RequestLoggingFilter - event=request_completed method=GET uri=/actuator/prometheus status=200 durationMs=47
2026-06-09 12:02:36 [INFO][module01-actuator] [http-nio-8080-exec-8] traceId=ab606070-e107-4238-a26a-a5966d40184b c.w.a.g.log.RequestLoggingFilter - event=request_started method=GET uri=/actuator/prometheus
2026-06-09 12:02:36 [INFO][module01-actuator] [http-nio-8080-exec-8] traceId=ab606070-e107-4238-a26a-a5966d40184b c.w.a.g.log.RequestLoggingFilter - event=request_completed method=GET uri=/actuator/prometheus status=200 durationMs=55
2026-06-09 12:02:41 [INFO][module01-actuator] [http-nio-8080-exec-9] traceId=2a91a4ac-e666-477f-9aa1-828c00cc1fcf c.w.a.g.log.RequestLoggingFilter - event=request_started method=GET uri=/actuator/prometheus
2026-06-09 12:02:41 [INFO][module01-actuator] [http-nio-8080-exec-9] traceId=2a91a4ac-e666-477f-9aa1-828c00cc1fcf c.w.a.g.log.RequestLoggingFilter - event=request_completed method=GET uri=/actuator/prometheus status=200 durationMs=50
2026-06-09 12:02:46 [INFO][module01-actuator] [http-nio-8080-exec-10] traceId=ae021997-d1f5-40cc-9873-232589a4f8d1 c.w.a.g.log.RequestLoggingFilter - event=request_started method=GET uri=/actuator/prometheus
2026-06-09 12:02:46 [INFO][module01-actuator] [http-nio-8080-exec-10] traceId=ae021997-d1f5-40cc-9873-232589a4f8d1 c.w.a.g.log.RequestLoggingFilter - event=request_completed method=GET uri=/actuator/prometheus status=200 durationMs=51
2026-06-09 12:02:51 [INFO][module01-actuator] [http-nio-8080-exec-1] traceId=11b32a79-e9c1-4c56-8b18-cd045f6e560d c.w.a.g.log.RequestLoggingFilter - event=request_started method=GET uri=/actuator/prometheus
2026-06-09 12:02:51 [INFO][module01-actuator] [http-nio-8080-exec-1] traceId=11b32a79-e9c1-4c56-8b18-cd045f6e560d c.w.a.g.log.RequestLoggingFilter - event=request_completed method=GET uri=/actuator/prometheus status=200 durationMs=59
2026-06-09 12:02:56 [INFO][module01-actuator] [http-nio-8080-exec-2] traceId=fe5e455d-2b94-48b1-bfd2-c0916842386d c.w.a.g.log.RequestLoggingFilter - event=request_started method=GET uri=/actuator/prometheus
2026-06-09 12:02:56 [INFO][module01-actuator] [http-nio-8080-exec-2] traceId=fe5e455d-2b94-48b1-bfd2-c0916842386d c.w.a.g.log.RequestLoggingFilter - event=request_completed method=GET uri=/actuator/prometheus status=200 durationMs=51
2026-06-09 12:03:01 [INFO][module01-actuator] [http-nio-8080-exec-3] traceId=f76c9897-ea77-444b-8145-c3957a02f0f8 c.w.a.g.log.RequestLoggingFilter - event=request_started method=GET uri=/actuator/prometheus
2026-06-09 12:03:01 [INFO][module01-actuator] [http-nio-8080-exec-3] traceId=f76c9897-ea77-444b-8145-c3957a02f0f8 c.w.a.g.log.RequestLoggingFilter - event=request_completed method=GET uri=/actuator/prometheus status=200 durationMs=46
2026-06-09 12:03:06 [INFO][module01-actuator] [http-nio-8080-exec-4] traceId=241614e1-b208-49ba-8ca5-f77c43bb7c5e c.w.a.g.log.RequestLoggingFilter - event=request_started method=GET uri=/actuator/prometheus
2026-06-09 12:03:06 [INFO][module01-actuator] [http-nio-8080-exec-4] traceId=241614e1-b208-49ba-8ca5-f77c43bb7c5e c.w.a.g.log.RequestLoggingFilter - event=request_completed method=GET uri=/actuator/prometheus status=200 durationMs=49
2026-06-09 12:03:11 [INFO][module01-actuator] [http-nio-8080-exec-5] traceId=2a03b01e-3056-48b8-95ec-18cbf4642242 c.w.a.g.log.RequestLoggingFilter - event=request_started method=GET uri=/actuator/prometheus
2026-06-09 12:03:11 [INFO][module01-actuator] [http-nio-8080-exec-5] traceId=2a03b01e-3056-48b8-95ec-18cbf4642242 c.w.a.g.log.RequestLoggingFilter - event=request_completed method=GET uri=/actuator/prometheus status=200 durationMs=54
2026-06-09 12:03:16 [INFO][module01-actuator] [http-nio-8080-exec-6] traceId=073d79a6-9d88-44eb-a081-4f05bb527431 c.w.a.g.log.RequestLoggingFilter - event=request_started method=GET uri=/actuator/prometheus
2026-06-09 12:03:16 [INFO][module01-actuator] [http-nio-8080-exec-6] traceId=073d79a6-9d88-44eb-a081-4f05bb527431 c.w.a.g.log.RequestLoggingFilter - event=request_completed method=GET uri=/actuator/prometheus status=200 durationMs=43
2026-06-09 12:03:21 [INFO][module01-actuator] [http-nio-8080-exec-7] traceId=8c138a8d-3373-4d2e-a98f-59330c08fda4 c.w.a.g.log.RequestLoggingFilter - event=request_started method=GET uri=/actuator/prometheus
2026-06-09 12:03:21 [INFO][module01-actuator] [http-nio-8080-exec-7] traceId=8c138a8d-3373-4d2e-a98f-59330c08fda4 c.w.a.g.log.RequestLoggingFilter - event=request_completed method=GET uri=/actuator/prometheus status=200 durationMs=48
2026-06-09 12:03:26 [INFO][module01-actuator] [http-nio-8080-exec-8] traceId=e0821dc5-c17b-41db-9e43-63cf7f09751b c.w.a.g.log.RequestLoggingFilter - event=request_started method=GET uri=/actuator/prometheus
2026-06-09 12:03:26 [INFO][module01-actuator] [http-nio-8080-exec-8] traceId=e0821dc5-c17b-41db-9e43-63cf7f09751b c.w.a.g.log.RequestLoggingFilter - event=request_completed method=GET uri=/actuator/prometheus status=200 durationMs=85
2026-06-09 12:03:31 [INFO][module01-actuator] [http-nio-8080-exec-9] traceId=0c95c132-638f-4ae8-be5e-23ba07da6b1e c.w.a.g.log.RequestLoggingFilter - event=request_started method=GET uri=/actuator/prometheus
2026-06-09 12:03:31 [INFO][module01-actuator] [http-nio-8080-exec-9] traceId=0c95c132-638f-4ae8-be5e-23ba07da6b1e c.w.a.g.log.RequestLoggingFilter - event=request_completed method=GET uri=/actuator/prometheus status=200 durationMs=44
2026-06-09 12:03:36 [INFO][module01-actuator] [http-nio-8080-exec-10] traceId=69be7076-e721-42e1-9250-b7f3359692c5 c.w.a.g.log.RequestLoggingFilter - event=request_started method=GET uri=/actuator/prometheus
2026-06-09 12:03:36 [INFO][module01-actuator] [http-nio-8080-exec-10] traceId=69be7076-e721-42e1-9250-b7f3359692c5 c.w.a.g.log.RequestLoggingFilter - event=request_completed method=GET uri=/actuator/prometheus status=200 durationMs=61
2026-06-09 12:03:41 [INFO][module01-actuator] [http-nio-8080-exec-1] traceId=d1047a1d-da37-4dc6-b649-15e3c506e919 c.w.a.g.log.RequestLoggingFilter - event=request_started method=GET uri=/actuator/prometheus
2026-06-09 12:03:41 [INFO][module01-actuator] [http-nio-8080-exec-1] traceId=d1047a1d-da37-4dc6-b649-15e3c506e919 c.w.a.g.log.RequestLoggingFilter - event=request_completed method=GET uri=/actuator/prometheus status=200 durationMs=54
2026-06-09 12:03:46 [INFO][module01-actuator] [http-nio-8080-exec-2] traceId=0fbbccde-4c3e-4f1e-bdcb-9155e01b470a c.w.a.g.log.RequestLoggingFilter - event=request_started method=GET uri=/actuator/prometheus
2026-06-09 12:03:46 [INFO][module01-actuator] [http-nio-8080-exec-2] traceId=0fbbccde-4c3e-4f1e-bdcb-9155e01b470a c.w.a.g.log.RequestLoggingFilter - event=request_completed method=GET uri=/actuator/prometheus status=200 durationMs=51
2026-06-09 12:03:51 [INFO][module01-actuator] [http-nio-8080-exec-3] traceId=346e717f-7e37-4f02-b52a-8be5bc5c117e c.w.a.g.log.RequestLoggingFilter - event=request_started method=GET uri=/actuator/prometheus
2026-06-09 12:03:51 [INFO][module01-actuator] [http-nio-8080-exec-3] traceId=346e717f-7e37-4f02-b52a-8be5bc5c117e c.w.a.g.log.RequestLoggingFilter - event=request_completed method=GET uri=/actuator/prometheus status=200 durationMs=56
2026-06-09 12:03:56 [INFO][module01-actuator] [http-nio-8080-exec-4] traceId=eabec63c-8faa-473e-9467-aef03176cd12 c.w.a.g.log.RequestLoggingFilter - event=request_started method=GET uri=/actuator/prometheus
2026-06-09 12:03:56 [INFO][module01-actuator] [http-nio-8080-exec-4] traceId=eabec63c-8faa-473e-9467-aef03176cd12 c.w.a.g.log.RequestLoggingFilter - event=request_completed method=GET uri=/actuator/prometheus status=200 durationMs=56
2026-06-09 12:04:01 [INFO][module01-actuator] [http-nio-8080-exec-5] traceId=acbaeb5f-bbce-410b-8183-a5b83b4af391 c.w.a.g.log.RequestLoggingFilter - event=request_started method=GET uri=/actuator/prometheus
2026-06-09 12:04:01 [INFO][module01-actuator] [http-nio-8080-exec-5] traceId=acbaeb5f-bbce-410b-8183-a5b83b4af391 c.w.a.g.log.RequestLoggingFilter - event=request_completed method=GET uri=/actuator/prometheus status=200 durationMs=48
2026-06-09 12:04:06 [INFO][module01-actuator] [http-nio-8080-exec-6] traceId=8fff2b38-0b89-4cda-b3e6-e23ebbed9beb c.w.a.g.log.RequestLoggingFilter - event=request_started method=GET uri=/actuator/prometheus
2026-06-09 12:04:06 [INFO][module01-actuator] [http-nio-8080-exec-6] traceId=8fff2b38-0b89-4cda-b3e6-e23ebbed9beb c.w.a.g.log.RequestLoggingFilter - event=request_completed method=GET uri=/actuator/prometheus status=200 durationMs=45
2026-06-09 12:04:11 [INFO][module01-actuator] [http-nio-8080-exec-7] traceId=0d823477-e892-4000-91f5-ece88fd550cf c.w.a.g.log.RequestLoggingFilter - event=request_started method=GET uri=/actuator/prometheus
2026-06-09 12:04:11 [INFO][module01-actuator] [http-nio-8080-exec-7] traceId=0d823477-e892-4000-91f5-ece88fd550cf c.w.a.g.log.RequestLoggingFilter - event=request_completed method=GET uri=/actuator/prometheus status=200 durationMs=63
2026-06-09 12:04:16 [INFO][module01-actuator] [http-nio-8080-exec-8] traceId=31ba1635-ad21-442e-ad9d-7fc25592b3dc c.w.a.g.log.RequestLoggingFilter - event=request_started method=GET uri=/actuator/prometheus
2026-06-09 12:04:16 [INFO][module01-actuator] [http-nio-8080-exec-8] traceId=31ba1635-ad21-442e-ad9d-7fc25592b3dc c.w.a.g.log.RequestLoggingFilter - event=request_completed method=GET uri=/actuator/prometheus status=200 durationMs=40
2026-06-09 12:04:21 [INFO][module01-actuator] [http-nio-8080-exec-9] traceId=35a4b419-7d85-4791-82c5-438a284403a5 c.w.a.g.log.RequestLoggingFilter - event=request_started method=GET uri=/actuator/prometheus
2026-06-09 12:04:21 [INFO][module01-actuator] [http-nio-8080-exec-9] traceId=35a4b419-7d85-4791-82c5-438a284403a5 c.w.a.g.log.RequestLoggingFilter - event=request_completed method=GET uri=/actuator/prometheus status=200 durationMs=48
2026-06-09 12:04:26 [INFO][module01-actuator] [http-nio-8080-exec-10] traceId=15285ab6-d692-45f9-9002-31bb7a164c50 c.w.a.g.log.RequestLoggingFilter - event=request_started method=GET uri=/actuator/prometheus
2026-06-09 12:04:26 [INFO][module01-actuator] [http-nio-8080-exec-10] traceId=15285ab6-d692-45f9-9002-31bb7a164c50 c.w.a.g.log.RequestLoggingFilter - event=request_completed method=GET uri=/actuator/prometheus status=200 durationMs=59
2026-06-09 12:04:31 [INFO][module01-actuator] [http-nio-8080-exec-1] traceId=d4730800-520a-4ac4-9a77-d07807652201 c.w.a.g.log.RequestLoggingFilter - event=request_started method=GET uri=/actuator/prometheus
2026-06-09 12:04:31 [INFO][module01-actuator] [http-nio-8080-exec-1] traceId=d4730800-520a-4ac4-9a77-d07807652201 c.w.a.g.log.RequestLoggingFilter - event=request_completed method=GET uri=/actuator/prometheus status=200 durationMs=47
2026-06-09 12:04:36 [INFO][module01-actuator] [http-nio-8080-exec-2] traceId=89e5cf4b-cd93-41f2-837d-19e8d693fc56 c.w.a.g.log.RequestLoggingFilter - event=request_started method=GET uri=/actuator/prometheus
2026-06-09 12:04:36 [INFO][module01-actuator] [http-nio-8080-exec-2] traceId=89e5cf4b-cd93-41f2-837d-19e8d693fc56 c.w.a.g.log.RequestLoggingFilter - event=request_completed method=GET uri=/actuator/prometheus status=200 durationMs=51
2026-06-09 12:04:41 [INFO][module01-actuator] [http-nio-8080-exec-3] traceId=20a2cf61-45d8-47de-ab91-168ea78cfa09 c.w.a.g.log.RequestLoggingFilter - event=request_started method=GET uri=/actuator/prometheus
2026-06-09 12:04:41 [INFO][module01-actuator] [http-nio-8080-exec-3] traceId=20a2cf61-45d8-47de-ab91-168ea78cfa09 c.w.a.g.log.RequestLoggingFilter - event=request_completed method=GET uri=/actuator/prometheus status=200 durationMs=43
2026-06-09 12:04:46 [INFO][module01-actuator] [http-nio-8080-exec-4] traceId=8a4f0ec4-69db-4664-9cda-a65c5a46e49b c.w.a.g.log.RequestLoggingFilter - event=request_started method=GET uri=/actuator/prometheus
2026-06-09 12:04:46 [INFO][module01-actuator] [http-nio-8080-exec-4] traceId=8a4f0ec4-69db-4664-9cda-a65c5a46e49b c.w.a.g.log.RequestLoggingFilter - event=request_completed method=GET uri=/actuator/prometheus status=200 durationMs=50
2026-06-09 12:04:51 [INFO][module01-actuator] [http-nio-8080-exec-5] traceId=e04d4b69-0869-4de5-a129-a71b4371dabb c.w.a.g.log.RequestLoggingFilter - event=request_started method=GET uri=/actuator/prometheus
2026-06-09 12:04:51 [INFO][module01-actuator] [http-nio-8080-exec-5] traceId=e04d4b69-0869-4de5-a129-a71b4371dabb c.w.a.g.log.RequestLoggingFilter - event=request_completed method=GET uri=/actuator/prometheus status=200 durationMs=54
2026-06-09 12:04:56 [INFO][module01-actuator] [http-nio-8080-exec-6] traceId=3e5b8f8e-1591-482e-9da3-bdd54599f565 c.w.a.g.log.RequestLoggingFilter - event=request_started method=GET uri=/actuator/prometheus
2026-06-09 12:04:56 [INFO][module01-actuator] [http-nio-8080-exec-6] traceId=3e5b8f8e-1591-482e-9da3-bdd54599f565 c.w.a.g.log.RequestLoggingFilter - event=request_completed method=GET uri=/actuator/prometheus status=200 durationMs=50
2026-06-09 12:05:01 [INFO][module01-actuator] [http-nio-8080-exec-7] traceId=65ce2875-2826-416e-b7b8-68353d25e2b1 c.w.a.g.log.RequestLoggingFilter - event=request_started method=GET uri=/actuator/prometheus
2026-06-09 12:05:01 [INFO][module01-actuator] [http-nio-8080-exec-7] traceId=65ce2875-2826-416e-b7b8-68353d25e2b1 c.w.a.g.log.RequestLoggingFilter - event=request_completed method=GET uri=/actuator/prometheus status=200 durationMs=64
2026-06-09 12:05:06 [INFO][module01-actuator] [http-nio-8080-exec-8] traceId=4f88b81b-a9f0-47b6-8147-ab242c001031 c.w.a.g.log.RequestLoggingFilter - event=request_started method=GET uri=/actuator/prometheus
2026-06-09 12:05:06 [INFO][module01-actuator] [http-nio-8080-exec-8] traceId=4f88b81b-a9f0-47b6-8147-ab242c001031 c.w.a.g.log.RequestLoggingFilter - event=request_completed method=GET uri=/actuator/prometheus status=200 durationMs=46
2026-06-09 12:05:11 [INFO][module01-actuator] [http-nio-8080-exec-9] traceId=299cc4fb-62fc-43ee-ae9c-0ce71dd8d788 c.w.a.g.log.RequestLoggingFilter - event=request_started method=GET uri=/actuator/prometheus
2026-06-09 12:05:11 [INFO][module01-actuator] [http-nio-8080-exec-9] traceId=299cc4fb-62fc-43ee-ae9c-0ce71dd8d788 c.w.a.g.log.RequestLoggingFilter - event=request_completed method=GET uri=/actuator/prometheus status=200 durationMs=48
2026-06-09 12:05:16 [INFO][module01-actuator] [http-nio-8080-exec-10] traceId=5d3b0740-fbec-4da3-97d1-4baa1badd5c7 c.w.a.g.log.RequestLoggingFilter - event=request_started method=GET uri=/actuator/prometheus
2026-06-09 12:05:16 [INFO][module01-actuator] [http-nio-8080-exec-10] traceId=5d3b0740-fbec-4da3-97d1-4baa1badd5c7 c.w.a.g.log.RequestLoggingFilter - event=request_completed method=GET uri=/actuator/prometheus status=200 durationMs=60
2026-06-09 12:05:21 [INFO][module01-actuator] [http-nio-8080-exec-1] traceId=1f88cc3b-40c2-49ab-aaae-e4822283c714 c.w.a.g.log.RequestLoggingFilter - event=request_started method=GET uri=/actuator/prometheus
2026-06-09 12:05:21 [INFO][module01-actuator] [http-nio-8080-exec-1] traceId=1f88cc3b-40c2-49ab-aaae-e4822283c714 c.w.a.g.log.RequestLoggingFilter - event=request_completed method=GET uri=/actuator/prometheus status=200 durationMs=85
2026-06-09 12:05:26 [INFO][module01-actuator] [http-nio-8080-exec-2] traceId=24ad1bad-3af7-4d14-bd3c-6f527f9ea010 c.w.a.g.log.RequestLoggingFilter - event=request_started method=GET uri=/actuator/prometheus
2026-06-09 12:05:26 [INFO][module01-actuator] [http-nio-8080-exec-2] traceId=24ad1bad-3af7-4d14-bd3c-6f527f9ea010 c.w.a.g.log.RequestLoggingFilter - event=request_completed method=GET uri=/actuator/prometheus status=200 durationMs=63
2026-06-09 12:05:31 [INFO][module01-actuator] [http-nio-8080-exec-3] traceId=97fdd3b6-434d-4301-9362-adbc68191341 c.w.a.g.log.RequestLoggingFilter - event=request_started method=GET uri=/actuator/prometheus
2026-06-09 12:05:31 [INFO][module01-actuator] [http-nio-8080-exec-3] traceId=97fdd3b6-434d-4301-9362-adbc68191341 c.w.a.g.log.RequestLoggingFilter - event=request_completed method=GET uri=/actuator/prometheus status=200 durationMs=45
2026-06-09 12:05:36 [INFO][module01-actuator] [http-nio-8080-exec-4] traceId=1fc1f97f-b45c-4d1d-88ee-c2c5db84ff66 c.w.a.g.log.RequestLoggingFilter - event=request_started method=GET uri=/actuator/prometheus
2026-06-09 12:05:36 [INFO][module01-actuator] [http-nio-8080-exec-4] traceId=1fc1f97f-b45c-4d1d-88ee-c2c5db84ff66 c.w.a.g.log.RequestLoggingFilter - event=request_completed method=GET uri=/actuator/prometheus status=200 durationMs=46
2026-06-09 12:05:41 [INFO][module01-actuator] [http-nio-8080-exec-5] traceId=1a042c31-4886-40ee-80b4-03b6fa0cf31a c.w.a.g.log.RequestLoggingFilter - event=request_started method=GET uri=/actuator/prometheus
2026-06-09 12:05:41 [INFO][module01-actuator] [http-nio-8080-exec-5] traceId=1a042c31-4886-40ee-80b4-03b6fa0cf31a c.w.a.g.log.RequestLoggingFilter - event=request_completed method=GET uri=/actuator/prometheus status=200 durationMs=55
2026-06-09 12:05:46 [INFO][module01-actuator] [http-nio-8080-exec-6] traceId=c4d1deee-cfda-48e6-9615-20ad4a15d297 c.w.a.g.log.RequestLoggingFilter - event=request_started method=GET uri=/actuator/prometheus
2026-06-09 12:05:46 [INFO][module01-actuator] [http-nio-8080-exec-6] traceId=c4d1deee-cfda-48e6-9615-20ad4a15d297 c.w.a.g.log.RequestLoggingFilter - event=request_completed method=GET uri=/actuator/prometheus status=200 durationMs=47
2026-06-09 12:05:51 [INFO][module01-actuator] [http-nio-8080-exec-7] traceId=65324faf-c994-4b57-8b70-166face7fc63 c.w.a.g.log.RequestLoggingFilter - event=request_started method=GET uri=/actuator/prometheus
2026-06-09 12:05:51 [INFO][module01-actuator] [http-nio-8080-exec-7] traceId=65324faf-c994-4b57-8b70-166face7fc63 c.w.a.g.log.RequestLoggingFilter - event=request_completed method=GET uri=/actuator/prometheus status=200 durationMs=52
2026-06-09 12:05:56 [INFO][module01-actuator] [http-nio-8080-exec-8] traceId=e402c2f5-1773-4621-bfe7-75a20d41182d c.w.a.g.log.RequestLoggingFilter - event=request_started method=GET uri=/actuator/prometheus
2026-06-09 12:05:56 [INFO][module01-actuator] [http-nio-8080-exec-8] traceId=e402c2f5-1773-4621-bfe7-75a20d41182d c.w.a.g.log.RequestLoggingFilter - event=request_completed method=GET uri=/actuator/prometheus status=200 durationMs=53
2026-06-09 12:06:01 [INFO][module01-actuator] [http-nio-8080-exec-9] traceId=983f81f6-74b9-4792-be41-03aa66617d5d c.w.a.g.log.RequestLoggingFilter - event=request_started method=GET uri=/actuator/prometheus
2026-06-09 12:06:01 [INFO][module01-actuator] [http-nio-8080-exec-9] traceId=983f81f6-74b9-4792-be41-03aa66617d5d c.w.a.g.log.RequestLoggingFilter - event=request_completed method=GET uri=/actuator/prometheus status=200 durationMs=50
2026-06-09 12:06:06 [INFO][module01-actuator] [http-nio-8080-exec-10] traceId=0e350198-3b54-4565-90ba-aa68dddb0ff2 c.w.a.g.log.RequestLoggingFilter - event=request_started method=GET uri=/actuator/prometheus
2026-06-09 12:06:06 [INFO][module01-actuator] [http-nio-8080-exec-10] traceId=0e350198-3b54-4565-90ba-aa68dddb0ff2 c.w.a.g.log.RequestLoggingFilter - event=request_completed method=GET uri=/actuator/prometheus status=200 durationMs=56
2026-06-09 12:06:11 [INFO][module01-actuator] [http-nio-8080-exec-1] traceId=296be54e-ef49-45ef-b199-0eb71f50e295 c.w.a.g.log.RequestLoggingFilter - event=request_started method=GET uri=/actuator/prometheus
2026-06-09 12:06:11 [INFO][module01-actuator] [http-nio-8080-exec-1] traceId=296be54e-ef49-45ef-b199-0eb71f50e295 c.w.a.g.log.RequestLoggingFilter - event=request_completed method=GET uri=/actuator/prometheus status=200 durationMs=56
2026-06-09 12:06:16 [INFO][module01-actuator] [http-nio-8080-exec-2] traceId=ac4f1644-701e-459f-9c86-8242946dc500 c.w.a.g.log.RequestLoggingFilter - event=request_started method=GET uri=/actuator/prometheus
2026-06-09 12:06:16 [INFO][module01-actuator] [http-nio-8080-exec-2] traceId=ac4f1644-701e-459f-9c86-8242946dc500 c.w.a.g.log.RequestLoggingFilter - event=request_completed method=GET uri=/actuator/prometheus status=200 durationMs=56
2026-06-09 12:06:21 [INFO][module01-actuator] [http-nio-8080-exec-3] traceId=ed0176db-4147-4db4-988e-cc64023eada7 c.w.a.g.log.RequestLoggingFilter - event=request_started method=GET uri=/actuator/prometheus
2026-06-09 12:06:21 [INFO][module01-actuator] [http-nio-8080-exec-3] traceId=ed0176db-4147-4db4-988e-cc64023eada7 c.w.a.g.log.RequestLoggingFilter - event=request_completed method=GET uri=/actuator/prometheus status=200 durationMs=60
2026-06-09 12:06:26 [INFO][module01-actuator] [http-nio-8080-exec-4] traceId=ad670ac3-6f27-4766-baac-a8b8f5334d8e c.w.a.g.log.RequestLoggingFilter - event=request_started method=GET uri=/actuator/prometheus
2026-06-09 12:06:26 [INFO][module01-actuator] [http-nio-8080-exec-4] traceId=ad670ac3-6f27-4766-baac-a8b8f5334d8e c.w.a.g.log.RequestLoggingFilter - event=request_completed method=GET uri=/actuator/prometheus status=200 durationMs=57
2026-06-09 12:06:31 [INFO][module01-actuator] [http-nio-8080-exec-5] traceId=d99ef1eb-9434-47ae-bb49-321ac4f36915 c.w.a.g.log.RequestLoggingFilter - event=request_started method=GET uri=/actuator/prometheus
2026-06-09 12:06:31 [INFO][module01-actuator] [http-nio-8080-exec-5] traceId=d99ef1eb-9434-47ae-bb49-321ac4f36915 c.w.a.g.log.RequestLoggingFilter - event=request_completed method=GET uri=/actuator/prometheus status=200 durationMs=45
2026-06-09 12:06:36 [INFO][module01-actuator] [http-nio-8080-exec-6] traceId=40f9ef18-528a-4f6c-b09f-eaff6104926b c.w.a.g.log.RequestLoggingFilter - event=request_started method=GET uri=/actuator/prometheus
2026-06-09 12:06:36 [INFO][module01-actuator] [http-nio-8080-exec-6] traceId=40f9ef18-528a-4f6c-b09f-eaff6104926b c.w.a.g.log.RequestLoggingFilter - event=request_completed method=GET uri=/actuator/prometheus status=200 durationMs=86
2026-06-09 12:06:41 [INFO][module01-actuator] [http-nio-8080-exec-7] traceId=f24b783e-1e87-43ce-ad01-8079c3cb8e66 c.w.a.g.log.RequestLoggingFilter - event=request_started method=GET uri=/actuator/prometheus
2026-06-09 12:06:41 [INFO][module01-actuator] [http-nio-8080-exec-7] traceId=f24b783e-1e87-43ce-ad01-8079c3cb8e66 c.w.a.g.log.RequestLoggingFilter - event=request_completed method=GET uri=/actuator/prometheus status=200 durationMs=54
2026-06-09 12:06:46 [INFO][module01-actuator] [http-nio-8080-exec-8] traceId=30cd100c-b955-4306-b6cd-b10256d8ea7d c.w.a.g.log.RequestLoggingFilter - event=request_started method=GET uri=/actuator/prometheus
2026-06-09 12:06:46 [INFO][module01-actuator] [http-nio-8080-exec-8] traceId=30cd100c-b955-4306-b6cd-b10256d8ea7d c.w.a.g.log.RequestLoggingFilter - event=request_completed method=GET uri=/actuator/prometheus status=200 durationMs=53
2026-06-09 12:06:51 [INFO][module01-actuator] [http-nio-8080-exec-9] traceId=1f316258-e279-49c7-8331-2f942ec51ab0 c.w.a.g.log.RequestLoggingFilter - event=request_started method=GET uri=/actuator/prometheus
2026-06-09 12:06:51 [INFO][module01-actuator] [http-nio-8080-exec-9] traceId=1f316258-e279-49c7-8331-2f942ec51ab0 c.w.a.g.log.RequestLoggingFilter - event=request_completed method=GET uri=/actuator/prometheus status=200 durationMs=53
2026-06-09 12:06:56 [INFO][module01-actuator] [http-nio-8080-exec-10] traceId=f066aff7-e234-494e-accb-0ae25a05dad0 c.w.a.g.log.RequestLoggingFilter - event=request_started method=GET uri=/actuator/prometheus
2026-06-09 12:06:56 [INFO][module01-actuator] [http-nio-8080-exec-10] traceId=f066aff7-e234-494e-accb-0ae25a05dad0 c.w.a.g.log.RequestLoggingFilter - event=request_completed method=GET uri=/actuator/prometheus status=200 durationMs=51
2026-06-09 12:07:01 [INFO][module01-actuator] [http-nio-8080-exec-1] traceId=729d1818-e425-43f2-a881-c320e92335c4 c.w.a.g.log.RequestLoggingFilter - event=request_started method=GET uri=/actuator/prometheus
2026-06-09 12:07:01 [INFO][module01-actuator] [http-nio-8080-exec-1] traceId=729d1818-e425-43f2-a881-c320e92335c4 c.w.a.g.log.RequestLoggingFilter - event=request_completed method=GET uri=/actuator/prometheus status=200 durationMs=57
2026-06-09 12:07:06 [INFO][module01-actuator] [http-nio-8080-exec-2] traceId=36a86d9d-a2ca-4cdf-8045-ac554b981edd c.w.a.g.log.RequestLoggingFilter - event=request_started method=GET uri=/actuator/prometheus
2026-06-09 12:07:06 [INFO][module01-actuator] [http-nio-8080-exec-2] traceId=36a86d9d-a2ca-4cdf-8045-ac554b981edd c.w.a.g.log.RequestLoggingFilter - event=request_completed method=GET uri=/actuator/prometheus status=200 durationMs=41
2026-06-09 12:07:11 [INFO][module01-actuator] [http-nio-8080-exec-3] traceId=d27eca6b-7064-4c6a-9a68-130a8e5d3beb c.w.a.g.log.RequestLoggingFilter - event=request_started method=GET uri=/actuator/prometheus
2026-06-09 12:07:11 [INFO][module01-actuator] [http-nio-8080-exec-3] traceId=d27eca6b-7064-4c6a-9a68-130a8e5d3beb c.w.a.g.log.RequestLoggingFilter - event=request_completed method=GET uri=/actuator/prometheus status=200 durationMs=39
2026-06-09 12:07:16 [INFO][module01-actuator] [http-nio-8080-exec-4] traceId=a5144f00-8b95-4fae-adf8-f1db00b904b4 c.w.a.g.log.RequestLoggingFilter - event=request_started method=GET uri=/actuator/prometheus
2026-06-09 12:07:16 [INFO][module01-actuator] [http-nio-8080-exec-4] traceId=a5144f00-8b95-4fae-adf8-f1db00b904b4 c.w.a.g.log.RequestLoggingFilter - event=request_completed method=GET uri=/actuator/prometheus status=200 durationMs=43
2026-06-09 12:07:21 [INFO][module01-actuator] [http-nio-8080-exec-5] traceId=ab0cac32-26e4-422d-b765-70b579146125 c.w.a.g.log.RequestLoggingFilter - event=request_started method=GET uri=/actuator/prometheus
2026-06-09 12:07:21 [INFO][module01-actuator] [http-nio-8080-exec-5] traceId=ab0cac32-26e4-422d-b765-70b579146125 c.w.a.g.log.RequestLoggingFilter - event=request_completed method=GET uri=/actuator/prometheus status=200 durationMs=42
2026-06-09 12:07:26 [INFO][module01-actuator] [http-nio-8080-exec-6] traceId=2665045d-1f8f-460a-b16f-a87785be3b0d c.w.a.g.log.RequestLoggingFilter - event=request_started method=GET uri=/actuator/prometheus
2026-06-09 12:07:26 [INFO][module01-actuator] [http-nio-8080-exec-6] traceId=2665045d-1f8f-460a-b16f-a87785be3b0d c.w.a.g.log.RequestLoggingFilter - event=request_completed method=GET uri=/actuator/prometheus status=200 durationMs=44
2026-06-09 12:07:31 [INFO][module01-actuator] [http-nio-8080-exec-7] traceId=8cc7edca-fe87-4c71-8989-019882ffff84 c.w.a.g.log.RequestLoggingFilter - event=request_started method=GET uri=/actuator/prometheus
2026-06-09 12:07:31 [INFO][module01-actuator] [http-nio-8080-exec-7] traceId=8cc7edca-fe87-4c71-8989-019882ffff84 c.w.a.g.log.RequestLoggingFilter - event=request_completed method=GET uri=/actuator/prometheus status=200 durationMs=46
2026-06-09 12:07:36 [INFO][module01-actuator] [http-nio-8080-exec-8] traceId=e4410bb2-f340-408b-a475-2aa130337d57 c.w.a.g.log.RequestLoggingFilter - event=request_started method=GET uri=/actuator/prometheus
2026-06-09 12:07:36 [INFO][module01-actuator] [http-nio-8080-exec-8] traceId=e4410bb2-f340-408b-a475-2aa130337d57 c.w.a.g.log.RequestLoggingFilter - event=request_completed method=GET uri=/actuator/prometheus status=200 durationMs=73
2026-06-09 12:07:41 [INFO][module01-actuator] [http-nio-8080-exec-9] traceId=150074a6-e575-43e5-9006-105dd6b33c79 c.w.a.g.log.RequestLoggingFilter - event=request_started method=GET uri=/actuator/prometheus
2026-06-09 12:07:41 [INFO][module01-actuator] [http-nio-8080-exec-9] traceId=150074a6-e575-43e5-9006-105dd6b33c79 c.w.a.g.log.RequestLoggingFilter - event=request_completed method=GET uri=/actuator/prometheus status=200 durationMs=63
2026-06-09 12:07:46 [INFO][module01-actuator] [http-nio-8080-exec-10] traceId=2b82b439-b413-41cb-a2aa-23b57f2cdc96 c.w.a.g.log.RequestLoggingFilter - event=request_started method=GET uri=/actuator/prometheus
2026-06-09 12:07:46 [INFO][module01-actuator] [http-nio-8080-exec-10] traceId=2b82b439-b413-41cb-a2aa-23b57f2cdc96 c.w.a.g.log.RequestLoggingFilter - event=request_completed method=GET uri=/actuator/prometheus status=200 durationMs=39
2026-06-09 12:07:51 [INFO][module01-actuator] [http-nio-8080-exec-1] traceId=9642da68-84e7-41dc-a343-2f6904f2b48d c.w.a.g.log.RequestLoggingFilter - event=request_started method=GET uri=/actuator/prometheus
2026-06-09 12:07:51 [INFO][module01-actuator] [http-nio-8080-exec-1] traceId=9642da68-84e7-41dc-a343-2f6904f2b48d c.w.a.g.log.RequestLoggingFilter - event=request_completed method=GET uri=/actuator/prometheus status=200 durationMs=47
2026-06-09 12:07:56 [INFO][module01-actuator] [http-nio-8080-exec-2] traceId=f0da2d3c-50d4-4605-aa21-cdd224dd7278 c.w.a.g.log.RequestLoggingFilter - event=request_started method=GET uri=/actuator/prometheus
2026-06-09 12:07:56 [INFO][module01-actuator] [http-nio-8080-exec-2] traceId=f0da2d3c-50d4-4605-aa21-cdd224dd7278 c.w.a.g.log.RequestLoggingFilter - event=request_completed method=GET uri=/actuator/prometheus status=200 durationMs=86
2026-06-09 12:08:01 [INFO][module01-actuator] [http-nio-8080-exec-3] traceId=cfe01c2f-fce1-44fa-8687-e64fa7686f61 c.w.a.g.log.RequestLoggingFilter - event=request_started method=GET uri=/actuator/prometheus
2026-06-09 12:08:01 [INFO][module01-actuator] [http-nio-8080-exec-3] traceId=cfe01c2f-fce1-44fa-8687-e64fa7686f61 c.w.a.g.log.RequestLoggingFilter - event=request_completed method=GET uri=/actuator/prometheus status=200 durationMs=47
2026-06-09 12:08:06 [INFO][module01-actuator] [http-nio-8080-exec-4] traceId=4174cb85-9f47-411c-8b96-a9cece90b453 c.w.a.g.log.RequestLoggingFilter - event=request_started method=GET uri=/actuator/prometheus
2026-06-09 12:08:06 [INFO][module01-actuator] [http-nio-8080-exec-4] traceId=4174cb85-9f47-411c-8b96-a9cece90b453 c.w.a.g.log.RequestLoggingFilter - event=request_completed method=GET uri=/actuator/prometheus status=200 durationMs=50
2026-06-09 12:08:11 [INFO][module01-actuator] [http-nio-8080-exec-5] traceId=2600a02a-4337-4c0f-8932-716e0c49c448 c.w.a.g.log.RequestLoggingFilter - event=request_started method=GET uri=/actuator/prometheus
2026-06-09 12:08:11 [INFO][module01-actuator] [http-nio-8080-exec-5] traceId=2600a02a-4337-4c0f-8932-716e0c49c448 c.w.a.g.log.RequestLoggingFilter - event=request_completed method=GET uri=/actuator/prometheus status=200 durationMs=49
2026-06-09 12:08:16 [INFO][module01-actuator] [http-nio-8080-exec-6] traceId=b71da279-f034-41bb-93cb-b3f4e6336395 c.w.a.g.log.RequestLoggingFilter - event=request_started method=GET uri=/actuator/prometheus
2026-06-09 12:08:16 [INFO][module01-actuator] [http-nio-8080-exec-6] traceId=b71da279-f034-41bb-93cb-b3f4e6336395 c.w.a.g.log.RequestLoggingFilter - event=request_completed method=GET uri=/actuator/prometheus status=200 durationMs=39
2026-06-09 12:08:21 [INFO][module01-actuator] [http-nio-8080-exec-7] traceId=2565c693-896e-4ea1-a5bd-5d63386ff998 c.w.a.g.log.RequestLoggingFilter - event=request_started method=GET uri=/actuator/prometheus
2026-06-09 12:08:21 [INFO][module01-actuator] [http-nio-8080-exec-7] traceId=2565c693-896e-4ea1-a5bd-5d63386ff998 c.w.a.g.log.RequestLoggingFilter - event=request_completed method=GET uri=/actuator/prometheus status=200 durationMs=48
2026-06-09 12:08:26 [INFO][module01-actuator] [http-nio-8080-exec-8] traceId=7b9bcf25-53cb-4dc4-bad4-b8b91fd1eaec c.w.a.g.log.RequestLoggingFilter - event=request_started method=GET uri=/actuator/prometheus
2026-06-09 12:08:26 [INFO][module01-actuator] [http-nio-8080-exec-8] traceId=7b9bcf25-53cb-4dc4-bad4-b8b91fd1eaec c.w.a.g.log.RequestLoggingFilter - event=request_completed method=GET uri=/actuator/prometheus status=200 durationMs=55
2026-06-09 12:08:31 [INFO][module01-actuator] [http-nio-8080-exec-9] traceId=a015e1ab-7da5-48c2-9461-cddcef5dd65b c.w.a.g.log.RequestLoggingFilter - event=request_started method=GET uri=/actuator/prometheus
2026-06-09 12:08:31 [INFO][module01-actuator] [http-nio-8080-exec-9] traceId=a015e1ab-7da5-48c2-9461-cddcef5dd65b c.w.a.g.log.RequestLoggingFilter - event=request_completed method=GET uri=/actuator/prometheus status=200 durationMs=37
2026-06-09 12:08:36 [INFO][module01-actuator] [http-nio-8080-exec-10] traceId=d8009c75-e720-4a80-8497-f13e84285334 c.w.a.g.log.RequestLoggingFilter - event=request_started method=GET uri=/actuator/prometheus
2026-06-09 12:08:36 [INFO][module01-actuator] [http-nio-8080-exec-10] traceId=d8009c75-e720-4a80-8497-f13e84285334 c.w.a.g.log.RequestLoggingFilter - event=request_completed method=GET uri=/actuator/prometheus status=200 durationMs=35
2026-06-09 12:08:41 [INFO][module01-actuator] [http-nio-8080-exec-1] traceId=df5f41b4-a236-473f-8292-7c0285df0ce8 c.w.a.g.log.RequestLoggingFilter - event=request_started method=GET uri=/actuator/prometheus
2026-06-09 12:08:41 [INFO][module01-actuator] [http-nio-8080-exec-1] traceId=df5f41b4-a236-473f-8292-7c0285df0ce8 c.w.a.g.log.RequestLoggingFilter - event=request_completed method=GET uri=/actuator/prometheus status=200 durationMs=55
2026-06-09 12:08:46 [INFO][module01-actuator] [http-nio-8080-exec-2] traceId=72a38613-c80d-4557-827f-8fa7cdf17c47 c.w.a.g.log.RequestLoggingFilter - event=request_started method=GET uri=/actuator/prometheus
2026-06-09 12:08:46 [INFO][module01-actuator] [http-nio-8080-exec-2] traceId=72a38613-c80d-4557-827f-8fa7cdf17c47 c.w.a.g.log.RequestLoggingFilter - event=request_completed method=GET uri=/actuator/prometheus status=200 durationMs=49
2026-06-09 12:08:51 [INFO][module01-actuator] [http-nio-8080-exec-3] traceId=3977cafc-280f-4a3d-8ee1-36d0db1e3e5a c.w.a.g.log.RequestLoggingFilter - event=request_started method=GET uri=/actuator/prometheus
2026-06-09 12:08:51 [INFO][module01-actuator] [http-nio-8080-exec-3] traceId=3977cafc-280f-4a3d-8ee1-36d0db1e3e5a c.w.a.g.log.RequestLoggingFilter - event=request_completed method=GET uri=/actuator/prometheus status=200 durationMs=38
2026-06-09 12:08:56 [INFO][module01-actuator] [http-nio-8080-exec-4] traceId=35b37547-5d2f-4e88-8d9a-25d4e9ad3cc4 c.w.a.g.log.RequestLoggingFilter - event=request_started method=GET uri=/actuator/prometheus
2026-06-09 12:08:56 [INFO][module01-actuator] [http-nio-8080-exec-4] traceId=35b37547-5d2f-4e88-8d9a-25d4e9ad3cc4 c.w.a.g.log.RequestLoggingFilter - event=request_completed method=GET uri=/actuator/prometheus status=200 durationMs=46
2026-06-09 12:09:01 [INFO][module01-actuator] [http-nio-8080-exec-5] traceId=d9265b18-034f-4474-abfa-c5309e362a7f c.w.a.g.log.RequestLoggingFilter - event=request_started method=GET uri=/actuator/prometheus
2026-06-09 12:09:01 [INFO][module01-actuator] [http-nio-8080-exec-5] traceId=d9265b18-034f-4474-abfa-c5309e362a7f c.w.a.g.log.RequestLoggingFilter - event=request_completed method=GET uri=/actuator/prometheus status=200 durationMs=60
2026-06-09 12:09:06 [INFO][module01-actuator] [http-nio-8080-exec-6] traceId=2d84b8ca-55aa-4479-b49b-b1ade70ed829 c.w.a.g.log.RequestLoggingFilter - event=request_started method=GET uri=/actuator/prometheus
2026-06-09 12:09:06 [INFO][module01-actuator] [http-nio-8080-exec-6] traceId=2d84b8ca-55aa-4479-b49b-b1ade70ed829 c.w.a.g.log.RequestLoggingFilter - event=request_completed method=GET uri=/actuator/prometheus status=200 durationMs=38
2026-06-09 12:09:11 [INFO][module01-actuator] [http-nio-8080-exec-7] traceId=9b69d0e8-0fd9-4fc9-ac19-f7da98ffe50c c.w.a.g.log.RequestLoggingFilter - event=request_started method=GET uri=/actuator/prometheus
2026-06-09 12:09:11 [INFO][module01-actuator] [http-nio-8080-exec-7] traceId=9b69d0e8-0fd9-4fc9-ac19-f7da98ffe50c c.w.a.g.log.RequestLoggingFilter - event=request_completed method=GET uri=/actuator/prometheus status=200 durationMs=45
2026-06-09 12:09:16 [INFO][module01-actuator] [http-nio-8080-exec-8] traceId=ff3e9750-fa5f-49b0-a9cf-67d2830f94de c.w.a.g.log.RequestLoggingFilter - event=request_started method=GET uri=/actuator/prometheus
2026-06-09 12:09:16 [INFO][module01-actuator] [http-nio-8080-exec-8] traceId=ff3e9750-fa5f-49b0-a9cf-67d2830f94de c.w.a.g.log.RequestLoggingFilter - event=request_completed method=GET uri=/actuator/prometheus status=200 durationMs=44
2026-06-09 12:09:21 [INFO][module01-actuator] [http-nio-8080-exec-9] traceId=c19bfa19-b0e3-4c51-af69-a1b5a06748ad c.w.a.g.log.RequestLoggingFilter - event=request_started method=GET uri=/actuator/prometheus
2026-06-09 12:09:21 [INFO][module01-actuator] [http-nio-8080-exec-9] traceId=c19bfa19-b0e3-4c51-af69-a1b5a06748ad c.w.a.g.log.RequestLoggingFilter - event=request_completed method=GET uri=/actuator/prometheus status=200 durationMs=100
2026-06-09 12:09:26 [INFO][module01-actuator] [http-nio-8080-exec-10] traceId=75506237-d7c8-4a62-8a90-39fd829d50e0 c.w.a.g.log.RequestLoggingFilter - event=request_started method=GET uri=/actuator/prometheus
2026-06-09 12:09:26 [INFO][module01-actuator] [http-nio-8080-exec-10] traceId=75506237-d7c8-4a62-8a90-39fd829d50e0 c.w.a.g.log.RequestLoggingFilter - event=request_completed method=GET uri=/actuator/prometheus status=200 durationMs=70
2026-06-09 12:09:31 [INFO][module01-actuator] [http-nio-8080-exec-1] traceId=e3b83978-0196-40db-a812-490d6fe1126b c.w.a.g.log.RequestLoggingFilter - event=request_started method=GET uri=/actuator/prometheus
2026-06-09 12:09:31 [INFO][module01-actuator] [http-nio-8080-exec-1] traceId=e3b83978-0196-40db-a812-490d6fe1126b c.w.a.g.log.RequestLoggingFilter - event=request_completed method=GET uri=/actuator/prometheus status=200 durationMs=60
2026-06-09 12:09:36 [INFO][module01-actuator] [http-nio-8080-exec-2] traceId=c71bb4aa-a5f7-43e7-b038-1aab7478dbd5 c.w.a.g.log.RequestLoggingFilter - event=request_started method=GET uri=/actuator/prometheus
2026-06-09 12:09:36 [INFO][module01-actuator] [http-nio-8080-exec-2] traceId=c71bb4aa-a5f7-43e7-b038-1aab7478dbd5 c.w.a.g.log.RequestLoggingFilter - event=request_completed method=GET uri=/actuator/prometheus status=200 durationMs=47
2026-06-09 12:09:41 [INFO][module01-actuator] [http-nio-8080-exec-3] traceId=8b2cacb1-9ebc-4316-b2bb-1d04ed9958df c.w.a.g.log.RequestLoggingFilter - event=request_started method=GET uri=/actuator/prometheus
2026-06-09 12:09:41 [INFO][module01-actuator] [http-nio-8080-exec-3] traceId=8b2cacb1-9ebc-4316-b2bb-1d04ed9958df c.w.a.g.log.RequestLoggingFilter - event=request_completed method=GET uri=/actuator/prometheus status=200 durationMs=67
2026-06-09 12:09:46 [INFO][module01-actuator] [http-nio-8080-exec-4] traceId=822aedeb-f671-41d1-937a-416acda01c15 c.w.a.g.log.RequestLoggingFilter - event=request_started method=GET uri=/actuator/prometheus
2026-06-09 12:09:46 [INFO][module01-actuator] [http-nio-8080-exec-4] traceId=822aedeb-f671-41d1-937a-416acda01c15 c.w.a.g.log.RequestLoggingFilter - event=request_completed method=GET uri=/actuator/prometheus status=200 durationMs=68
2026-06-09 12:09:51 [INFO][module01-actuator] [http-nio-8080-exec-5] traceId=5eb938a7-4382-4670-8de3-ce31345496df c.w.a.g.log.RequestLoggingFilter - event=request_started method=GET uri=/actuator/prometheus
2026-06-09 12:09:51 [INFO][module01-actuator] [http-nio-8080-exec-5] traceId=5eb938a7-4382-4670-8de3-ce31345496df c.w.a.g.log.RequestLoggingFilter - event=request_completed method=GET uri=/actuator/prometheus status=200 durationMs=56
2026-06-09 12:09:56 [INFO][module01-actuator] [http-nio-8080-exec-6] traceId=402247a7-2bd8-4d70-a54e-41a91e713f10 c.w.a.g.log.RequestLoggingFilter - event=request_started method=GET uri=/actuator/prometheus
2026-06-09 12:09:56 [INFO][module01-actuator] [http-nio-8080-exec-6] traceId=402247a7-2bd8-4d70-a54e-41a91e713f10 c.w.a.g.log.RequestLoggingFilter - event=request_completed method=GET uri=/actuator/prometheus status=200 durationMs=91
2026-06-09 12:10:01 [INFO][module01-actuator] [http-nio-8080-exec-7] traceId=a326891e-6289-4d33-82dd-45820ac35bba c.w.a.g.log.RequestLoggingFilter - event=request_started method=GET uri=/actuator/prometheus
2026-06-09 12:10:01 [INFO][module01-actuator] [http-nio-8080-exec-7] traceId=a326891e-6289-4d33-82dd-45820ac35bba c.w.a.g.log.RequestLoggingFilter - event=request_completed method=GET uri=/actuator/prometheus status=200 durationMs=46
2026-06-09 12:10:06 [INFO][module01-actuator] [http-nio-8080-exec-8] traceId=844ec610-8526-40e6-83b0-64d5e2392ebb c.w.a.g.log.RequestLoggingFilter - event=request_started method=GET uri=/actuator/prometheus
2026-06-09 12:10:06 [INFO][module01-actuator] [http-nio-8080-exec-8] traceId=844ec610-8526-40e6-83b0-64d5e2392ebb c.w.a.g.log.RequestLoggingFilter - event=request_completed method=GET uri=/actuator/prometheus status=200 durationMs=63
2026-06-09 12:10:11 [INFO][module01-actuator] [http-nio-8080-exec-9] traceId=5959f199-9719-465f-bfd4-92f4f3f274b5 c.w.a.g.log.RequestLoggingFilter - event=request_started method=GET uri=/actuator/prometheus
2026-06-09 12:10:11 [INFO][module01-actuator] [http-nio-8080-exec-9] traceId=5959f199-9719-465f-bfd4-92f4f3f274b5 c.w.a.g.log.RequestLoggingFilter - event=request_completed method=GET uri=/actuator/prometheus status=200 durationMs=54
2026-06-09 12:10:16 [INFO][module01-actuator] [http-nio-8080-exec-10] traceId=4d87ce09-eb57-4516-a266-8302790f58e3 c.w.a.g.log.RequestLoggingFilter - event=request_started method=GET uri=/actuator/prometheus
2026-06-09 12:10:16 [INFO][module01-actuator] [http-nio-8080-exec-10] traceId=4d87ce09-eb57-4516-a266-8302790f58e3 c.w.a.g.log.RequestLoggingFilter - event=request_completed method=GET uri=/actuator/prometheus status=200 durationMs=65
2026-06-09 12:10:21 [INFO][module01-actuator] [http-nio-8080-exec-1] traceId=3e0976b1-92af-44bb-ba12-09bfa0d9034f c.w.a.g.log.RequestLoggingFilter - event=request_started method=GET uri=/actuator/prometheus
2026-06-09 12:10:21 [INFO][module01-actuator] [http-nio-8080-exec-1] traceId=3e0976b1-92af-44bb-ba12-09bfa0d9034f c.w.a.g.log.RequestLoggingFilter - event=request_completed method=GET uri=/actuator/prometheus status=200 durationMs=50
2026-06-09 12:10:26 [INFO][module01-actuator] [http-nio-8080-exec-2] traceId=11463274-c4b5-43bf-aa2b-27e55667d4ed c.w.a.g.log.RequestLoggingFilter - event=request_started method=GET uri=/actuator/prometheus
2026-06-09 12:10:26 [INFO][module01-actuator] [http-nio-8080-exec-2] traceId=11463274-c4b5-43bf-aa2b-27e55667d4ed c.w.a.g.log.RequestLoggingFilter - event=request_completed method=GET uri=/actuator/prometheus status=200 durationMs=62
2026-06-09 12:10:31 [INFO][module01-actuator] [http-nio-8080-exec-3] traceId=54e1adf4-3bb2-4e1a-8dd6-c4ae4ec6cc70 c.w.a.g.log.RequestLoggingFilter - event=request_started method=GET uri=/actuator/prometheus
2026-06-09 12:10:31 [INFO][module01-actuator] [http-nio-8080-exec-3] traceId=54e1adf4-3bb2-4e1a-8dd6-c4ae4ec6cc70 c.w.a.g.log.RequestLoggingFilter - event=request_completed method=GET uri=/actuator/prometheus status=200 durationMs=61
2026-06-09 12:10:36 [INFO][module01-actuator] [http-nio-8080-exec-4] traceId=5f6f6730-52d0-4006-8373-705fd5baee9e c.w.a.g.log.RequestLoggingFilter - event=request_started method=GET uri=/actuator/prometheus
2026-06-09 12:10:36 [INFO][module01-actuator] [http-nio-8080-exec-4] traceId=5f6f6730-52d0-4006-8373-705fd5baee9e c.w.a.g.log.RequestLoggingFilter - event=request_completed method=GET uri=/actuator/prometheus status=200 durationMs=70
2026-06-09 12:10:41 [INFO][module01-actuator] [http-nio-8080-exec-5] traceId=edab63d7-8c81-432b-bc17-408d04732fe1 c.w.a.g.log.RequestLoggingFilter - event=request_started method=GET uri=/actuator/prometheus
2026-06-09 12:10:41 [INFO][module01-actuator] [http-nio-8080-exec-5] traceId=edab63d7-8c81-432b-bc17-408d04732fe1 c.w.a.g.log.RequestLoggingFilter - event=request_completed method=GET uri=/actuator/prometheus status=200 durationMs=55
2026-06-09 12:10:46 [INFO][module01-actuator] [http-nio-8080-exec-6] traceId=77e9c2f5-676d-4fed-ad82-2836e214ea43 c.w.a.g.log.RequestLoggingFilter - event=request_started method=GET uri=/actuator/prometheus
2026-06-09 12:10:46 [INFO][module01-actuator] [http-nio-8080-exec-6] traceId=77e9c2f5-676d-4fed-ad82-2836e214ea43 c.w.a.g.log.RequestLoggingFilter - event=request_completed method=GET uri=/actuator/prometheus status=200 durationMs=51
2026-06-09 12:10:51 [INFO][module01-actuator] [http-nio-8080-exec-7] traceId=4a4c218d-508f-47d3-a4b8-3689d6f480bc c.w.a.g.log.RequestLoggingFilter - event=request_started method=GET uri=/actuator/prometheus
2026-06-09 12:10:51 [INFO][module01-actuator] [http-nio-8080-exec-7] traceId=4a4c218d-508f-47d3-a4b8-3689d6f480bc c.w.a.g.log.RequestLoggingFilter - event=request_completed method=GET uri=/actuator/prometheus status=200 durationMs=39
2026-06-09 12:10:56 [INFO][module01-actuator] [http-nio-8080-exec-8] traceId=27b97ab1-c3e0-429e-84fc-32820e7561bf c.w.a.g.log.RequestLoggingFilter - event=request_started method=GET uri=/actuator/prometheus
2026-06-09 12:10:56 [INFO][module01-actuator] [http-nio-8080-exec-8] traceId=27b97ab1-c3e0-429e-84fc-32820e7561bf c.w.a.g.log.RequestLoggingFilter - event=request_completed method=GET uri=/actuator/prometheus status=200 durationMs=47
2026-06-09 12:11:01 [INFO][module01-actuator] [http-nio-8080-exec-9] traceId=1f7a7312-b156-4a5a-8730-bb099d2bc89c c.w.a.g.log.RequestLoggingFilter - event=request_started method=GET uri=/actuator/prometheus
2026-06-09 12:11:01 [INFO][module01-actuator] [http-nio-8080-exec-9] traceId=1f7a7312-b156-4a5a-8730-bb099d2bc89c c.w.a.g.log.RequestLoggingFilter - event=request_completed method=GET uri=/actuator/prometheus status=200 durationMs=56
2026-06-09 12:11:06 [INFO][module01-actuator] [http-nio-8080-exec-10] traceId=4237aba5-61c5-49d1-8415-ec87502b7d81 c.w.a.g.log.RequestLoggingFilter - event=request_started method=GET uri=/actuator/prometheus
2026-06-09 12:11:06 [INFO][module01-actuator] [http-nio-8080-exec-10] traceId=4237aba5-61c5-49d1-8415-ec87502b7d81 c.w.a.g.log.RequestLoggingFilter - event=request_completed method=GET uri=/actuator/prometheus status=200 durationMs=40
2026-06-09 12:11:11 [INFO][module01-actuator] [http-nio-8080-exec-1] traceId=7a1438e9-acf5-4fdb-b619-dde02d778427 c.w.a.g.log.RequestLoggingFilter - event=request_started method=GET uri=/actuator/prometheus
2026-06-09 12:11:11 [INFO][module01-actuator] [http-nio-8080-exec-1] traceId=7a1438e9-acf5-4fdb-b619-dde02d778427 c.w.a.g.log.RequestLoggingFilter - event=request_completed method=GET uri=/actuator/prometheus status=200 durationMs=73
2026-06-09 12:11:16 [INFO][module01-actuator] [http-nio-8080-exec-2] traceId=a68aa9ca-960e-4e18-ae15-2e4df2c1f290 c.w.a.g.log.RequestLoggingFilter - event=request_started method=GET uri=/actuator/prometheus
2026-06-09 12:11:16 [INFO][module01-actuator] [http-nio-8080-exec-2] traceId=a68aa9ca-960e-4e18-ae15-2e4df2c1f290 c.w.a.g.log.RequestLoggingFilter - event=request_completed method=GET uri=/actuator/prometheus status=200 durationMs=68
2026-06-09 12:11:21 [INFO][module01-actuator] [http-nio-8080-exec-3] traceId=4b772672-c310-43b5-a053-9ba60c198c7c c.w.a.g.log.RequestLoggingFilter - event=request_started method=GET uri=/actuator/prometheus
2026-06-09 12:11:21 [INFO][module01-actuator] [http-nio-8080-exec-3] traceId=4b772672-c310-43b5-a053-9ba60c198c7c c.w.a.g.log.RequestLoggingFilter - event=request_completed method=GET uri=/actuator/prometheus status=200 durationMs=65
2026-06-09 12:11:26 [INFO][module01-actuator] [http-nio-8080-exec-4] traceId=88014d2e-2ef4-4f26-bcc5-3f79ab9f9d2c c.w.a.g.log.RequestLoggingFilter - event=request_started method=GET uri=/actuator/prometheus
2026-06-09 12:11:26 [INFO][module01-actuator] [http-nio-8080-exec-4] traceId=88014d2e-2ef4-4f26-bcc5-3f79ab9f9d2c c.w.a.g.log.RequestLoggingFilter - event=request_completed method=GET uri=/actuator/prometheus status=200 durationMs=64
2026-06-09 12:11:31 [INFO][module01-actuator] [http-nio-8080-exec-5] traceId=b24cfe4e-6c0e-4138-a5f2-f25e70f7a8da c.w.a.g.log.RequestLoggingFilter - event=request_started method=GET uri=/actuator/prometheus
2026-06-09 12:11:31 [INFO][module01-actuator] [http-nio-8080-exec-5] traceId=b24cfe4e-6c0e-4138-a5f2-f25e70f7a8da c.w.a.g.log.RequestLoggingFilter - event=request_completed method=GET uri=/actuator/prometheus status=200 durationMs=43
2026-06-09 12:11:36 [INFO][module01-actuator] [http-nio-8080-exec-6] traceId=1b7a71f2-15d2-4b7e-9570-52a6910f3013 c.w.a.g.log.RequestLoggingFilter - event=request_started method=GET uri=/actuator/prometheus
2026-06-09 12:11:36 [INFO][module01-actuator] [http-nio-8080-exec-6] traceId=1b7a71f2-15d2-4b7e-9570-52a6910f3013 c.w.a.g.log.RequestLoggingFilter - event=request_completed method=GET uri=/actuator/prometheus status=200 durationMs=33
2026-06-09 12:11:41 [INFO][module01-actuator] [http-nio-8080-exec-7] traceId=63ab5352-cbfa-4a3d-828f-417f080d5ef4 c.w.a.g.log.RequestLoggingFilter - event=request_started method=GET uri=/actuator/prometheus
2026-06-09 12:11:41 [INFO][module01-actuator] [http-nio-8080-exec-7] traceId=63ab5352-cbfa-4a3d-828f-417f080d5ef4 c.w.a.g.log.RequestLoggingFilter - event=request_completed method=GET uri=/actuator/prometheus status=200 durationMs=46
2026-06-09 12:11:46 [INFO][module01-actuator] [http-nio-8080-exec-8] traceId=c56e9c38-9622-4b46-9a0d-5e1cb77672fe c.w.a.g.log.RequestLoggingFilter - event=request_started method=GET uri=/actuator/prometheus
2026-06-09 12:11:46 [INFO][module01-actuator] [http-nio-8080-exec-8] traceId=c56e9c38-9622-4b46-9a0d-5e1cb77672fe c.w.a.g.log.RequestLoggingFilter - event=request_completed method=GET uri=/actuator/prometheus status=200 durationMs=49
2026-06-09 12:11:51 [INFO][module01-actuator] [http-nio-8080-exec-9] traceId=87d5b744-9e32-451d-bfab-ca67c1317d5e c.w.a.g.log.RequestLoggingFilter - event=request_started method=GET uri=/actuator/prometheus
2026-06-09 12:11:51 [INFO][module01-actuator] [http-nio-8080-exec-9] traceId=87d5b744-9e32-451d-bfab-ca67c1317d5e c.w.a.g.log.RequestLoggingFilter - event=request_completed method=GET uri=/actuator/prometheus status=200 durationMs=56
2026-06-09 12:11:56 [INFO][module01-actuator] [http-nio-8080-exec-10] traceId=65139892-0fe7-4c80-b8b9-9b2198ae0ed1 c.w.a.g.log.RequestLoggingFilter - event=request_started method=GET uri=/actuator/prometheus
2026-06-09 12:11:56 [INFO][module01-actuator] [http-nio-8080-exec-10] traceId=65139892-0fe7-4c80-b8b9-9b2198ae0ed1 c.w.a.g.log.RequestLoggingFilter - event=request_completed method=GET uri=/actuator/prometheus status=200 durationMs=44
2026-06-09 12:12:01 [INFO][module01-actuator] [http-nio-8080-exec-1] traceId=cdcdaae1-ec08-420a-8e29-e6d53035bb0e c.w.a.g.log.RequestLoggingFilter - event=request_started method=GET uri=/actuator/prometheus
2026-06-09 12:12:01 [INFO][module01-actuator] [http-nio-8080-exec-1] traceId=cdcdaae1-ec08-420a-8e29-e6d53035bb0e c.w.a.g.log.RequestLoggingFilter - event=request_completed method=GET uri=/actuator/prometheus status=200 durationMs=64
2026-06-09 12:12:06 [INFO][module01-actuator] [http-nio-8080-exec-2] traceId=8f924489-e6a7-42f9-b6ad-a2e53b72d116 c.w.a.g.log.RequestLoggingFilter - event=request_started method=GET uri=/actuator/prometheus
2026-06-09 12:12:06 [INFO][module01-actuator] [http-nio-8080-exec-2] traceId=8f924489-e6a7-42f9-b6ad-a2e53b72d116 c.w.a.g.log.RequestLoggingFilter - event=request_completed method=GET uri=/actuator/prometheus status=200 durationMs=51
2026-06-09 12:12:11 [INFO][module01-actuator] [http-nio-8080-exec-3] traceId=113b7542-486c-42c3-9cb7-d22736e70e5f c.w.a.g.log.RequestLoggingFilter - event=request_started method=GET uri=/actuator/prometheus
2026-06-09 12:12:11 [INFO][module01-actuator] [http-nio-8080-exec-3] traceId=113b7542-486c-42c3-9cb7-d22736e70e5f c.w.a.g.log.RequestLoggingFilter - event=request_completed method=GET uri=/actuator/prometheus status=200 durationMs=86
2026-06-09 12:12:16 [INFO][module01-actuator] [http-nio-8080-exec-4] traceId=4e056756-ada9-4bb0-9fa0-2f2366a2f861 c.w.a.g.log.RequestLoggingFilter - event=request_started method=GET uri=/actuator/prometheus
2026-06-09 12:12:16 [INFO][module01-actuator] [http-nio-8080-exec-4] traceId=4e056756-ada9-4bb0-9fa0-2f2366a2f861 c.w.a.g.log.RequestLoggingFilter - event=request_completed method=GET uri=/actuator/prometheus status=200 durationMs=36
2026-06-09 12:12:21 [INFO][module01-actuator] [http-nio-8080-exec-5] traceId=b0b74d43-4caa-430e-92d6-0786bbd3afb6 c.w.a.g.log.RequestLoggingFilter - event=request_started method=GET uri=/actuator/prometheus
2026-06-09 12:12:21 [INFO][module01-actuator] [http-nio-8080-exec-5] traceId=b0b74d43-4caa-430e-92d6-0786bbd3afb6 c.w.a.g.log.RequestLoggingFilter - event=request_completed method=GET uri=/actuator/prometheus status=200 durationMs=36
2026-06-09 12:12:23 [INFO][module01-actuator] [http-nio-8080-exec-6] traceId=3fb43f1d-e36a-403e-b8a6-4954f0ffb0dc c.w.a.g.log.RequestLoggingFilter - event=request_started method=GET uri=/actuator
2026-06-09 12:12:23 [INFO][module01-actuator] [http-nio-8080-exec-6] traceId=3fb43f1d-e36a-403e-b8a6-4954f0ffb0dc c.w.a.g.log.RequestLoggingFilter - event=request_completed method=GET uri=/actuator status=200 durationMs=18
2026-06-09 12:12:23 [INFO][module01-actuator] [http-nio-8080-exec-7] traceId=d25017e4-ff4f-4e0f-a27c-15cccebb714b c.w.a.g.log.RequestLoggingFilter - event=request_started method=GET uri=/actuator/health
2026-06-09 12:12:23 [INFO][module01-actuator] [http-nio-8080-exec-7] traceId=d25017e4-ff4f-4e0f-a27c-15cccebb714b c.w.a.g.log.RequestLoggingFilter - event=request_completed method=GET uri=/actuator/health status=200 durationMs=5
2026-06-09 12:12:23 [INFO][module01-actuator] [http-nio-8080-exec-8] traceId=8fb9c264-f1d8-4dae-a42b-4c113b363ad3 c.w.a.g.log.RequestLoggingFilter - event=request_started method=GET uri=/actuator/info
2026-06-09 12:12:23 [INFO][module01-actuator] [http-nio-8080-exec-8] traceId=8fb9c264-f1d8-4dae-a42b-4c113b363ad3 c.w.a.g.log.RequestLoggingFilter - event=request_completed method=GET uri=/actuator/info status=200 durationMs=2
2026-06-09 12:12:23 [INFO][module01-actuator] [http-nio-8080-exec-9] traceId=d50d75ab-aede-42d2-8e22-29381435f9d8 c.w.a.g.log.RequestLoggingFilter - event=request_started method=GET uri=/actuator/metrics
2026-06-09 12:12:23 [INFO][module01-actuator] [http-nio-8080-exec-9] traceId=d50d75ab-aede-42d2-8e22-29381435f9d8 c.w.a.g.log.RequestLoggingFilter - event=request_completed method=GET uri=/actuator/metrics status=200 durationMs=2
2026-06-09 12:12:23 [INFO][module01-actuator] [http-nio-8080-exec-10] traceId=bf3c372c-407d-44cd-bcc3-5c0e1dc64405 c.w.a.g.log.RequestLoggingFilter - event=request_started method=GET uri=/actuator/metrics/shop.orders.created
2026-06-09 12:12:23 [INFO][module01-actuator] [http-nio-8080-exec-10] traceId=bf3c372c-407d-44cd-bcc3-5c0e1dc64405 c.w.a.g.log.RequestLoggingFilter - event=request_completed method=GET uri=/actuator/metrics/shop.orders.created status=200 durationMs=17
2026-06-09 12:12:23 [INFO][module01-actuator] [http-nio-8080-exec-1] traceId=529754d1-28dd-43d1-8b80-9037e71b89a0 c.w.a.g.log.RequestLoggingFilter - event=request_started method=GET uri=/actuator/metrics/shop.orders.creation.duration
2026-06-09 12:12:23 [INFO][module01-actuator] [http-nio-8080-exec-1] traceId=529754d1-28dd-43d1-8b80-9037e71b89a0 c.w.a.g.log.RequestLoggingFilter - event=request_completed method=GET uri=/actuator/metrics/shop.orders.creation.duration status=200 durationMs=2
2026-06-09 12:12:23 [INFO][module01-actuator] [http-nio-8080-exec-2] traceId=e783976b-3243-4117-9267-3f2d2d31bae0 c.w.a.g.log.RequestLoggingFilter - event=request_started method=GET uri=/actuator/metrics/shop.payment.duration
2026-06-09 12:12:23 [INFO][module01-actuator] [http-nio-8080-exec-2] traceId=e783976b-3243-4117-9267-3f2d2d31bae0 c.w.a.g.log.RequestLoggingFilter - event=request_completed method=GET uri=/actuator/metrics/shop.payment.duration status=200 durationMs=1
2026-06-09 12:12:23 [INFO][module01-actuator] [http-nio-8080-exec-3] traceId=0dac5546-f053-4fe9-82cb-c986c1e3d14d c.w.a.g.log.RequestLoggingFilter - event=request_started method=POST uri=/orders
2026-06-09 12:12:23 [INFO][module01-actuator] [http-nio-8080-exec-3] traceId=0dac5546-f053-4fe9-82cb-c986c1e3d14d c.wanted.actuator.order.OrderService - event=order_create_started itemTypes=2
2026-06-09 12:12:24 [INFO][module01-actuator] [http-nio-8080-exec-3] traceId=0dac5546-f053-4fe9-82cb-c986c1e3d14d c.wanted.actuator.order.OrderService - event=order_create_succeeded orderId=7 itemTypes=2 amount=6350000 durationMs=622
2026-06-09 12:12:24 [INFO][module01-actuator] [http-nio-8080-exec-3] traceId=0dac5546-f053-4fe9-82cb-c986c1e3d14d c.w.a.g.log.RequestLoggingFilter - event=request_completed method=POST uri=/orders status=201 durationMs=752
2026-06-09 12:12:24 [INFO][module01-actuator] [http-nio-8080-exec-4] traceId=74a709d1-47cb-4b05-a293-2e1f9af6c3e1 c.w.a.g.log.RequestLoggingFilter - event=request_started method=GET uri=/actuator/metrics/shop.orders.created
2026-06-09 12:12:24 [INFO][module01-actuator] [http-nio-8080-exec-4] traceId=74a709d1-47cb-4b05-a293-2e1f9af6c3e1 c.w.a.g.log.RequestLoggingFilter - event=request_completed method=GET uri=/actuator/metrics/shop.orders.created status=200 durationMs=1
2026-06-09 12:12:24 [INFO][module01-actuator] [http-nio-8080-exec-5] traceId=5be8279d-c64f-4954-b569-c2c241ce68e6 c.w.a.g.log.RequestLoggingFilter - event=request_started method=GET uri=/actuator/metrics/shop.orders.item.count
2026-06-09 12:12:24 [INFO][module01-actuator] [http-nio-8080-exec-5] traceId=5be8279d-c64f-4954-b569-c2c241ce68e6 c.w.a.g.log.RequestLoggingFilter - event=request_completed method=GET uri=/actuator/metrics/shop.orders.item.count status=200 durationMs=1
2026-06-09 12:12:24 [INFO][module01-actuator] [http-nio-8080-exec-6] traceId=4747cb68-06e6-46c2-9632-5f273a453061 c.w.a.g.log.RequestLoggingFilter - event=request_started method=GET uri=/actuator/metrics/shop.orders.amount
2026-06-09 12:12:24 [INFO][module01-actuator] [http-nio-8080-exec-6] traceId=4747cb68-06e6-46c2-9632-5f273a453061 c.w.a.g.log.RequestLoggingFilter - event=request_completed method=GET uri=/actuator/metrics/shop.orders.amount status=200 durationMs=1
2026-06-09 12:12:24 [INFO][module01-actuator] [http-nio-8080-exec-7] traceId=c7b8fa5e-ded7-46c8-b994-0f07710e388c c.w.a.g.log.RequestLoggingFilter - event=request_started method=GET uri=/actuator/metrics/shop.orders.creation.duration
2026-06-09 12:12:24 [INFO][module01-actuator] [http-nio-8080-exec-7] traceId=c7b8fa5e-ded7-46c8-b994-0f07710e388c c.w.a.g.log.RequestLoggingFilter - event=request_completed method=GET uri=/actuator/metrics/shop.orders.creation.duration status=200 durationMs=1
2026-06-09 12:12:24 [INFO][module01-actuator] [http-nio-8080-exec-8] traceId=251a4f6a-26ff-48a6-a2c6-2420a9808c4d c.w.a.g.log.RequestLoggingFilter - event=request_started method=GET uri=/actuator/metrics/shop.payment.duration
2026-06-09 12:12:24 [INFO][module01-actuator] [http-nio-8080-exec-8] traceId=251a4f6a-26ff-48a6-a2c6-2420a9808c4d c.w.a.g.log.RequestLoggingFilter - event=request_completed method=GET uri=/actuator/metrics/shop.payment.duration status=200 durationMs=1
2026-06-09 12:12:24 [INFO][module01-actuator] [http-nio-8080-exec-9] traceId=a5637c57-1688-464e-a0e4-8cc84147b1d2 c.w.a.g.log.RequestLoggingFilter - event=request_started method=GET uri=/actuator/metrics/shop.products.popular.requests
2026-06-09 12:12:24 [INFO][module01-actuator] [http-nio-8080-exec-9] traceId=a5637c57-1688-464e-a0e4-8cc84147b1d2 c.w.a.g.log.RequestLoggingFilter - event=request_completed method=GET uri=/actuator/metrics/shop.products.popular.requests status=200 durationMs=1
2026-06-09 12:12:24 [INFO][module01-actuator] [http-nio-8080-exec-10] traceId=558b0ab5-c877-4d32-b0eb-cc5c4c0b85fe c.w.a.g.log.RequestLoggingFilter - event=request_started method=GET uri=/actuator/metrics/shop.products.popular.query.duration
2026-06-09 12:12:24 [INFO][module01-actuator] [http-nio-8080-exec-10] traceId=558b0ab5-c877-4d32-b0eb-cc5c4c0b85fe c.w.a.g.log.RequestLoggingFilter - event=request_completed method=GET uri=/actuator/metrics/shop.products.popular.query.duration status=200 durationMs=1
2026-06-09 12:12:24 [INFO][module01-actuator] [http-nio-8080-exec-1] traceId=39503ac0-0546-4c62-9ef5-e9111df807cc c.w.a.g.log.RequestLoggingFilter - event=request_started method=GET uri=/products/popular
2026-06-09 12:12:24 [INFO][module01-actuator] [http-nio-8080-exec-1] traceId=39503ac0-0546-4c62-9ef5-e9111df807cc c.w.actuator.product.ProductService - event=popular_products_queried resultCount=5 durationMs=66
2026-06-09 12:12:24 [INFO][module01-actuator] [http-nio-8080-exec-1] traceId=39503ac0-0546-4c62-9ef5-e9111df807cc c.w.a.g.log.RequestLoggingFilter - event=request_completed method=GET uri=/products/popular status=200 durationMs=71
2026-06-09 12:12:24 [INFO][module01-actuator] [http-nio-8080-exec-2] traceId=a8dc53ee-ac4d-4ed2-abc0-6ecdf6b236a2 c.w.a.g.log.RequestLoggingFilter - event=request_started method=GET uri=/actuator/metrics/shop.products.popular.requests
2026-06-09 12:12:24 [INFO][module01-actuator] [http-nio-8080-exec-2] traceId=a8dc53ee-ac4d-4ed2-abc0-6ecdf6b236a2 c.w.a.g.log.RequestLoggingFilter - event=request_completed method=GET uri=/actuator/metrics/shop.products.popular.requests status=200 durationMs=1
2026-06-09 12:12:24 [INFO][module01-actuator] [http-nio-8080-exec-3] traceId=84ea2420-f65e-4476-914e-6fa61228eb88 c.w.a.g.log.RequestLoggingFilter - event=request_started method=GET uri=/actuator/metrics/shop.products.popular.query.duration
2026-06-09 12:12:24 [INFO][module01-actuator] [http-nio-8080-exec-3] traceId=84ea2420-f65e-4476-914e-6fa61228eb88 c.w.a.g.log.RequestLoggingFilter - event=request_completed method=GET uri=/actuator/metrics/shop.products.popular.query.duration status=200 durationMs=1
2026-06-09 12:12:24 [INFO][module01-actuator] [http-nio-8080-exec-4] traceId=79b691ea-afae-4176-a430-731a4013b31d c.w.a.g.log.RequestLoggingFilter - event=request_started method=POST uri=/orders
2026-06-09 12:12:24 [INFO][module01-actuator] [http-nio-8080-exec-4] traceId=79b691ea-afae-4176-a430-731a4013b31d c.wanted.actuator.order.OrderService - event=order_create_started itemTypes=1
2026-06-09 12:12:24 [WARN][module01-actuator] [http-nio-8080-exec-4] traceId=79b691ea-afae-4176-a430-731a4013b31d c.wanted.actuator.order.OrderService - event=order_create_failed exceptionType=IllegalArgumentException message="상품 재고가 부족합니다." durationMs=2
2026-06-09 12:12:24 [WARN][module01-actuator] [http-nio-8080-exec-4] traceId=79b691ea-afae-4176-a430-731a4013b31d c.w.a.g.log.RequestLoggingFilter - event=api_error reason=bad_request exceptionType=IllegalArgumentException message="상품 재고가 부족합니다."
2026-06-09 12:12:24 [INFO][module01-actuator] [http-nio-8080-exec-4] traceId=79b691ea-afae-4176-a430-731a4013b31d c.w.a.g.log.RequestLoggingFilter - event=request_completed method=POST uri=/orders status=400 durationMs=11
2026-06-09 12:12:24 [INFO][module01-actuator] [http-nio-8080-exec-5] traceId=224408e1-b475-4cde-af57-b8eba37b2131 c.w.a.g.log.RequestLoggingFilter - event=request_started method=GET uri=/actuator/metrics/shop.orders.failed
2026-06-09 12:12:24 [INFO][module01-actuator] [http-nio-8080-exec-5] traceId=224408e1-b475-4cde-af57-b8eba37b2131 c.w.a.g.log.RequestLoggingFilter - event=request_completed method=GET uri=/actuator/metrics/shop.orders.failed status=200 durationMs=2
2026-06-09 12:12:24 [INFO][module01-actuator] [http-nio-8080-exec-6] traceId=5e1baed7-c30d-4bec-a877-bfc3e9f46cd1 c.w.a.g.log.RequestLoggingFilter - event=request_started method=GET uri=/actuator/metrics/shop.orders.failed
2026-06-09 12:12:24 [INFO][module01-actuator] [http-nio-8080-exec-6] traceId=5e1baed7-c30d-4bec-a877-bfc3e9f46cd1 c.w.a.g.log.RequestLoggingFilter - event=request_completed method=GET uri=/actuator/metrics/shop.orders.failed status=404 durationMs=2
2026-06-09 12:12:24 [INFO][module01-actuator] [http-nio-8080-exec-7] traceId=06244975-6fe3-48b4-9347-dfb63a64f51c c.w.a.g.log.RequestLoggingFilter - event=request_started method=GET uri=/actuator/metrics/shop.api.errors
2026-06-09 12:12:24 [INFO][module01-actuator] [http-nio-8080-exec-7] traceId=06244975-6fe3-48b4-9347-dfb63a64f51c c.w.a.g.log.RequestLoggingFilter - event=request_completed method=GET uri=/actuator/metrics/shop.api.errors status=200 durationMs=1
2026-06-09 12:12:24 [INFO][module01-actuator] [http-nio-8080-exec-8] traceId=dfea9487-b1a3-4613-b28e-a0dfcb334755 c.w.a.g.log.RequestLoggingFilter - event=request_started method=GET uri=/actuator/metrics/shop.api.errors
2026-06-09 12:12:24 [INFO][module01-actuator] [http-nio-8080-exec-8] traceId=dfea9487-b1a3-4613-b28e-a0dfcb334755 c.w.a.g.log.RequestLoggingFilter - event=request_completed method=GET uri=/actuator/metrics/shop.api.errors status=200 durationMs=1
2026-06-09 12:12:24 [INFO][module01-actuator] [http-nio-8080-exec-9] traceId=a1581a51-57ec-4482-b940-6012e80d57bf c.w.a.g.log.RequestLoggingFilter - event=request_started method=POST uri=/orders
2026-06-09 12:12:24 [WARN][module01-actuator] [http-nio-8080-exec-9] traceId=a1581a51-57ec-4482-b940-6012e80d57bf c.w.a.g.log.RequestLoggingFilter - event=api_error reason=validation field=items[0].quantity exceptionType=MethodArgumentNotValidException message="items[0].quantity: 1 이상이어야 합니다"
2026-06-09 12:12:24 [INFO][module01-actuator] [http-nio-8080-exec-9] traceId=a1581a51-57ec-4482-b940-6012e80d57bf c.w.a.g.log.RequestLoggingFilter - event=request_completed method=POST uri=/orders status=400 durationMs=19
2026-06-09 12:12:24 [INFO][module01-actuator] [http-nio-8080-exec-10] traceId=14f82614-d7d2-47ba-88e9-640b0f4d49c9 c.w.a.g.log.RequestLoggingFilter - event=request_started method=GET uri=/actuator/metrics/shop.api.errors
2026-06-09 12:12:24 [INFO][module01-actuator] [http-nio-8080-exec-10] traceId=14f82614-d7d2-47ba-88e9-640b0f4d49c9 c.w.a.g.log.RequestLoggingFilter - event=request_completed method=GET uri=/actuator/metrics/shop.api.errors status=200 durationMs=1
2026-06-09 12:12:24 [INFO][module01-actuator] [http-nio-8080-exec-1] traceId=06dd4129-5f95-44f1-b1d5-5244c73b2a7b c.w.a.g.log.RequestLoggingFilter - event=request_started method=GET uri=/actuator/shop
2026-06-09 12:12:24 [INFO][module01-actuator] [http-nio-8080-exec-1] traceId=06dd4129-5f95-44f1-b1d5-5244c73b2a7b c.w.a.g.log.RequestLoggingFilter - event=request_completed method=GET uri=/actuator/shop status=200 durationMs=23
2026-06-09 12:12:24 [INFO][module01-actuator] [http-nio-8080-exec-2] traceId=c592b96c-8706-46e4-8b75-319d2d24e85c c.w.a.g.log.RequestLoggingFilter - event=request_started method=GET uri=/actuator/metrics/http.server.requests
2026-06-09 12:12:24 [INFO][module01-actuator] [http-nio-8080-exec-2] traceId=c592b96c-8706-46e4-8b75-319d2d24e85c c.w.a.g.log.RequestLoggingFilter - event=request_completed method=GET uri=/actuator/metrics/http.server.requests status=200 durationMs=1
2026-06-09 12:12:24 [INFO][module01-actuator] [http-nio-8080-exec-3] traceId=dcc399de-0cc8-4a0b-9936-2b11862620a8 c.w.a.g.log.RequestLoggingFilter - event=request_started method=GET uri=/actuator/metrics/http.server.requests
2026-06-09 12:12:24 [INFO][module01-actuator] [http-nio-8080-exec-3] traceId=dcc399de-0cc8-4a0b-9936-2b11862620a8 c.w.a.g.log.RequestLoggingFilter - event=request_completed method=GET uri=/actuator/metrics/http.server.requests status=200 durationMs=2
2026-06-09 12:12:24 [INFO][module01-actuator] [http-nio-8080-exec-4] traceId=7cfbb926-4e23-4090-ac7b-bab613afc4be c.w.a.g.log.RequestLoggingFilter - event=request_started method=GET uri=/actuator/metrics/hikaricp.connections.active
2026-06-09 12:12:24 [INFO][module01-actuator] [http-nio-8080-exec-4] traceId=7cfbb926-4e23-4090-ac7b-bab613afc4be c.w.a.g.log.RequestLoggingFilter - event=request_completed method=GET uri=/actuator/metrics/hikaricp.connections.active status=200 durationMs=1
2026-06-09 12:12:24 [INFO][module01-actuator] [http-nio-8080-exec-5] traceId=04bee8e2-bf11-46eb-8caa-27e5aaafbfab c.w.a.g.log.RequestLoggingFilter - event=request_started method=GET uri=/actuator/metrics/jvm.memory.used
2026-06-09 12:12:24 [INFO][module01-actuator] [http-nio-8080-exec-5] traceId=04bee8e2-bf11-46eb-8caa-27e5aaafbfab c.w.a.g.log.RequestLoggingFilter - event=request_completed method=GET uri=/actuator/metrics/jvm.memory.used status=200 durationMs=1
2026-06-09 12:12:26 [INFO][module01-actuator] [http-nio-8080-exec-6] traceId=be7ef384-f0e8-453b-9afc-60efcf6de19b c.w.a.g.log.RequestLoggingFilter - event=request_started method=GET uri=/actuator/prometheus
2026-06-09 12:12:26 [INFO][module01-actuator] [http-nio-8080-exec-6] traceId=be7ef384-f0e8-453b-9afc-60efcf6de19b c.w.a.g.log.RequestLoggingFilter - event=request_completed method=GET uri=/actuator/prometheus status=200 durationMs=47
2026-06-09 12:12:31 [INFO][module01-actuator] [http-nio-8080-exec-7] traceId=7267832e-a10f-4b67-ac5c-0724fa735497 c.w.a.g.log.RequestLoggingFilter - event=request_started method=GET uri=/actuator/prometheus
2026-06-09 12:12:31 [INFO][module01-actuator] [http-nio-8080-exec-7] traceId=7267832e-a10f-4b67-ac5c-0724fa735497 c.w.a.g.log.RequestLoggingFilter - event=request_completed method=GET uri=/actuator/prometheus status=200 durationMs=58
2026-06-09 12:12:36 [INFO][module01-actuator] [http-nio-8080-exec-8] traceId=7639da5d-ffab-4301-90dc-dbf75983da96 c.w.a.g.log.RequestLoggingFilter - event=request_started method=GET uri=/actuator/prometheus
2026-06-09 12:12:36 [INFO][module01-actuator] [http-nio-8080-exec-8] traceId=7639da5d-ffab-4301-90dc-dbf75983da96 c.w.a.g.log.RequestLoggingFilter - event=request_completed method=GET uri=/actuator/prometheus status=200 durationMs=42
2026-06-09 12:12:41 [INFO][module01-actuator] [http-nio-8080-exec-9] traceId=cf0d7770-cc47-460a-b762-13a4fc45fb87 c.w.a.g.log.RequestLoggingFilter - event=request_started method=GET uri=/actuator/prometheus
2026-06-09 12:12:41 [INFO][module01-actuator] [http-nio-8080-exec-9] traceId=cf0d7770-cc47-460a-b762-13a4fc45fb87 c.w.a.g.log.RequestLoggingFilter - event=request_completed method=GET uri=/actuator/prometheus status=200 durationMs=35
2026-06-09 12:12:41 [INFO][module01-actuator] [http-nio-8080-exec-10] traceId=541d3f96-4447-43f7-b688-42784dfc8829 c.w.a.g.log.RequestLoggingFilter - event=request_started method=GET uri=/actuator
2026-06-09 12:12:41 [INFO][module01-actuator] [http-nio-8080-exec-10] traceId=541d3f96-4447-43f7-b688-42784dfc8829 c.w.a.g.log.RequestLoggingFilter - event=request_completed method=GET uri=/actuator status=200 durationMs=1
2026-06-09 12:12:41 [INFO][module01-actuator] [http-nio-8080-exec-1] traceId=13feba47-4870-4a62-a10d-287e70e0e5a4 c.w.a.g.log.RequestLoggingFilter - event=request_started method=GET uri=/actuator/health
2026-06-09 12:12:41 [INFO][module01-actuator] [http-nio-8080-exec-1] traceId=13feba47-4870-4a62-a10d-287e70e0e5a4 c.w.a.g.log.RequestLoggingFilter - event=request_completed method=GET uri=/actuator/health status=200 durationMs=3
2026-06-09 12:12:41 [INFO][module01-actuator] [http-nio-8080-exec-2] traceId=f663ce54-0513-4890-962f-581bb10f1be3 c.w.a.g.log.RequestLoggingFilter - event=request_started method=GET uri=/actuator/info
2026-06-09 12:12:41 [INFO][module01-actuator] [http-nio-8080-exec-2] traceId=f663ce54-0513-4890-962f-581bb10f1be3 c.w.a.g.log.RequestLoggingFilter - event=request_completed method=GET uri=/actuator/info status=200 durationMs=1
2026-06-09 12:12:41 [INFO][module01-actuator] [http-nio-8080-exec-3] traceId=fb048225-c2b5-4e63-9257-76f517f7392c c.w.a.g.log.RequestLoggingFilter - event=request_started method=GET uri=/actuator/metrics
2026-06-09 12:12:41 [INFO][module01-actuator] [http-nio-8080-exec-3] traceId=fb048225-c2b5-4e63-9257-76f517f7392c c.w.a.g.log.RequestLoggingFilter - event=request_completed method=GET uri=/actuator/metrics status=200 durationMs=1
2026-06-09 12:12:41 [INFO][module01-actuator] [http-nio-8080-exec-4] traceId=89490050-40ed-491b-a466-6a8ca88ee511 c.w.a.g.log.RequestLoggingFilter - event=request_started method=GET uri=/actuator/metrics/shop.orders.created
2026-06-09 12:12:41 [INFO][module01-actuator] [http-nio-8080-exec-4] traceId=89490050-40ed-491b-a466-6a8ca88ee511 c.w.a.g.log.RequestLoggingFilter - event=request_completed method=GET uri=/actuator/metrics/shop.orders.created status=200 durationMs=1
2026-06-09 12:12:41 [INFO][module01-actuator] [http-nio-8080-exec-5] traceId=b2362a6e-cf36-4cf8-a14c-aab95850a8f4 c.w.a.g.log.RequestLoggingFilter - event=request_started method=GET uri=/actuator/metrics/shop.orders.creation.duration
2026-06-09 12:12:41 [INFO][module01-actuator] [http-nio-8080-exec-5] traceId=b2362a6e-cf36-4cf8-a14c-aab95850a8f4 c.w.a.g.log.RequestLoggingFilter - event=request_completed method=GET uri=/actuator/metrics/shop.orders.creation.duration status=200 durationMs=1
2026-06-09 12:12:41 [INFO][module01-actuator] [http-nio-8080-exec-6] traceId=e582f051-f9bb-446d-8b26-3dc253cc88e7 c.w.a.g.log.RequestLoggingFilter - event=request_started method=GET uri=/actuator/metrics/shop.payment.duration
2026-06-09 12:12:41 [INFO][module01-actuator] [http-nio-8080-exec-6] traceId=e582f051-f9bb-446d-8b26-3dc253cc88e7 c.w.a.g.log.RequestLoggingFilter - event=request_completed method=GET uri=/actuator/metrics/shop.payment.duration status=200 durationMs=2
2026-06-09 12:12:41 [INFO][module01-actuator] [http-nio-8080-exec-7] traceId=a066aad2-0dbf-4611-886e-98341072794a c.w.a.g.log.RequestLoggingFilter - event=request_started method=POST uri=/orders
2026-06-09 12:12:41 [INFO][module01-actuator] [http-nio-8080-exec-7] traceId=a066aad2-0dbf-4611-886e-98341072794a c.wanted.actuator.order.OrderService - event=order_create_started itemTypes=2
2026-06-09 12:12:42 [INFO][module01-actuator] [http-nio-8080-exec-7] traceId=a066aad2-0dbf-4611-886e-98341072794a c.wanted.actuator.order.OrderService - event=order_create_succeeded orderId=8 itemTypes=2 amount=6350000 durationMs=516
2026-06-09 12:12:42 [INFO][module01-actuator] [http-nio-8080-exec-7] traceId=a066aad2-0dbf-4611-886e-98341072794a c.w.a.g.log.RequestLoggingFilter - event=request_completed method=POST uri=/orders status=201 durationMs=528
2026-06-09 12:12:42 [INFO][module01-actuator] [http-nio-8080-exec-8] traceId=e42a2ea6-f923-4461-b82f-ba0abab8f404 c.w.a.g.log.RequestLoggingFilter - event=request_started method=GET uri=/actuator/metrics/shop.orders.created
2026-06-09 12:12:42 [INFO][module01-actuator] [http-nio-8080-exec-8] traceId=e42a2ea6-f923-4461-b82f-ba0abab8f404 c.w.a.g.log.RequestLoggingFilter - event=request_completed method=GET uri=/actuator/metrics/shop.orders.created status=200 durationMs=1
2026-06-09 12:12:42 [INFO][module01-actuator] [http-nio-8080-exec-9] traceId=a4e44795-0c68-4e2d-9765-a166a3d64e64 c.w.a.g.log.RequestLoggingFilter - event=request_started method=GET uri=/actuator/metrics/shop.orders.item.count
2026-06-09 12:12:42 [INFO][module01-actuator] [http-nio-8080-exec-9] traceId=a4e44795-0c68-4e2d-9765-a166a3d64e64 c.w.a.g.log.RequestLoggingFilter - event=request_completed method=GET uri=/actuator/metrics/shop.orders.item.count status=200 durationMs=1
2026-06-09 12:12:42 [INFO][module01-actuator] [http-nio-8080-exec-10] traceId=939178f6-2194-4f3c-bd39-84ec9989c75a c.w.a.g.log.RequestLoggingFilter - event=request_started method=GET uri=/actuator/metrics/shop.orders.amount
2026-06-09 12:12:42 [INFO][module01-actuator] [http-nio-8080-exec-10] traceId=939178f6-2194-4f3c-bd39-84ec9989c75a c.w.a.g.log.RequestLoggingFilter - event=request_completed method=GET uri=/actuator/metrics/shop.orders.amount status=200 durationMs=1
2026-06-09 12:12:42 [INFO][module01-actuator] [http-nio-8080-exec-1] traceId=0692a23c-184c-4f13-9826-553a98fce04b c.w.a.g.log.RequestLoggingFilter - event=request_started method=GET uri=/actuator/metrics/shop.orders.creation.duration
2026-06-09 12:12:42 [INFO][module01-actuator] [http-nio-8080-exec-1] traceId=0692a23c-184c-4f13-9826-553a98fce04b c.w.a.g.log.RequestLoggingFilter - event=request_completed method=GET uri=/actuator/metrics/shop.orders.creation.duration status=200 durationMs=1
2026-06-09 12:12:42 [INFO][module01-actuator] [http-nio-8080-exec-2] traceId=3f8c6be2-b524-4d33-a041-4ab36f787e85 c.w.a.g.log.RequestLoggingFilter - event=request_started method=GET uri=/actuator/metrics/shop.payment.duration
2026-06-09 12:12:42 [INFO][module01-actuator] [http-nio-8080-exec-2] traceId=3f8c6be2-b524-4d33-a041-4ab36f787e85 c.w.a.g.log.RequestLoggingFilter - event=request_completed method=GET uri=/actuator/metrics/shop.payment.duration status=200 durationMs=1
2026-06-09 12:12:42 [INFO][module01-actuator] [http-nio-8080-exec-3] traceId=8cc61c53-e463-4356-8eba-bc572bf8edee c.w.a.g.log.RequestLoggingFilter - event=request_started method=GET uri=/actuator/metrics/shop.products.popular.requests
2026-06-09 12:12:42 [INFO][module01-actuator] [http-nio-8080-exec-3] traceId=8cc61c53-e463-4356-8eba-bc572bf8edee c.w.a.g.log.RequestLoggingFilter - event=request_completed method=GET uri=/actuator/metrics/shop.products.popular.requests status=200 durationMs=1
2026-06-09 12:12:42 [INFO][module01-actuator] [http-nio-8080-exec-4] traceId=57c3f10f-bb66-4f4c-9c17-70719bdf0cdd c.w.a.g.log.RequestLoggingFilter - event=request_started method=GET uri=/actuator/metrics/shop.products.popular.query.duration
2026-06-09 12:12:42 [INFO][module01-actuator] [http-nio-8080-exec-4] traceId=57c3f10f-bb66-4f4c-9c17-70719bdf0cdd c.w.a.g.log.RequestLoggingFilter - event=request_completed method=GET uri=/actuator/metrics/shop.products.popular.query.duration status=200 durationMs=1
2026-06-09 12:12:42 [INFO][module01-actuator] [http-nio-8080-exec-5] traceId=0cfeae17-be5c-4a7c-9749-a573a893cbae c.w.a.g.log.RequestLoggingFilter - event=request_started method=GET uri=/products/popular
2026-06-09 12:12:42 [INFO][module01-actuator] [http-nio-8080-exec-5] traceId=0cfeae17-be5c-4a7c-9749-a573a893cbae c.w.actuator.product.ProductService - event=popular_products_queried resultCount=5 durationMs=2
2026-06-09 12:12:42 [INFO][module01-actuator] [http-nio-8080-exec-5] traceId=0cfeae17-be5c-4a7c-9749-a573a893cbae c.w.a.g.log.RequestLoggingFilter - event=request_completed method=GET uri=/products/popular status=200 durationMs=5
2026-06-09 12:12:42 [INFO][module01-actuator] [http-nio-8080-exec-6] traceId=9e6dfd31-b08a-47c1-98b1-b53f5270c861 c.w.a.g.log.RequestLoggingFilter - event=request_started method=GET uri=/actuator/metrics/shop.products.popular.requests
2026-06-09 12:12:42 [INFO][module01-actuator] [http-nio-8080-exec-6] traceId=9e6dfd31-b08a-47c1-98b1-b53f5270c861 c.w.a.g.log.RequestLoggingFilter - event=request_completed method=GET uri=/actuator/metrics/shop.products.popular.requests status=200 durationMs=1
2026-06-09 12:12:42 [INFO][module01-actuator] [http-nio-8080-exec-7] traceId=12abc6c1-f960-4c73-a2a0-b2e602aa67a5 c.w.a.g.log.RequestLoggingFilter - event=request_started method=GET uri=/actuator/metrics/shop.products.popular.query.duration
2026-06-09 12:12:42 [INFO][module01-actuator] [http-nio-8080-exec-7] traceId=12abc6c1-f960-4c73-a2a0-b2e602aa67a5 c.w.a.g.log.RequestLoggingFilter - event=request_completed method=GET uri=/actuator/metrics/shop.products.popular.query.duration status=200 durationMs=1
2026-06-09 12:12:42 [INFO][module01-actuator] [http-nio-8080-exec-8] traceId=ba6b08f8-ebbc-4f48-bcfa-3c993a999e55 c.w.a.g.log.RequestLoggingFilter - event=request_started method=POST uri=/orders
2026-06-09 12:12:42 [INFO][module01-actuator] [http-nio-8080-exec-8] traceId=ba6b08f8-ebbc-4f48-bcfa-3c993a999e55 c.wanted.actuator.order.OrderService - event=order_create_started itemTypes=1
2026-06-09 12:12:42 [WARN][module01-actuator] [http-nio-8080-exec-8] traceId=ba6b08f8-ebbc-4f48-bcfa-3c993a999e55 c.wanted.actuator.order.OrderService - event=order_create_failed exceptionType=IllegalArgumentException message="상품 재고가 부족합니다." durationMs=1
2026-06-09 12:12:42 [WARN][module01-actuator] [http-nio-8080-exec-8] traceId=ba6b08f8-ebbc-4f48-bcfa-3c993a999e55 c.w.a.g.log.RequestLoggingFilter - event=api_error reason=bad_request exceptionType=IllegalArgumentException message="상품 재고가 부족합니다."
2026-06-09 12:12:42 [INFO][module01-actuator] [http-nio-8080-exec-8] traceId=ba6b08f8-ebbc-4f48-bcfa-3c993a999e55 c.w.a.g.log.RequestLoggingFilter - event=request_completed method=POST uri=/orders status=400 durationMs=6
2026-06-09 12:12:42 [INFO][module01-actuator] [http-nio-8080-exec-9] traceId=58aee668-0bd0-443b-99a7-2b3f7a8ab117 c.w.a.g.log.RequestLoggingFilter - event=request_started method=GET uri=/actuator/metrics/shop.orders.failed
2026-06-09 12:12:42 [INFO][module01-actuator] [http-nio-8080-exec-9] traceId=58aee668-0bd0-443b-99a7-2b3f7a8ab117 c.w.a.g.log.RequestLoggingFilter - event=request_completed method=GET uri=/actuator/metrics/shop.orders.failed status=200 durationMs=1
2026-06-09 12:12:42 [INFO][module01-actuator] [http-nio-8080-exec-10] traceId=cfd8d85d-fd56-4a9f-a45d-8d985989e769 c.w.a.g.log.RequestLoggingFilter - event=request_started method=GET uri=/actuator/metrics/shop.orders.failed
2026-06-09 12:12:42 [INFO][module01-actuator] [http-nio-8080-exec-10] traceId=cfd8d85d-fd56-4a9f-a45d-8d985989e769 c.w.a.g.log.RequestLoggingFilter - event=request_completed method=GET uri=/actuator/metrics/shop.orders.failed status=404 durationMs=0
2026-06-09 12:12:42 [INFO][module01-actuator] [http-nio-8080-exec-1] traceId=d066872b-77ae-40fd-a803-0a70f2a5aadf c.w.a.g.log.RequestLoggingFilter - event=request_started method=GET uri=/actuator/metrics/shop.api.errors
2026-06-09 12:12:42 [INFO][module01-actuator] [http-nio-8080-exec-1] traceId=d066872b-77ae-40fd-a803-0a70f2a5aadf c.w.a.g.log.RequestLoggingFilter - event=request_completed method=GET uri=/actuator/metrics/shop.api.errors status=200 durationMs=1
2026-06-09 12:12:42 [INFO][module01-actuator] [http-nio-8080-exec-2] traceId=b7db5a5d-f89e-452d-aafa-033a6f8b14cd c.w.a.g.log.RequestLoggingFilter - event=request_started method=GET uri=/actuator/metrics/shop.api.errors
2026-06-09 12:12:42 [INFO][module01-actuator] [http-nio-8080-exec-2] traceId=b7db5a5d-f89e-452d-aafa-033a6f8b14cd c.w.a.g.log.RequestLoggingFilter - event=request_completed method=GET uri=/actuator/metrics/shop.api.errors status=200 durationMs=1
2026-06-09 12:12:42 [INFO][module01-actuator] [http-nio-8080-exec-3] traceId=deffb2ed-db85-42bc-9336-d17ac41a1d2d c.w.a.g.log.RequestLoggingFilter - event=request_started method=POST uri=/orders
2026-06-09 12:12:42 [WARN][module01-actuator] [http-nio-8080-exec-3] traceId=deffb2ed-db85-42bc-9336-d17ac41a1d2d c.w.a.g.log.RequestLoggingFilter - event=api_error reason=validation field=items[0].quantity exceptionType=MethodArgumentNotValidException message="items[0].quantity: 1 이상이어야 합니다"
2026-06-09 12:12:42 [INFO][module01-actuator] [http-nio-8080-exec-3] traceId=deffb2ed-db85-42bc-9336-d17ac41a1d2d c.w.a.g.log.RequestLoggingFilter - event=request_completed method=POST uri=/orders status=400 durationMs=2
2026-06-09 12:12:42 [INFO][module01-actuator] [http-nio-8080-exec-4] traceId=60e0e928-2015-4fe1-8c26-388f7ee2d98a c.w.a.g.log.RequestLoggingFilter - event=request_started method=GET uri=/actuator/metrics/shop.api.errors
2026-06-09 12:12:42 [INFO][module01-actuator] [http-nio-8080-exec-4] traceId=60e0e928-2015-4fe1-8c26-388f7ee2d98a c.w.a.g.log.RequestLoggingFilter - event=request_completed method=GET uri=/actuator/metrics/shop.api.errors status=200 durationMs=1
2026-06-09 12:12:42 [INFO][module01-actuator] [http-nio-8080-exec-5] traceId=2350d888-897b-4629-9fdd-004708ad4ca7 c.w.a.g.log.RequestLoggingFilter - event=request_started method=GET uri=/actuator/shop
2026-06-09 12:12:42 [INFO][module01-actuator] [http-nio-8080-exec-5] traceId=2350d888-897b-4629-9fdd-004708ad4ca7 c.w.a.g.log.RequestLoggingFilter - event=request_completed method=GET uri=/actuator/shop status=200 durationMs=9
2026-06-09 12:12:42 [INFO][module01-actuator] [http-nio-8080-exec-6] traceId=18bed420-81ee-4221-ad6d-aff0a7e62176 c.w.a.g.log.RequestLoggingFilter - event=request_started method=GET uri=/actuator/metrics/http.server.requests
2026-06-09 12:12:42 [INFO][module01-actuator] [http-nio-8080-exec-6] traceId=18bed420-81ee-4221-ad6d-aff0a7e62176 c.w.a.g.log.RequestLoggingFilter - event=request_completed method=GET uri=/actuator/metrics/http.server.requests status=200 durationMs=2
2026-06-09 12:12:43 [INFO][module01-actuator] [http-nio-8080-exec-7] traceId=e6de621c-220c-4038-afcb-946f13968a48 c.w.a.g.log.RequestLoggingFilter - event=request_started method=GET uri=/actuator/metrics/http.server.requests
2026-06-09 12:12:43 [INFO][module01-actuator] [http-nio-8080-exec-7] traceId=e6de621c-220c-4038-afcb-946f13968a48 c.w.a.g.log.RequestLoggingFilter - event=request_completed method=GET uri=/actuator/metrics/http.server.requests status=200 durationMs=2
2026-06-09 12:12:43 [INFO][module01-actuator] [http-nio-8080-exec-8] traceId=981c4536-82fb-4478-ab08-73068bc9a9c1 c.w.a.g.log.RequestLoggingFilter - event=request_started method=GET uri=/actuator/metrics/hikaricp.connections.active
2026-06-09 12:12:43 [INFO][module01-actuator] [http-nio-8080-exec-8] traceId=981c4536-82fb-4478-ab08-73068bc9a9c1 c.w.a.g.log.RequestLoggingFilter - event=request_completed method=GET uri=/actuator/metrics/hikaricp.connections.active status=200 durationMs=1
2026-06-09 12:12:43 [INFO][module01-actuator] [http-nio-8080-exec-9] traceId=b19cbaf4-3764-4df8-a56a-7ce9939de6f0 c.w.a.g.log.RequestLoggingFilter - event=request_started method=GET uri=/actuator/metrics/jvm.memory.used
2026-06-09 12:12:43 [INFO][module01-actuator] [http-nio-8080-exec-9] traceId=b19cbaf4-3764-4df8-a56a-7ce9939de6f0 c.w.a.g.log.RequestLoggingFilter - event=request_completed method=GET uri=/actuator/metrics/jvm.memory.used status=200 durationMs=1
2026-06-09 12:12:46 [INFO][module01-actuator] [http-nio-8080-exec-10] traceId=44f5540a-1779-4c9a-9d24-553d8569c252 c.w.a.g.log.RequestLoggingFilter - event=request_started method=GET uri=/actuator/prometheus
2026-06-09 12:12:46 [INFO][module01-actuator] [http-nio-8080-exec-10] traceId=44f5540a-1779-4c9a-9d24-553d8569c252 c.w.a.g.log.RequestLoggingFilter - event=request_completed method=GET uri=/actuator/prometheus status=200 durationMs=39
2026-06-09 12:12:51 [INFO][module01-actuator] [http-nio-8080-exec-1] traceId=30a4ba00-5487-4711-bdfe-3fbfdcf581a3 c.w.a.g.log.RequestLoggingFilter - event=request_started method=GET uri=/actuator/prometheus
2026-06-09 12:12:51 [INFO][module01-actuator] [http-nio-8080-exec-1] traceId=30a4ba00-5487-4711-bdfe-3fbfdcf581a3 c.w.a.g.log.RequestLoggingFilter - event=request_completed method=GET uri=/actuator/prometheus status=200 durationMs=46
2026-06-09 12:12:56 [INFO][module01-actuator] [http-nio-8080-exec-2] traceId=8ff5d14b-a443-405b-a9d5-362950db5a22 c.w.a.g.log.RequestLoggingFilter - event=request_started method=GET uri=/actuator/prometheus
2026-06-09 12:12:56 [INFO][module01-actuator] [http-nio-8080-exec-2] traceId=8ff5d14b-a443-405b-a9d5-362950db5a22 c.w.a.g.log.RequestLoggingFilter - event=request_completed method=GET uri=/actuator/prometheus status=200 durationMs=42
2026-06-09 12:13:01 [INFO][module01-actuator] [http-nio-8080-exec-3] traceId=1e6e21bc-525a-438b-a3ea-9a1e6a525ada c.w.a.g.log.RequestLoggingFilter - event=request_started method=GET uri=/actuator/prometheus
2026-06-09 12:13:01 [INFO][module01-actuator] [http-nio-8080-exec-3] traceId=1e6e21bc-525a-438b-a3ea-9a1e6a525ada c.w.a.g.log.RequestLoggingFilter - event=request_completed method=GET uri=/actuator/prometheus status=200 durationMs=58
2026-06-09 12:13:06 [INFO][module01-actuator] [http-nio-8080-exec-4] traceId=e93efdbd-2967-4694-8fa3-bced5f737651 c.w.a.g.log.RequestLoggingFilter - event=request_started method=GET uri=/actuator/prometheus
2026-06-09 12:13:06 [INFO][module01-actuator] [http-nio-8080-exec-4] traceId=e93efdbd-2967-4694-8fa3-bced5f737651 c.w.a.g.log.RequestLoggingFilter - event=request_completed method=GET uri=/actuator/prometheus status=200 durationMs=46
2026-06-09 12:13:11 [INFO][module01-actuator] [http-nio-8080-exec-5] traceId=a2eb5d51-9be0-4b7c-b92b-7a3e561c6751 c.w.a.g.log.RequestLoggingFilter - event=request_started method=GET uri=/actuator/prometheus
2026-06-09 12:13:11 [INFO][module01-actuator] [http-nio-8080-exec-5] traceId=a2eb5d51-9be0-4b7c-b92b-7a3e561c6751 c.w.a.g.log.RequestLoggingFilter - event=request_completed method=GET uri=/actuator/prometheus status=200 durationMs=68
2026-06-09 12:13:16 [INFO][module01-actuator] [http-nio-8080-exec-6] traceId=70f31154-57ec-4299-8ab3-8322e1d5a971 c.w.a.g.log.RequestLoggingFilter - event=request_started method=GET uri=/actuator/prometheus
2026-06-09 12:13:16 [INFO][module01-actuator] [http-nio-8080-exec-6] traceId=70f31154-57ec-4299-8ab3-8322e1d5a971 c.w.a.g.log.RequestLoggingFilter - event=request_completed method=GET uri=/actuator/prometheus status=200 durationMs=56
2026-06-09 12:13:21 [INFO][module01-actuator] [http-nio-8080-exec-7] traceId=71bb3844-3118-4142-ab99-bd8ed9443918 c.w.a.g.log.RequestLoggingFilter - event=request_started method=GET uri=/actuator/prometheus
2026-06-09 12:13:21 [INFO][module01-actuator] [http-nio-8080-exec-7] traceId=71bb3844-3118-4142-ab99-bd8ed9443918 c.w.a.g.log.RequestLoggingFilter - event=request_completed method=GET uri=/actuator/prometheus status=200 durationMs=51
2026-06-09 12:13:26 [INFO][module01-actuator] [http-nio-8080-exec-3] traceId=ab410e02-41ae-4997-b128-f5b270571a65 c.w.a.g.log.RequestLoggingFilter - event=request_started method=GET uri=/actuator/prometheus
2026-06-09 12:13:26 [INFO][module01-actuator] [http-nio-8080-exec-3] traceId=ab410e02-41ae-4997-b128-f5b270571a65 c.w.a.g.log.RequestLoggingFilter - event=request_completed method=GET uri=/actuator/prometheus status=200 durationMs=106
2026-06-09 12:13:31 [INFO][module01-actuator] [http-nio-8080-exec-10] traceId=7551c5f7-3c1f-49ec-b2dc-404d9b957750 c.w.a.g.log.RequestLoggingFilter - event=request_started method=GET uri=/actuator/prometheus
2026-06-09 12:13:31 [INFO][module01-actuator] [http-nio-8080-exec-10] traceId=7551c5f7-3c1f-49ec-b2dc-404d9b957750 c.w.a.g.log.RequestLoggingFilter - event=request_completed method=GET uri=/actuator/prometheus status=200 durationMs=63
2026-06-09 12:13:36 [INFO][module01-actuator] [http-nio-8080-exec-9] traceId=0143dd6c-6d6b-410a-98c9-ac85271566e9 c.w.a.g.log.RequestLoggingFilter - event=request_started method=GET uri=/actuator/prometheus
2026-06-09 12:13:36 [INFO][module01-actuator] [http-nio-8080-exec-9] traceId=0143dd6c-6d6b-410a-98c9-ac85271566e9 c.w.a.g.log.RequestLoggingFilter - event=request_completed method=GET uri=/actuator/prometheus status=200 durationMs=52
2026-06-09 12:13:41 [INFO][module01-actuator] [http-nio-8080-exec-1] traceId=304f93fe-9c21-44ea-8878-d0b37f6e8dc7 c.w.a.g.log.RequestLoggingFilter - event=request_started method=GET uri=/actuator/prometheus
2026-06-09 12:13:41 [INFO][module01-actuator] [http-nio-8080-exec-1] traceId=304f93fe-9c21-44ea-8878-d0b37f6e8dc7 c.w.a.g.log.RequestLoggingFilter - event=request_completed method=GET uri=/actuator/prometheus status=200 durationMs=57
2026-06-09 12:13:46 [INFO][module01-actuator] [http-nio-8080-exec-8] traceId=3c2cbcef-1020-4b09-8b69-9c4cc33c141e c.w.a.g.log.RequestLoggingFilter - event=request_started method=GET uri=/actuator/prometheus
2026-06-09 12:13:46 [INFO][module01-actuator] [http-nio-8080-exec-8] traceId=3c2cbcef-1020-4b09-8b69-9c4cc33c141e c.w.a.g.log.RequestLoggingFilter - event=request_completed method=GET uri=/actuator/prometheus status=200 durationMs=70
2026-06-09 12:13:51 [INFO][module01-actuator] [http-nio-8080-exec-6] traceId=05ab4d28-13fb-4ab4-8f55-cf13bfc04a33 c.w.a.g.log.RequestLoggingFilter - event=request_started method=GET uri=/actuator/prometheus
2026-06-09 12:13:51 [INFO][module01-actuator] [http-nio-8080-exec-6] traceId=05ab4d28-13fb-4ab4-8f55-cf13bfc04a33 c.w.a.g.log.RequestLoggingFilter - event=request_completed method=GET uri=/actuator/prometheus status=200 durationMs=62
2026-06-09 12:13:56 [INFO][module01-actuator] [http-nio-8080-exec-11] traceId=7b9f8e63-2dd8-4067-adb3-ea70e64afdb9 c.w.a.g.log.RequestLoggingFilter - event=request_started method=GET uri=/actuator/prometheus
2026-06-09 12:13:56 [INFO][module01-actuator] [http-nio-8080-exec-11] traceId=7b9f8e63-2dd8-4067-adb3-ea70e64afdb9 c.w.a.g.log.RequestLoggingFilter - event=request_completed method=GET uri=/actuator/prometheus status=200 durationMs=49
2026-06-09 12:14:01 [INFO][module01-actuator] [http-nio-8080-exec-3] traceId=6f906619-1012-4df8-bdb3-20cf9f763f85 c.w.a.g.log.RequestLoggingFilter - event=request_started method=GET uri=/actuator/prometheus
2026-06-09 12:14:01 [INFO][module01-actuator] [http-nio-8080-exec-3] traceId=6f906619-1012-4df8-bdb3-20cf9f763f85 c.w.a.g.log.RequestLoggingFilter - event=request_completed method=GET uri=/actuator/prometheus status=200 durationMs=107
2026-06-09 12:14:06 [INFO][module01-actuator] [http-nio-8080-exec-10] traceId=b70c3a1e-d914-46c3-ae08-a31f88c60c9c c.w.a.g.log.RequestLoggingFilter - event=request_started method=GET uri=/actuator/prometheus
2026-06-09 12:14:06 [INFO][module01-actuator] [http-nio-8080-exec-10] traceId=b70c3a1e-d914-46c3-ae08-a31f88c60c9c c.w.a.g.log.RequestLoggingFilter - event=request_completed method=GET uri=/actuator/prometheus status=200 durationMs=62
2026-06-09 12:14:11 [INFO][module01-actuator] [http-nio-8080-exec-9] traceId=f661b68f-75ca-4ac7-9a4f-048122390a41 c.w.a.g.log.RequestLoggingFilter - event=request_started method=GET uri=/actuator/prometheus
2026-06-09 12:14:11 [INFO][module01-actuator] [http-nio-8080-exec-9] traceId=f661b68f-75ca-4ac7-9a4f-048122390a41 c.w.a.g.log.RequestLoggingFilter - event=request_completed method=GET uri=/actuator/prometheus status=200 durationMs=41
2026-06-09 12:14:16 [INFO][module01-actuator] [http-nio-8080-exec-1] traceId=ee162f42-8134-4745-bf1d-01d4f62c0645 c.w.a.g.log.RequestLoggingFilter - event=request_started method=GET uri=/actuator/prometheus
2026-06-09 12:14:16 [INFO][module01-actuator] [http-nio-8080-exec-1] traceId=ee162f42-8134-4745-bf1d-01d4f62c0645 c.w.a.g.log.RequestLoggingFilter - event=request_completed method=GET uri=/actuator/prometheus status=200 durationMs=55
2026-06-09 12:14:21 [INFO][module01-actuator] [http-nio-8080-exec-7] traceId=ce240636-fee1-40a0-865b-6dbb5f28abea c.w.a.g.log.RequestLoggingFilter - event=request_started method=GET uri=/actuator/prometheus
2026-06-09 12:14:21 [INFO][module01-actuator] [http-nio-8080-exec-7] traceId=ce240636-fee1-40a0-865b-6dbb5f28abea c.w.a.g.log.RequestLoggingFilter - event=request_completed method=GET uri=/actuator/prometheus status=200 durationMs=49
2026-06-09 12:14:26 [INFO][module01-actuator] [http-nio-8080-exec-2] traceId=3fea336a-43dd-48e2-8feb-231eff856f87 c.w.a.g.log.RequestLoggingFilter - event=request_started method=GET uri=/actuator/prometheus
2026-06-09 12:14:26 [INFO][module01-actuator] [http-nio-8080-exec-2] traceId=3fea336a-43dd-48e2-8feb-231eff856f87 c.w.a.g.log.RequestLoggingFilter - event=request_completed method=GET uri=/actuator/prometheus status=200 durationMs=74
2026-06-09 12:14:31 [INFO][module01-actuator] [http-nio-8080-exec-4] traceId=572f931f-90aa-473d-a9a5-66f0b49200ea c.w.a.g.log.RequestLoggingFilter - event=request_started method=GET uri=/actuator/prometheus
2026-06-09 12:14:31 [INFO][module01-actuator] [http-nio-8080-exec-4] traceId=572f931f-90aa-473d-a9a5-66f0b49200ea c.w.a.g.log.RequestLoggingFilter - event=request_completed method=GET uri=/actuator/prometheus status=200 durationMs=47
2026-06-09 12:14:36 [INFO][module01-actuator] [http-nio-8080-exec-12] traceId=b8c0f1d2-c5a9-4945-b7d9-cd8b2535519d c.w.a.g.log.RequestLoggingFilter - event=request_started method=GET uri=/actuator/prometheus
2026-06-09 12:14:36 [INFO][module01-actuator] [http-nio-8080-exec-12] traceId=b8c0f1d2-c5a9-4945-b7d9-cd8b2535519d c.w.a.g.log.RequestLoggingFilter - event=request_completed method=GET uri=/actuator/prometheus status=200 durationMs=81
2026-06-09 12:14:41 [INFO][module01-actuator] [http-nio-8080-exec-5] traceId=f0dcdc99-864e-41c4-964f-823375c6fe03 c.w.a.g.log.RequestLoggingFilter - event=request_started method=GET uri=/actuator/prometheus
2026-06-09 12:14:41 [INFO][module01-actuator] [http-nio-8080-exec-5] traceId=f0dcdc99-864e-41c4-964f-823375c6fe03 c.w.a.g.log.RequestLoggingFilter - event=request_completed method=GET uri=/actuator/prometheus status=200 durationMs=58
2026-06-09 12:14:46 [INFO][module01-actuator] [http-nio-8080-exec-8] traceId=03ff6cab-0d96-47a8-8117-786bf4557f74 c.w.a.g.log.RequestLoggingFilter - event=request_started method=GET uri=/actuator/prometheus
2026-06-09 12:14:46 [INFO][module01-actuator] [http-nio-8080-exec-8] traceId=03ff6cab-0d96-47a8-8117-786bf4557f74 c.w.a.g.log.RequestLoggingFilter - event=request_completed method=GET uri=/actuator/prometheus status=200 durationMs=65
2026-06-09 12:14:51 [INFO][module01-actuator] [http-nio-8080-exec-6] traceId=c9cfb13c-92a4-4bd0-bf9b-6d0ab3bfb7ac c.w.a.g.log.RequestLoggingFilter - event=request_started method=GET uri=/actuator/prometheus
2026-06-09 12:14:51 [INFO][module01-actuator] [http-nio-8080-exec-6] traceId=c9cfb13c-92a4-4bd0-bf9b-6d0ab3bfb7ac c.w.a.g.log.RequestLoggingFilter - event=request_completed method=GET uri=/actuator/prometheus status=200 durationMs=41
2026-06-09 12:14:56 [INFO][module01-actuator] [http-nio-8080-exec-11] traceId=538e60d0-cae3-4743-8adf-3ca565deb742 c.w.a.g.log.RequestLoggingFilter - event=request_started method=GET uri=/actuator/prometheus
2026-06-09 12:14:56 [INFO][module01-actuator] [http-nio-8080-exec-11] traceId=538e60d0-cae3-4743-8adf-3ca565deb742 c.w.a.g.log.RequestLoggingFilter - event=request_completed method=GET uri=/actuator/prometheus status=200 durationMs=89
2026-06-09 12:15:01 [INFO][module01-actuator] [http-nio-8080-exec-3] traceId=2b775ee8-3780-440e-b268-ff8cf794eeeb c.w.a.g.log.RequestLoggingFilter - event=request_started method=GET uri=/actuator/prometheus
2026-06-09 12:15:01 [INFO][module01-actuator] [http-nio-8080-exec-3] traceId=2b775ee8-3780-440e-b268-ff8cf794eeeb c.w.a.g.log.RequestLoggingFilter - event=request_completed method=GET uri=/actuator/prometheus status=200 durationMs=53
2026-06-09 12:15:06 [INFO][module01-actuator] [http-nio-8080-exec-10] traceId=cc3a2864-b299-4cb8-baf0-4b988a71c9c6 c.w.a.g.log.RequestLoggingFilter - event=request_started method=GET uri=/actuator/prometheus
2026-06-09 12:15:06 [INFO][module01-actuator] [http-nio-8080-exec-10] traceId=cc3a2864-b299-4cb8-baf0-4b988a71c9c6 c.w.a.g.log.RequestLoggingFilter - event=request_completed method=GET uri=/actuator/prometheus status=200 durationMs=55
2026-06-09 12:15:11 [INFO][module01-actuator] [http-nio-8080-exec-9] traceId=2da79ef2-f183-43b1-bb21-6c6166d436c6 c.w.a.g.log.RequestLoggingFilter - event=request_started method=GET uri=/actuator/prometheus
2026-06-09 12:15:11 [INFO][module01-actuator] [http-nio-8080-exec-9] traceId=2da79ef2-f183-43b1-bb21-6c6166d436c6 c.w.a.g.log.RequestLoggingFilter - event=request_completed method=GET uri=/actuator/prometheus status=200 durationMs=62
2026-06-09 12:15:16 [INFO][module01-actuator] [http-nio-8080-exec-1] traceId=2b540283-e5f5-4bde-8575-04015f37e7ee c.w.a.g.log.RequestLoggingFilter - event=request_started method=GET uri=/actuator/prometheus
2026-06-09 12:15:16 [INFO][module01-actuator] [http-nio-8080-exec-1] traceId=2b540283-e5f5-4bde-8575-04015f37e7ee c.w.a.g.log.RequestLoggingFilter - event=request_completed method=GET uri=/actuator/prometheus status=200 durationMs=52
2026-06-09 12:15:21 [INFO][module01-actuator] [http-nio-8080-exec-7] traceId=5fd7d3b4-922d-4863-95fd-6daea70eebe4 c.w.a.g.log.RequestLoggingFilter - event=request_started method=GET uri=/actuator/prometheus
2026-06-09 12:15:21 [INFO][module01-actuator] [http-nio-8080-exec-7] traceId=5fd7d3b4-922d-4863-95fd-6daea70eebe4 c.w.a.g.log.RequestLoggingFilter - event=request_completed method=GET uri=/actuator/prometheus status=200 durationMs=55
2026-06-09 12:15:26 [INFO][module01-actuator] [http-nio-8080-exec-2] traceId=b215213b-cd19-4114-8d89-83f4bce635ea c.w.a.g.log.RequestLoggingFilter - event=request_started method=GET uri=/actuator/prometheus
2026-06-09 12:15:26 [INFO][module01-actuator] [http-nio-8080-exec-2] traceId=b215213b-cd19-4114-8d89-83f4bce635ea c.w.a.g.log.RequestLoggingFilter - event=request_completed method=GET uri=/actuator/prometheus status=200 durationMs=52
2026-06-09 12:15:31 [INFO][module01-actuator] [http-nio-8080-exec-4] traceId=4d93f2e6-566b-4b9c-ab77-50e3000dc52a c.w.a.g.log.RequestLoggingFilter - event=request_started method=GET uri=/actuator/prometheus
2026-06-09 12:15:31 [INFO][module01-actuator] [http-nio-8080-exec-4] traceId=4d93f2e6-566b-4b9c-ab77-50e3000dc52a c.w.a.g.log.RequestLoggingFilter - event=request_completed method=GET uri=/actuator/prometheus status=200 durationMs=63
2026-06-09 12:15:36 [INFO][module01-actuator] [http-nio-8080-exec-12] traceId=6bf7f615-1082-4435-be55-74c0bdc891c8 c.w.a.g.log.RequestLoggingFilter - event=request_started method=GET uri=/actuator/prometheus
2026-06-09 12:15:36 [INFO][module01-actuator] [http-nio-8080-exec-12] traceId=6bf7f615-1082-4435-be55-74c0bdc891c8 c.w.a.g.log.RequestLoggingFilter - event=request_completed method=GET uri=/actuator/prometheus status=200 durationMs=81
2026-06-09 12:15:41 [INFO][module01-actuator] [http-nio-8080-exec-5] traceId=2ce20a81-495d-4b81-987e-0e91164190bd c.w.a.g.log.RequestLoggingFilter - event=request_started method=GET uri=/actuator/prometheus
2026-06-09 12:15:41 [INFO][module01-actuator] [http-nio-8080-exec-5] traceId=2ce20a81-495d-4b81-987e-0e91164190bd c.w.a.g.log.RequestLoggingFilter - event=request_completed method=GET uri=/actuator/prometheus status=200 durationMs=43
2026-06-09 12:15:46 [INFO][module01-actuator] [http-nio-8080-exec-8] traceId=cee4824e-998f-4c2a-b6aa-b4e294d31e1c c.w.a.g.log.RequestLoggingFilter - event=request_started method=GET uri=/actuator/prometheus
2026-06-09 12:15:46 [INFO][module01-actuator] [http-nio-8080-exec-8] traceId=cee4824e-998f-4c2a-b6aa-b4e294d31e1c c.w.a.g.log.RequestLoggingFilter - event=request_completed method=GET uri=/actuator/prometheus status=200 durationMs=57
2026-06-09 12:15:51 [INFO][module01-actuator] [http-nio-8080-exec-6] traceId=3d1df5ef-474f-4b68-a09a-4c67592720f1 c.w.a.g.log.RequestLoggingFilter - event=request_started method=GET uri=/actuator/prometheus
2026-06-09 12:15:51 [INFO][module01-actuator] [http-nio-8080-exec-6] traceId=3d1df5ef-474f-4b68-a09a-4c67592720f1 c.w.a.g.log.RequestLoggingFilter - event=request_completed method=GET uri=/actuator/prometheus status=200 durationMs=54
2026-06-09 12:15:56 [INFO][module01-actuator] [http-nio-8080-exec-11] traceId=50faeacc-439e-4238-b890-a211636e9cb1 c.w.a.g.log.RequestLoggingFilter - event=request_started method=GET uri=/actuator/prometheus
2026-06-09 12:15:56 [INFO][module01-actuator] [http-nio-8080-exec-11] traceId=50faeacc-439e-4238-b890-a211636e9cb1 c.w.a.g.log.RequestLoggingFilter - event=request_completed method=GET uri=/actuator/prometheus status=200 durationMs=59
2026-06-09 12:16:01 [INFO][module01-actuator] [http-nio-8080-exec-3] traceId=59eaa9a2-efa3-4968-b542-34c52cd114c6 c.w.a.g.log.RequestLoggingFilter - event=request_started method=GET uri=/actuator/prometheus
2026-06-09 12:16:01 [INFO][module01-actuator] [http-nio-8080-exec-3] traceId=59eaa9a2-efa3-4968-b542-34c52cd114c6 c.w.a.g.log.RequestLoggingFilter - event=request_completed method=GET uri=/actuator/prometheus status=200 durationMs=49
2026-06-09 12:16:06 [INFO][module01-actuator] [http-nio-8080-exec-10] traceId=568161fd-085e-438b-b182-86e8b3fe7825 c.w.a.g.log.RequestLoggingFilter - event=request_started method=GET uri=/actuator/prometheus
2026-06-09 12:16:06 [INFO][module01-actuator] [http-nio-8080-exec-10] traceId=568161fd-085e-438b-b182-86e8b3fe7825 c.w.a.g.log.RequestLoggingFilter - event=request_completed method=GET uri=/actuator/prometheus status=200 durationMs=53
2026-06-09 12:16:11 [INFO][module01-actuator] [http-nio-8080-exec-9] traceId=542938ff-0f1d-4e89-a57c-3952d09d103b c.w.a.g.log.RequestLoggingFilter - event=request_started method=GET uri=/actuator/prometheus
2026-06-09 12:16:11 [INFO][module01-actuator] [http-nio-8080-exec-9] traceId=542938ff-0f1d-4e89-a57c-3952d09d103b c.w.a.g.log.RequestLoggingFilter - event=request_completed method=GET uri=/actuator/prometheus status=200 durationMs=45
2026-06-09 12:16:16 [INFO][module01-actuator] [http-nio-8080-exec-1] traceId=35660be5-5597-4d35-8a7a-9a45bae2ac72 c.w.a.g.log.RequestLoggingFilter - event=request_started method=GET uri=/actuator/prometheus
2026-06-09 12:16:16 [INFO][module01-actuator] [http-nio-8080-exec-1] traceId=35660be5-5597-4d35-8a7a-9a45bae2ac72 c.w.a.g.log.RequestLoggingFilter - event=request_completed method=GET uri=/actuator/prometheus status=200 durationMs=61
2026-06-09 12:16:21 [INFO][module01-actuator] [http-nio-8080-exec-7] traceId=ad097d8f-e3ad-434c-a194-e5ad3b7e6190 c.w.a.g.log.RequestLoggingFilter - event=request_started method=GET uri=/actuator/prometheus
2026-06-09 12:16:21 [INFO][module01-actuator] [http-nio-8080-exec-7] traceId=ad097d8f-e3ad-434c-a194-e5ad3b7e6190 c.w.a.g.log.RequestLoggingFilter - event=request_completed method=GET uri=/actuator/prometheus status=200 durationMs=53
2026-06-09 12:16:26 [INFO][module01-actuator] [http-nio-8080-exec-2] traceId=f3445df6-1875-4855-9195-8f4c3f385995 c.w.a.g.log.RequestLoggingFilter - event=request_started method=GET uri=/actuator/prometheus
2026-06-09 12:16:26 [INFO][module01-actuator] [http-nio-8080-exec-2] traceId=f3445df6-1875-4855-9195-8f4c3f385995 c.w.a.g.log.RequestLoggingFilter - event=request_completed method=GET uri=/actuator/prometheus status=200 durationMs=50
2026-06-09 12:16:31 [INFO][module01-actuator] [http-nio-8080-exec-4] traceId=83204001-c8db-406e-bd52-9124939d4163 c.w.a.g.log.RequestLoggingFilter - event=request_started method=GET uri=/actuator/prometheus
2026-06-09 12:16:31 [INFO][module01-actuator] [http-nio-8080-exec-4] traceId=83204001-c8db-406e-bd52-9124939d4163 c.w.a.g.log.RequestLoggingFilter - event=request_completed method=GET uri=/actuator/prometheus status=200 durationMs=60
2026-06-09 12:16:36 [INFO][module01-actuator] [http-nio-8080-exec-12] traceId=d2e9039c-df98-425d-922e-f1ec030e57f9 c.w.a.g.log.RequestLoggingFilter - event=request_started method=GET uri=/actuator/prometheus
2026-06-09 12:16:36 [INFO][module01-actuator] [http-nio-8080-exec-12] traceId=d2e9039c-df98-425d-922e-f1ec030e57f9 c.w.a.g.log.RequestLoggingFilter - event=request_completed method=GET uri=/actuator/prometheus status=200 durationMs=54
2026-06-09 12:16:41 [INFO][module01-actuator] [http-nio-8080-exec-5] traceId=0c70ed78-43ba-40aa-ae9b-2d7868f10367 c.w.a.g.log.RequestLoggingFilter - event=request_started method=GET uri=/actuator/prometheus
2026-06-09 12:16:41 [INFO][module01-actuator] [http-nio-8080-exec-5] traceId=0c70ed78-43ba-40aa-ae9b-2d7868f10367 c.w.a.g.log.RequestLoggingFilter - event=request_completed method=GET uri=/actuator/prometheus status=200 durationMs=47
2026-06-09 12:16:46 [INFO][module01-actuator] [http-nio-8080-exec-8] traceId=d1e5f106-8601-4ed0-8e0c-da8c3437a9f7 c.w.a.g.log.RequestLoggingFilter - event=request_started method=GET uri=/actuator/prometheus
2026-06-09 12:16:46 [INFO][module01-actuator] [http-nio-8080-exec-8] traceId=d1e5f106-8601-4ed0-8e0c-da8c3437a9f7 c.w.a.g.log.RequestLoggingFilter - event=request_completed method=GET uri=/actuator/prometheus status=200 durationMs=65
2026-06-09 12:16:51 [INFO][module01-actuator] [http-nio-8080-exec-6] traceId=f18637bf-f013-4757-8eef-66684e5dfa17 c.w.a.g.log.RequestLoggingFilter - event=request_started method=GET uri=/actuator/prometheus
2026-06-09 12:16:51 [INFO][module01-actuator] [http-nio-8080-exec-6] traceId=f18637bf-f013-4757-8eef-66684e5dfa17 c.w.a.g.log.RequestLoggingFilter - event=request_completed method=GET uri=/actuator/prometheus status=200 durationMs=60
2026-06-09 12:16:56 [INFO][module01-actuator] [http-nio-8080-exec-11] traceId=20b4d1cf-58d8-41a1-85b9-25206c739eb1 c.w.a.g.log.RequestLoggingFilter - event=request_started method=GET uri=/actuator/prometheus
2026-06-09 12:16:56 [INFO][module01-actuator] [http-nio-8080-exec-11] traceId=20b4d1cf-58d8-41a1-85b9-25206c739eb1 c.w.a.g.log.RequestLoggingFilter - event=request_completed method=GET uri=/actuator/prometheus status=200 durationMs=53
2026-06-09 12:17:01 [INFO][module01-actuator] [http-nio-8080-exec-3] traceId=7ba4109f-ab15-4a70-8637-9b3950ec8d59 c.w.a.g.log.RequestLoggingFilter - event=request_started method=GET uri=/actuator/prometheus
2026-06-09 12:17:01 [INFO][module01-actuator] [http-nio-8080-exec-3] traceId=7ba4109f-ab15-4a70-8637-9b3950ec8d59 c.w.a.g.log.RequestLoggingFilter - event=request_completed method=GET uri=/actuator/prometheus status=200 durationMs=57
2026-06-09 12:17:06 [INFO][module01-actuator] [http-nio-8080-exec-10] traceId=0b7f82b9-d082-406e-9382-5e2be4d01f98 c.w.a.g.log.RequestLoggingFilter - event=request_started method=GET uri=/actuator/prometheus
2026-06-09 12:17:06 [INFO][module01-actuator] [http-nio-8080-exec-10] traceId=0b7f82b9-d082-406e-9382-5e2be4d01f98 c.w.a.g.log.RequestLoggingFilter - event=request_completed method=GET uri=/actuator/prometheus status=200 durationMs=56
2026-06-09 12:17:11 [INFO][module01-actuator] [http-nio-8080-exec-9] traceId=c74f1686-cbe2-4082-b695-2ed825173869 c.w.a.g.log.RequestLoggingFilter - event=request_started method=GET uri=/actuator/prometheus
2026-06-09 12:17:11 [INFO][module01-actuator] [http-nio-8080-exec-9] traceId=c74f1686-cbe2-4082-b695-2ed825173869 c.w.a.g.log.RequestLoggingFilter - event=request_completed method=GET uri=/actuator/prometheus status=200 durationMs=49
2026-06-09 12:17:16 [INFO][module01-actuator] [http-nio-8080-exec-1] traceId=91b45cd1-225e-4512-aaf5-80e9c2bf320c c.w.a.g.log.RequestLoggingFilter - event=request_started method=GET uri=/actuator/prometheus
2026-06-09 12:17:16 [INFO][module01-actuator] [http-nio-8080-exec-1] traceId=91b45cd1-225e-4512-aaf5-80e9c2bf320c c.w.a.g.log.RequestLoggingFilter - event=request_completed method=GET uri=/actuator/prometheus status=200 durationMs=51
2026-06-09 12:17:21 [INFO][module01-actuator] [http-nio-8080-exec-7] traceId=6eec4192-1714-46bc-9a6c-3868e095c931 c.w.a.g.log.RequestLoggingFilter - event=request_started method=GET uri=/actuator/prometheus
2026-06-09 12:17:21 [INFO][module01-actuator] [http-nio-8080-exec-7] traceId=6eec4192-1714-46bc-9a6c-3868e095c931 c.w.a.g.log.RequestLoggingFilter - event=request_completed method=GET uri=/actuator/prometheus status=200 durationMs=47
2026-06-09 12:17:26 [INFO][module01-actuator] [http-nio-8080-exec-2] traceId=4e8b3b0a-150e-4ab0-8793-4244e319c9eb c.w.a.g.log.RequestLoggingFilter - event=request_started method=GET uri=/actuator/prometheus
2026-06-09 12:17:26 [INFO][module01-actuator] [http-nio-8080-exec-2] traceId=4e8b3b0a-150e-4ab0-8793-4244e319c9eb c.w.a.g.log.RequestLoggingFilter - event=request_completed method=GET uri=/actuator/prometheus status=200 durationMs=47
2026-06-09 12:17:31 [INFO][module01-actuator] [http-nio-8080-exec-4] traceId=c4808cf8-00c8-4c99-be7a-a348c401effc c.w.a.g.log.RequestLoggingFilter - event=request_started method=GET uri=/actuator/prometheus
2026-06-09 12:17:31 [INFO][module01-actuator] [http-nio-8080-exec-4] traceId=c4808cf8-00c8-4c99-be7a-a348c401effc c.w.a.g.log.RequestLoggingFilter - event=request_completed method=GET uri=/actuator/prometheus status=200 durationMs=42
2026-06-09 12:17:36 [INFO][module01-actuator] [http-nio-8080-exec-12] traceId=47287f5e-e5c2-46cc-9696-4ec0d6b19d98 c.w.a.g.log.RequestLoggingFilter - event=request_started method=GET uri=/actuator/prometheus
2026-06-09 12:17:36 [INFO][module01-actuator] [http-nio-8080-exec-12] traceId=47287f5e-e5c2-46cc-9696-4ec0d6b19d98 c.w.a.g.log.RequestLoggingFilter - event=request_completed method=GET uri=/actuator/prometheus status=200 durationMs=48
2026-06-09 12:17:41 [INFO][module01-actuator] [http-nio-8080-exec-5] traceId=3daa6dba-290d-45a0-892c-2092aef3bfca c.w.a.g.log.RequestLoggingFilter - event=request_started method=GET uri=/actuator/prometheus
2026-06-09 12:17:41 [INFO][module01-actuator] [http-nio-8080-exec-5] traceId=3daa6dba-290d-45a0-892c-2092aef3bfca c.w.a.g.log.RequestLoggingFilter - event=request_completed method=GET uri=/actuator/prometheus status=200 durationMs=55
2026-06-09 12:17:46 [INFO][module01-actuator] [http-nio-8080-exec-8] traceId=24500c2a-656a-4630-ba87-82f04cdc2d0e c.w.a.g.log.RequestLoggingFilter - event=request_started method=GET uri=/actuator/prometheus
2026-06-09 12:17:46 [INFO][module01-actuator] [http-nio-8080-exec-8] traceId=24500c2a-656a-4630-ba87-82f04cdc2d0e c.w.a.g.log.RequestLoggingFilter - event=request_completed method=GET uri=/actuator/prometheus status=200 durationMs=48
2026-06-09 12:17:51 [INFO][module01-actuator] [http-nio-8080-exec-6] traceId=d8b17bce-cec9-4b11-943f-92d9626a31bd c.w.a.g.log.RequestLoggingFilter - event=request_started method=GET uri=/actuator/prometheus
2026-06-09 12:17:51 [INFO][module01-actuator] [http-nio-8080-exec-6] traceId=d8b17bce-cec9-4b11-943f-92d9626a31bd c.w.a.g.log.RequestLoggingFilter - event=request_completed method=GET uri=/actuator/prometheus status=200 durationMs=41
2026-06-09 12:17:56 [INFO][module01-actuator] [http-nio-8080-exec-11] traceId=30f5da31-4fb7-4a2d-a893-6c7963f5760e c.w.a.g.log.RequestLoggingFilter - event=request_started method=GET uri=/actuator/prometheus
2026-06-09 12:17:56 [INFO][module01-actuator] [http-nio-8080-exec-11] traceId=30f5da31-4fb7-4a2d-a893-6c7963f5760e c.w.a.g.log.RequestLoggingFilter - event=request_completed method=GET uri=/actuator/prometheus status=200 durationMs=35
2026-06-09 12:18:01 [INFO][module01-actuator] [http-nio-8080-exec-3] traceId=bdb3e55d-2ce9-4a62-8e98-c25b6f87c1d0 c.w.a.g.log.RequestLoggingFilter - event=request_started method=GET uri=/actuator/prometheus
2026-06-09 12:18:01 [INFO][module01-actuator] [http-nio-8080-exec-3] traceId=bdb3e55d-2ce9-4a62-8e98-c25b6f87c1d0 c.w.a.g.log.RequestLoggingFilter - event=request_completed method=GET uri=/actuator/prometheus status=200 durationMs=107
2026-06-09 12:18:06 [INFO][module01-actuator] [http-nio-8080-exec-10] traceId=49aa46b6-f4a5-4da0-893b-c4d119bae312 c.w.a.g.log.RequestLoggingFilter - event=request_started method=GET uri=/actuator/prometheus
2026-06-09 12:18:06 [INFO][module01-actuator] [http-nio-8080-exec-10] traceId=49aa46b6-f4a5-4da0-893b-c4d119bae312 c.w.a.g.log.RequestLoggingFilter - event=request_completed method=GET uri=/actuator/prometheus status=200 durationMs=45
2026-06-09 12:18:11 [INFO][module01-actuator] [http-nio-8080-exec-9] traceId=c08a1466-2b22-4003-966b-d3e77cc3a46e c.w.a.g.log.RequestLoggingFilter - event=request_started method=GET uri=/actuator/prometheus
2026-06-09 12:18:11 [INFO][module01-actuator] [http-nio-8080-exec-9] traceId=c08a1466-2b22-4003-966b-d3e77cc3a46e c.w.a.g.log.RequestLoggingFilter - event=request_completed method=GET uri=/actuator/prometheus status=200 durationMs=45
2026-06-09 12:18:16 [INFO][module01-actuator] [http-nio-8080-exec-1] traceId=819a4ba0-a3c5-4aa9-aae1-65820f5b8f8f c.w.a.g.log.RequestLoggingFilter - event=request_started method=GET uri=/actuator/prometheus
2026-06-09 12:18:16 [INFO][module01-actuator] [http-nio-8080-exec-1] traceId=819a4ba0-a3c5-4aa9-aae1-65820f5b8f8f c.w.a.g.log.RequestLoggingFilter - event=request_completed method=GET uri=/actuator/prometheus status=200 durationMs=55
2026-06-09 12:18:21 [INFO][module01-actuator] [http-nio-8080-exec-7] traceId=1a1f7062-69ed-4b03-b6a9-4e8b6ad53038 c.w.a.g.log.RequestLoggingFilter - event=request_started method=GET uri=/actuator/prometheus
2026-06-09 12:18:21 [INFO][module01-actuator] [http-nio-8080-exec-7] traceId=1a1f7062-69ed-4b03-b6a9-4e8b6ad53038 c.w.a.g.log.RequestLoggingFilter - event=request_completed method=GET uri=/actuator/prometheus status=200 durationMs=54
2026-06-09 12:18:26 [INFO][module01-actuator] [http-nio-8080-exec-2] traceId=f5bad9c9-0ca5-4463-ba76-d616617c9559 c.w.a.g.log.RequestLoggingFilter - event=request_started method=GET uri=/actuator/prometheus
2026-06-09 12:18:26 [INFO][module01-actuator] [http-nio-8080-exec-2] traceId=f5bad9c9-0ca5-4463-ba76-d616617c9559 c.w.a.g.log.RequestLoggingFilter - event=request_completed method=GET uri=/actuator/prometheus status=200 durationMs=56
2026-06-09 12:18:31 [INFO][module01-actuator] [http-nio-8080-exec-4] traceId=163454c8-45de-45e4-b1ff-fb7d18a1b161 c.w.a.g.log.RequestLoggingFilter - event=request_started method=GET uri=/actuator/prometheus
2026-06-09 12:18:31 [INFO][module01-actuator] [http-nio-8080-exec-4] traceId=163454c8-45de-45e4-b1ff-fb7d18a1b161 c.w.a.g.log.RequestLoggingFilter - event=request_completed method=GET uri=/actuator/prometheus status=200 durationMs=61
2026-06-09 12:18:36 [INFO][module01-actuator] [http-nio-8080-exec-12] traceId=13946c0f-bb10-4acf-8ef5-1926d3f05ae6 c.w.a.g.log.RequestLoggingFilter - event=request_started method=GET uri=/actuator/prometheus
2026-06-09 12:18:36 [INFO][module01-actuator] [http-nio-8080-exec-12] traceId=13946c0f-bb10-4acf-8ef5-1926d3f05ae6 c.w.a.g.log.RequestLoggingFilter - event=request_completed method=GET uri=/actuator/prometheus status=200 durationMs=49
2026-06-09 12:18:41 [INFO][module01-actuator] [http-nio-8080-exec-5] traceId=5cd2729a-0f24-46f9-816f-7fad74811307 c.w.a.g.log.RequestLoggingFilter - event=request_started method=GET uri=/actuator/prometheus
2026-06-09 12:18:41 [INFO][module01-actuator] [http-nio-8080-exec-5] traceId=5cd2729a-0f24-46f9-816f-7fad74811307 c.w.a.g.log.RequestLoggingFilter - event=request_completed method=GET uri=/actuator/prometheus status=200 durationMs=50
2026-06-09 12:18:46 [INFO][module01-actuator] [http-nio-8080-exec-8] traceId=28452fe0-2eab-478e-a09e-bac1785dab90 c.w.a.g.log.RequestLoggingFilter - event=request_started method=GET uri=/actuator/prometheus
2026-06-09 12:18:46 [INFO][module01-actuator] [http-nio-8080-exec-8] traceId=28452fe0-2eab-478e-a09e-bac1785dab90 c.w.a.g.log.RequestLoggingFilter - event=request_completed method=GET uri=/actuator/prometheus status=200 durationMs=59
2026-06-09 12:18:51 [INFO][module01-actuator] [http-nio-8080-exec-6] traceId=43fcf416-87b5-4230-b78b-e377f6550188 c.w.a.g.log.RequestLoggingFilter - event=request_started method=GET uri=/actuator/prometheus
2026-06-09 12:18:51 [INFO][module01-actuator] [http-nio-8080-exec-6] traceId=43fcf416-87b5-4230-b78b-e377f6550188 c.w.a.g.log.RequestLoggingFilter - event=request_completed method=GET uri=/actuator/prometheus status=200 durationMs=44
2026-06-09 12:18:56 [INFO][module01-actuator] [http-nio-8080-exec-11] traceId=20cd0c4d-8b9c-43b4-ad7e-f32d82748166 c.w.a.g.log.RequestLoggingFilter - event=request_started method=GET uri=/actuator/prometheus
2026-06-09 12:18:56 [INFO][module01-actuator] [http-nio-8080-exec-11] traceId=20cd0c4d-8b9c-43b4-ad7e-f32d82748166 c.w.a.g.log.RequestLoggingFilter - event=request_completed method=GET uri=/actuator/prometheus status=200 durationMs=33
2026-06-09 12:19:01 [INFO][module01-actuator] [http-nio-8080-exec-3] traceId=d7b92f0a-0196-46b4-9ff5-8de84839d5e6 c.w.a.g.log.RequestLoggingFilter - event=request_started method=GET uri=/actuator/prometheus
2026-06-09 12:19:01 [INFO][module01-actuator] [http-nio-8080-exec-3] traceId=d7b92f0a-0196-46b4-9ff5-8de84839d5e6 c.w.a.g.log.RequestLoggingFilter - event=request_completed method=GET uri=/actuator/prometheus status=200 durationMs=73
2026-06-09 13:07:34 [INFO][module01-actuator] [SpringApplicationShutdownHook] traceId= o.s.b.w.e.tomcat.GracefulShutdown - Commencing graceful shutdown. Waiting for active requests to complete
2026-06-09 13:07:34 [INFO][module01-actuator] [tomcat-shutdown] traceId= o.s.b.w.e.tomcat.GracefulShutdown - Graceful shutdown complete
2026-06-09 13:07:34 [INFO][module01-actuator] [SpringApplicationShutdownHook] traceId= o.s.o.j.LocalContainerEntityManagerFactoryBean - Closing JPA EntityManagerFactory for persistence unit 'default'
2026-06-09 13:07:34 [INFO][module01-actuator] [SpringApplicationShutdownHook] traceId= com.zaxxer.hikari.HikariDataSource - HikariPool-1 - Shutdown initiated...
2026-06-09 13:07:34 [INFO][module01-actuator] [SpringApplicationShutdownHook] traceId= com.zaxxer.hikari.HikariDataSource - HikariPool-1 - Shutdown completed.
